Store,Subitems,Invoice Sent?,Deal Value,Expected Collection Date,Actual Collection Date,Delayed Collection?,Opportunity Connected,Project Number,Billing Contact,Billing Email,Billing Address,Billing Mechanic,Billing Type,Customer Name,Contract Start Date,Contract End Date,*Company,Duplicate Checker,Collection Status,Duplicate,Lead,Region,Work Strand,Start Date,End Date,Sales Email,Actual Deal Value,Days to Collection,Date Sent,💵 Opportunities,Invoice Number,Files,Creation Log,Finance Email,Invoice Value,link to Renewals
Social Media Managed Service - All,,,,2023-01-05,,,,,,,,,,,,,,,,,,,,,,,,,,,,,2022-12-06 17:17:30 UTC,,,
Norfolk and Waverney  - DJP Enhanced provision,,,,2023-01-05,,,,,,,,,,,,,,,,,,,,,,,,,,,,,2022-12-06 17:17:31 UTC,,,
Lancs and South Cumbria - Workforce Retention 4.0,,,,2023-01-05,,,,,,,,,,,,,,,,,,,,,,,,,,,,,2022-12-06 17:17:32 UTC,,,
Midlands - Website Review and Tactical Support,,,,2023-01-05,,,,,,,,,,,,,,,,,,,,,,,,,,,,,2022-12-06 17:29:31 UTC,,,
NCL - Strategic contract,,,,2023-01-05,,,,,,,,,,,,,,,,,,,,,,,,,,,,,2022-12-06 17:29:31 UTC,,,
Norfolk and Waverney  - DJP Enhanced provision,,,,2023-01-05,,,,,,,,,,,,,,,,,,,,,,,,,,,,,2022-12-06 17:33:31 UTC,,,
ELC Digital calculator tool,,,,2023-10-19,,,,,,,,,,,,,,,,,,,,,,,,,,,,,2023-09-19 08:35:02 UTC,,3300,
Greater Manchester Digital Champions gcloud 2nd phase,,,,2024-06-01,,,,,,,,Invoice,,,,,,,,,,,,,,,,,,,,,2024-05-02 09:48:17 UTC,,60000,
NHS NW Leadership Academy Publication,,,,2024-08-23,,,,,,,,,,,,,,,,,,,,,,,,,,,,,2024-07-24 14:53:57 UTC,,2100,
Hyndburn Central PCN,,,,2024-08-28,,,,,,,"Hyndburn Central PCN
PALS Primary Healthcare Centre
Accrington
Lancashire
BB5 2EJ",DD,Quarterly,Ruby Ali,2024-07-29,2025-07-29,,,,,,,,2024-07-29,2025-07-29,,,,,,,,2024-07-29 13:02:34 UTC,,120,
Essex County Council Framework,,,,2024-09-19,,,,,,,,,,,,,,,,,,,,,,,,,,,,,2024-08-20 14:17:59 UTC,,0,
365 & Teams CPD course,,,,2024-11-15,,,,,,,,Paid online,,,,,,,,,,,,,,,,,,,,,2024-10-16 08:13:20 UTC,,45.95,
NCL Lloyd George Oct-March 2024,,,,2024-12-20,,,,,,,,Invoice,Annual,,,,,,,,,,,,,,,,,,,,2024-11-20 10:41:09 UTC,,39000,
SWL Website Review/Development,,,,2025-01-05,,,,,,,,,,,,,,,,,,,,,,,,,,,,,2024-12-06 08:49:38 UTC,,39000,
Cisco Practice POC Phase 2,,,,2025-03-05,,,,,,,,,,,,,,,,,,,,,,,,,,,,,2025-02-03 08:52:44 UTC,,4110,
Summarising training scotland,,,,2025-04-16,,,,,,,"The Glen Medical Practice
Central Health Centre
North Carbrain Road
Cumbernauld
G67 1BJ",Invoice,One off,Lyne,,,,,,,,,,,,,,,,,,,2025-03-17 14:23:32 UTC,,399.8,
NCL Renewal yr 2 Gcloud,,,,2025-04-17,,,,,,,,,,,,,,,,,,,,,,,,,,,,,2025-03-18 11:24:36 UTC,,117000,
Bidford Health Centre,,,,2025-05-02,,,,,,,,,,,,,,,,,,,,,,,,,,,,,2025-04-02 12:12:26 UTC,,750,
The London Pharma Clinic_Sukhi Basra,,,,2025-05-30,,,,,,,,,,,,,,,,,,,,,,,,,,,,,2025-04-30 14:22:26 UTC,,225,
Second Y1 payment Norfolk and Waveney ICB,,,,2025-07-10,,,,,,,,Invoice,Annual,,2025-06-27,2026-03-27,,,,,,,,2025-06-27,2026-03-27,,,,,,,,2025-06-10 11:48:49 UTC,,17462.25,
Stamford Hill Group Practice Branding,,,,2025-07-12,,,,,,,,,,,,,,,,,,,,,,,,,,,,,2025-06-12 11:10:28 UTC,,350,
NHS NW Leadership Academy Publication,,,,2025-07-19,,,,,,,,,,,,,,,,,,,,,,,,,,,,,2025-06-19 09:45:27 UTC,,2100,
Hertfordshire - Just Talk Y2,,,,2025-08-16,,,,,,,,Invoice,One off,Kennedy Taylor,2025-10-31,2026-10-30,,,,,,,,2025-10-31,2026-10-30,,,,,,,,2025-07-17 09:41:15 UTC,,27500,
Hertfordshire SMoking campaign,,,,2025-09-04,,,,,,,,,,,,,,,,,,,,,,,,,,,,,2025-08-05 08:52:22 UTC,,10000,
OneAdvanced Scotland,,,,2025-09-26,,,,,,,,,,,,,,,,,,,,,,,,,,,,,2025-08-27 08:38:38 UTC,,1172600,
Salus Medical Services Limited,,,,2025-11-23,,,,,,,,,,,,,,,,,,,,,,,,,,,,,2025-10-24 00:23:06 UTC,,250,
eConsult (Newcastle pilot),,,,2025-11-30,,,,,,,,,,,,,,,,,,,,,,,,,,,,,2025-10-31 09:35:05 UTC,,20000,
Churchmere Medical Group,,,,2025-12-20,,,,,,,,,,,,,,,,,,,,,,,,,,,,,2025-11-20 06:49:33 UTC,,220,
WALKLEY HOUSE STANNINGTON M.C,,,,2025-12-25,,,,,,,"Walkley House & Stannington Medical Centre
23 Greenhow Street
Sheffield South Yorkshire S6 3TN",DD,Monthly,Lynn Rogers,2026-05-31,2027-05-31,,,,,,,,2026-05-31,2027-05-31,,,,,,,,2025-11-25 12:35:44 UTC,,480,
Valley Medical Centre,,,,2025-12-26,,,,,,,"Stocksbridge Medical Group (Valley Medical Centre)
Johnson Street, Stocksbridge
Sheffield South Yorkshire S36 1BX",DD,Monthly,Lauren Wainwright,2026-05-29,2027-05-28,,,,,,,,2026-05-29,2027-05-28,,,,,,,,2025-11-26 11:26:46 UTC,,480,
COCO PCN,,,,2025-12-28,,,,,,,"Coco PCN
STepgates
Chertsey surrey KT168hz",Invoice,Annual,Melissa Shiel,2026-05-22,2027-05-22,,,,,,,,2026-05-22,2027-05-22,,,,,,,,2025-11-28 11:37:36 UTC,,499,
St. John's Group Practice,,,,2026-01-07,,,,,,,"St Johns Group Practice
Greenfield Lane Balby
Doncaster South Yorkshire DN4 0TH",DD,Monthly,Paige Holmes,2026-05-29,2027-05-31,,,,,,,,2026-05-29,2027-05-31,,,,,,,,2025-12-08 12:53:22 UTC,,480,
MEADOWGREEN HEALTH CENTRE,,,,2026-01-08,,,,,,,"Meadowgreen Health Centre
1 Dyche Close
Sheffield South Yorkshire S8 8DJ",DD,Monthly,Elaine Rissbrook,2026-05-31,2027-05-31,,,,,,,,2026-05-31,2027-05-31,,,,,,,,2025-12-09 12:24:27 UTC,,720,
WOODLAND DRIVE MEDICAL CENTRE,,,,2026-01-08,,,,,,,"Woodland Drive Medical Centre
Woodland Drive
Barnsley South Yorkshire S70 6QW",DD,Monthly,Ebi Solomon,2026-05-31,2027-05-31,,,,,,,,2026-05-31,2027-05-31,,,,,,,,2025-12-09 13:07:59 UTC,,480,
Woodseats Medical Centre,,,,2026-01-14,,,,,,,"Woodseats Medical Centre
The Roddick building
900 Chesterfield Road Sheffield S8 0SH",DD,Monthly,Maria Hadley-Howell,2026-05-29,2027-05-31,,,,,,,,2026-05-29,2027-05-31,,,,,,,,2025-12-15 10:21:41 UTC,,480,
PORTER BROOK MEDICAL CENTRE & SHU Health,,,,2026-01-14,,,,,,,"Porter Brook Medical Centre
Porter Brook Medical Centre
9 Sunderland Street South Yorkshire S11 8HN",DD,Monthly,Lisa Dale,2026-05-29,2027-05-31,,,,,,,,2026-05-29,2027-05-31,,,,,,,,2025-12-15 10:39:52 UTC,,1440,
OneAdvanced Scotland (Vision Delivery),,,,2026-01-23,,,,,,,,,,,,,,,,,,,,,,,,,,,,,2025-12-24 16:55:44 UTC,,933300,
OneAdvanced England Backlog,,,,2026-02-04,,,,,,,,,,,,,,,,,,,,,,,,,,,,,2026-01-05 12:00:29 UTC,,10000,
Sheffield University Health Service,,,,2026-02-04,,,,,,,"PO Number:

4501446352

University of Sheffield, University Health Service
53 Gell Street
Sheffield South Yorkshire S3 7QP",Invoice,Annual,Hayley E Martin,2026-05-31,2027-05-31,,,,,,,,2026-05-31,2027-05-31,,,,,,,,2026-01-05 12:49:24 UTC,,440,
The Scott Practice,,,,2026-02-04,,,,,,,"The Scott Practice
Greenfield Lane
Doncaster South Yorkshire DN4 0TG",DD,Monthly,Rose Fells,2026-05-29,2027-05-28,,,,,,,,2026-05-29,2027-05-28,,,,,,,,2026-01-05 14:04:57 UTC,,480,
Carrfield Medical Centre,,,,2026-02-27,,,,,,,"Carrfield Medical Centre, 
Carrfield Street,
Sheffield, 
South Yorkshire, 
S89SG",DD,Monthly,Sandra Taylor,2026-05-29,2027-05-28,,,,,,,,2026-05-29,2027-05-28,,,,,,,,2026-01-28 10:22:59 UTC,,480,
Penistone Group Practice,,,,2026-03-11,,,,,,,"Penistone Group Practice
19 High St. Penistone
Barnsley South Yorkshire S36 6BR",DD,Monthly,Donna Parker,2026-05-29,2027-05-28,,,,,,,,2026-05-29,2027-05-28,,,,,,,,2026-02-09 12:27:11 UTC,,480,
OneAdvanced N Ireland (Docman Delivery),,,,2026-03-20,,,,,,,,,,,,,,,,,,,,,,,,,,,,,2026-02-18 13:49:09 UTC,,542246,
Herts Health Check Resources,,,,2026-03-27,,,,,,,,,,,,,,,,,,,,,,,,,,,,,2026-02-25 11:07:47 UTC,,5000,
Hertfordshire - Smoke Free Camaign Part 2,,,,2026-03-27,,,,,,,,,,,,,,,,,,,,,,,,,,,,,2026-02-25 14:33:44 UTC,,5000,
Falcon Rd Medical Centre - Practice Branding,,,,2026-04-12,,,,,,,,,,,,,,,,,,,,,,,,,,,,,2026-03-13 14:20:47 UTC,,350,
North West Leadership - Animations,,,,2026-04-18,,,,,,,,,,,,,,,,,,,,,,,,,,,,,2026-03-19 09:48:33 UTC,,1800,
Doncaster NW PCN - BHF Bid,,,,2026-04-18,,,,,,,,,,,,,,,,,,,,,,,,,,,,,2026-03-19 10:39:51 UTC,,75000,
Herts Smoke Free -  Part 2,,,,2026-04-25,,,,,,,,,,,,,,,,,,,,,,,,,,,,,2026-03-26 14:11:14 UTC,,14000,
SHIREGREEN MEDICAL CENTRE,,,,2026-04-30,,,,,,,"Shiregreen Medical Centre
492 Bellhouse Rd
Shiregreen, 
South Yorkshire, 
S5 0RG.",DD,Monthly,Rachel Crossley,2026-06-01,2027-06-01,,,,,,,,2026-06-01,2027-06-01,,,,,,,,2026-03-31 10:26:16 UTC,,600,
Priory Fields Surgery,,,,2026-05-24,,,,,,,,DD,Monthly,,,,,,,,,,,,,,,,,,,,2026-04-24 13:31:29 UTC,,24000,
Merrow Park Surgery,,,,2026-05-27,,,,,,,"Merrow Park Surgery,
Kingfisher Drive,
Merrow,
Guildford,
Surrey,
GU4 7EP",DD,Monthly,Shalini Barnard,2026-06-01,2027-06-01,,,,,,,,2026-06-01,2027-06-01,,,,,,,,2026-04-27 16:37:51 UTC,,18000,
Greystone MC,,,,2026-05-31,,,,,,,"33 Greystones Road
Sheffield S Yorks S11 7BJ",Invoice,Annual,Greystones Medical Centre,,,,,,,,,,,,,,,,,,,2026-05-01 15:37:12 UTC,,750,
Excel Primary Care,,,,2026-06-04,,,,,,,"Birleywood Health Centre
Birleywood Skelmersdale WN8 9BW",Invoice,Annual,Excel Primary Care,,,,,,,,,,,,,,,,,,,2026-05-05 08:43:53 UTC,,600,
Queenswood Medical Practice,,,,2026-06-04,,,,,,,,DD,Monthly,,,,,,,,,,,,,,,,,,,,2026-05-05 13:43:20 UTC,,30000,
Boroughbury Medical Centre,,,,2026-06-06,,,,,,,"Craig Street
Peterborough Cambs PE1 2EJ",DD,Monthly,Boroughbury Medical Centr,,,,,,,,,,,,,,,,,,,2026-05-07 11:03:36 UTC,,1440,
KINGSWELL SURGERY PMS PRACTICE,,,,2026-06-06,,,,,,,"40 Shrewsbury Road
Penistone South Yorkshire S36 6DY",Invoice,Annual,Jo Swift,2026-05-29,2027-05-28,,,,,,,,2026-05-29,2027-05-28,,,,,,,,2026-05-07 11:20:11 UTC,,480,
Queenswood Medical Practice,,,,2026-06-06,,,,,,,"Queenswood Medical Practice
151 Park Road
London
N8 8JD",DD,Monthly,Shannon Hanbury,2026-05-11,2027-05-11,,,,,,,,2026-05-11,2027-05-11,,,,,,,,2026-05-07 17:02:11 UTC,,30000,
Falkland House Surgery,,,,2026-06-07,,,,,,,"2a,  Falkland Road Yorkshire S11 7P",Invoice,Annual,Falkland House Surgery,,,,,,,,,,,,,,,,,,,2026-05-08 11:48:50 UTC,,600,
OneAdvanced PATCHS training PILOT,,,,2026-06-07,,,,,,,,,,,,,,,,,,,,,,,,,,,,,2026-05-08 13:33:05 UTC,,6194,
South & Central Knowsley DMS 6 mths,,Invoice Sent,,2023-11-30,,,,FY24/0099,,,,,,,,,,,,,,,,,,,,,2023-11-10,,860,https://redmoor-health-company.monday.com/protected_static/13214200/resources/22696605/Invoice%20INV-0860.pdf,2023-10-31 14:42:29 UTC,,10500,
Western Dales PCN,,Invoice Sent,,2023-12-06,,,,FY24/0101,,,,,,,,,,,,,,,,,,,,,2023-11-10,,862,https://redmoor-health-company.monday.com/protected_static/13214200/resources/22718795/Invoice%20INV-0862.pdf,2023-11-06 16:50:30 UTC,,2000,
Greater Manchester Digital Champions,,Invoice Sent,,2024-02-01,,,,FY24/0115,,,,,,,,,,,,,,,,,,,,,2024-01-15,,0945,https://redmoor-health-company.monday.com/protected_static/13214200/resources/29589986/Invoice%20INV-0945.pdf,2024-01-02 09:37:30 UTC,,30000,
Wigan Borough Federated Healthcare (Wigan Central & North PCNs) DMS,,Invoice Sent,,2024-01-27,,,,FY24/0119,,,,,,,,,,,,,,,,,,,,,2024-01-23,,0957,https://redmoor-health-company.monday.com/protected_static/13214200/resources/30880054/Invoice%20INV-0957.pdf,2023-12-28 11:28:58 UTC,,54168,
Conexus year end document,,Invoice Sent,,2024-02-03,,,,FY24/0122,,,,,,,,,,,,,,,,,,,,,2024-01-26,,0962,https://redmoor-health-company.monday.com/protected_static/13214200/resources/31395193/Invoice%20INV-0962.pdf,2024-01-04 16:27:39 UTC,,1250,
SMMS The Saddlers Health Centre,,Invoice Sent,,2024-02-20,,,,FY24/0123,,,,,,,,,,,,,,,,,,,,,2024-01-26,,0963,https://redmoor-health-company.monday.com/protected_static/13214200/resources/31397838/Invoice%20INV-0963.pdf,2024-01-21 12:28:09 UTC,,499,
Sunderland Health and Wellness Hub,,Invoice Sent,,2024-02-25,,,,FY24/0128,,,,,,,,,,,,,,,,,,,,,2024-01-31,,973,"https://redmoor-health-company.monday.com/protected_static/13214200/resources/32033295/Invoice%20INV-0973.pdf, https://redmoor-health-company.monday.com/protected_static/13214200/resources/32036049/Invoice%20INV-0973.pdf",2024-01-26 11:47:12 UTC,,999,
Falkland Surgery,,Invoice Sent,,2024-03-07,,,,FY24/0130,,,,,,,,,,,,,,,,,,,,,2024-02-12,,0998,https://redmoor-health-company.monday.com/protected_static/13214200/resources/33724360/Invoice%20INV-0998.pdf,2024-02-06 10:11:30 UTC,,499,
Breast Screening animation edit,,Invoice Sent,,2024-03-07,,,,FY24/0131,,,,,,,,,,,,,,,,,,,,,2024-02-12,,999,https://redmoor-health-company.monday.com/protected_static/13214200/resources/33727853/Invoice%20INV-0999.pdf,2024-02-06 09:20:50 UTC,,150,
The Swan Medical Centre,,Invoice Sent,,2024-03-30,,,,FY24/0136,,,,,,,,,,,,,,,,,,,,,2024-03-01,,1021,https://redmoor-health-company.monday.com/protected_static/13214200/resources/36607364/Invoice%20INV-1021.pdf,2024-02-29 13:19:23 UTC,,960,
GP Health Partners Ltd,,Invoice Sent,,2024-03-29,,,,FY24/0137,,,,,,,,,,,,,,,,2023-02-01,2024-01-31,,,,2024-03-01,,1035,https://redmoor-health-company.monday.com/protected_static/13214200/resources/36608561/Invoice%20INV-1035.pdf,2024-02-28 16:18:53 UTC,,499,
Staying Well extension - staffs year 3,,Invoice Sent,,2024-03-06,,,,,,,,,,,,,,,,,,,,,,,,,2024-03-13,,1052,,2024-02-05 16:14:31 UTC,,49000,
Fowey River Practice,,Invoice Sent,,2024-04-04,,,,,,,,,,,,,,,,,,,,2023-03-01,2024-02-28,,,,2024-03-13,,1047,,2024-03-05 14:18:26 UTC,,480,
The Muswell Hill Practice,,Invoice Sent,,2024-04-11,,,,,,,,,,,,,,,,,,,,,,,,,,,1054,,2024-03-12 15:08:08 UTC,,480,
Killick Street Health Centre,,Invoice Sent,,2024-04-04,,,,,,,,,,,,,,,,,,,,,,,,,,,,,2024-03-05 16:51:01 UTC,,720,
Chalfont Surgery & Ordnance Unity Centre for Health,,Invoice Sent,,2024-04-05,,,,,,,,,,,,,,,,,,,,,,,,,,,,,2024-03-06 10:57:01 UTC,,960,
Epsom PCN,,Invoice Sent,,2024-04-04,,,,,,,,,,,,,,,,,,,,2023-04-01,2024-03-31,,,,,,0,,2024-03-05 12:58:15 UTC,,720,
Longrove Surgery,,Invoice Sent,,2024-04-04,,,,,,,,,,,,,,,,,,,,,,,,,,,1048,,2024-03-05 16:09:22 UTC,,480,
SBRI Net Zero,,Invoice Sent,,2024-03-03,,,,,,,,,,,,,,,,,,,,,,,,,,,1042,,2024-02-02 07:02:05 UTC,,85000,
North Preston Medical Practice,,Invoice Sent,,2024-04-07,,,,,,,,,,,,,,,,,,,,,,,,,,,1055,,2024-03-08 12:04:13 UTC,,349,
Cranleigh Medical Practice,,Invoice Sent,,2024-04-05,,,,,,,,,,,,,,,,,,,,,,,,,2024-03-19,,1060,,2024-03-06 11:42:26 UTC,,480,
Bridgend Group Practice - Wales,,Invoice Sent,,2024-04-13,,,,,,,,,,,,,,,,,,,,,,,,,2024-03-19,,0,,2024-03-14 12:38:27 UTC,,900,
NHS SE Region PMO & Support Renewal,,Invoice Sent,,2024-04-17,,,,,,,,,,,,,,,,,,,,,,,,,2024-03-18,,1058,,2024-03-18 14:03:29 UTC,,308000,
SWL renewal 2024,,Invoice Sent,,2024-04-25,,,,,,,,,,,,,,,,,,,,,,,,,,,1064,,2024-03-26 07:22:31 UTC,,80000,
GPS Healthcare,,Invoice Sent,,2024-03-27,,,,,,,,,,,,,,,,,,,,,,,,,,,1067,,2024-02-26 12:28:54 UTC,,9000,
GPS Healthcare,,Invoice Sent,,2024-04-03,,,,,,,,,,,,,,,,,,,,,,,,,,,,,2024-03-04 13:28:57 UTC,,9000,
South Yorkshire Digital Support,,Invoice Sent,,2024-04-24,,,,,,,,,,,,,,,,,,,,,,,,,,,1062,,2024-03-25 11:06:00 UTC,,130000,
Chobham & West End Medical Practice,,Invoice Sent,,2024-04-04,,,,,,,,,,,,,,,,,,,,2023-04-01,2024-03-31,,,,,,1045,,2024-03-05 14:11:42 UTC,,499,
Jai Medical,,Invoice Sent,,2024-04-26,,,,,,,,,,,,,,,,,,,,2023-04-01,2024-03-31,,,,,,1072,,2024-03-27 14:54:35 UTC,,720,
The Fort House Surgery,,Invoice Sent,,2024-05-02,,,,,,,,,,,,,,,,,,,,2023-03-01,2024-02-28,,,,,,1105,,2024-04-02 10:46:40 UTC,,499,
Wakefield North PCN SMMS,,Invoice Sent,,2024-04-14,,,,,,,,,,,,,,,,,,,,,,,,,,,1075,,2024-03-15 16:12:51 UTC,,3821,
The Grove Medical Centre,,Invoice Sent,,2024-04-19,,,,,,,,,,,,,,,,,,,,2023-03-16,2024-03-15,,,,,,1073,,2024-03-20 09:13:45 UTC,,499,
Leatherhead PCN,,Invoice Sent,,2024-04-26,,,,,,,,,,,,,,,,,,,,2023-03-01,2024-02-28,,,,,,1071,,2024-03-27 14:37:54 UTC,,499,
Bounds Green Medical Practice,,Invoice Sent,,2024-04-25,,,,,,,,,,,,,,,,,,,,,,,,,,,,,2024-03-26 15:22:55 UTC,,480,
Haughton Thornley Medical Centres,,Invoice Sent,,2024-04-13,,,,,,,,,,,,,,,,,,,,2023-03-21,2024-03-20,,,,,,1106,,2024-03-14 18:32:22 UTC,,749,
Brockwood Medical Practice,,Invoice Sent,,2024-04-26,,,,,,,,,,,,,,,,,,,,2023-04-01,2024-03-31,,,,,,0,,2024-03-27 14:25:52 UTC,,480,
Market Street Medical Practice,,Invoice Sent,,2024-05-02,,,,,,,,,,,,,,,,,,,,,,,,,,,0,,2024-04-02 20:51:23 UTC,,480,
Salisbury Walk In Centre & Avon Valley Practice,,Invoice Sent,,2024-04-26,,,,,,,,,,,,,,,,,,,,2023-03-16,2024-02-28,,,,,,0,,2024-03-27 14:23:15 UTC,,960,
Enfield South West PCN - DJP,,Invoice Sent,,2024-05-10,,,,,,,"1 Woodberry Avenue
London
N21 3LE",Invoice,Annual,Enfield South West PCN FAO Tracey Jenkins,2024-04-01,2025-03-31,,,,,,,,2024-04-01,2025-03-31,,,,,,1120,,2024-04-10 08:51:25 UTC,,4160,
Lancs & SC ICS - consultancy renew or digital care sector,,Invoice Sent,,2024-05-15,,,,,,,,Invoice,,,,,,,,,,,,,,,,,,,1122,,2024-04-15 08:52:24 UTC,,147751,
Lancs & SC ICS consultancy renewal of digital care sector - SME advice,,Invoice Sent,,2024-05-15,,,,,,,,Invoice,,,,,,,,,,,,,,,,,,,1123,,2024-04-15 08:52:25 UTC,,16692,
COCO PCN,,Invoice Sent,,2024-05-09,,,,,,,,,,,,,,,,,,,,2023-05-22,2024-05-22,,,,,,1117,,2024-04-09 15:33:50 UTC,,499,
Coventry & Rugby GP Alliance ATP Practices,,Invoice Sent,,2024-05-02,,,,,,,,,,,,,,,,,,,,,,,,,,,1138,,2024-04-02 10:44:41 UTC,,2246,
Kintbury & Woolton Hill Surgery / PCN,,Invoice Sent,,2024-05-10,,,,,,,,,,,,,,,,,,,,2024-04-12,2024-07-11,,,,,,1139,,2024-04-10 07:56:33 UTC,,5500,
Jai Medical Centre Brent,,Invoice Sent,,2024-04-26,,,,,,,,,,,,,,,,,,,,,,,,,,,1104,,2024-03-27 16:43:52 UTC,,749,
North Camden PCN - DJP,,Invoice Sent,,2024-04-27,,,,,,,,,,,,,,,,,,,,,,,,,,,1074,,2024-03-28 16:46:20 UTC,,4400,
Skelmersdale PCN,,Invoice Sent,,2024-04-26,,,,,,,,,,,,,,,,,,,,2023-05-01,2024-04-30,,,,,,1141,,2024-03-27 15:01:14 UTC,,480,
Shiregreen Medical Centre and Melrose Surgery,,Invoice Sent,,2024-05-26,,,,,,,"492 Bellhouse Road
Shiregreen
Sheffield
S5 0RG",Invoice,Annual,Rachel Crossley,2024-04-26,2025-04-25,,,,,,,,2024-04-26,2025-04-25,,,,,,1140,,2024-04-26 13:43:11 UTC,,499,
Surrey Lodge Group Practice,,Invoice Sent,,2024-06-06,,,,,,,"11 Anson Road
Victoria Park
Manchester
M14 5BY",DD,Monthly,Kate Johnson,2024-05-01,2025-05-01,,,,,,,,2024-05-01,2025-05-01,,,,,,1179,,2024-05-07 07:38:10 UTC,,720,
South Rural PCN,,Invoice Sent,,2024-06-08,,,,,,,"The Health Centre
High Street,
Bildeston
Ipswich
Suffolk
IP7 7EX",Invoice,Annual,South Rural PCN,2024-05-03,2025-05-02,,,,,,,,2024-05-03,2025-05-02,,,,,,1186,,2024-05-09 08:15:42 UTC,,1347,
Havant & Waterlooville PCN,,Invoice Sent,,2024-06-06,,,,,,,,DD,Monthly,Havant and Waterlooville PCN,2024-05-07,2025-05-07,,,,,,,,2024-05-07,2025-05-07,,,,,,1185,,2024-05-07 14:23:34 UTC,,480,
Hayling Island & Emsworth PCN,,Invoice Sent,,2024-06-02,,,,,,,,DD,Monthly,Joanna Millmore,2024-05-03,2025-05-02,,,,,,,,2024-05-03,2025-05-02,,,,,,1187,,2024-05-03 10:46:18 UTC,,1440,
Brocklebank PCN,,Invoice Sent,,2024-06-01,,,,,,,"249 Garratt Lane, Wandsworth, London, SW18 4DU",DD,Monthly,Brocklebank PCN,,,,,,,,,,,,,,,,,1189,,2024-05-02 11:48:19 UTC,,1944,
NCL Lloyd George April- Sept 2024,,Invoice Sent,,2024-04-26,,,,,,,,,,,,,,,,,,,,,,,,,,,1190,,2024-03-27 07:39:27 UTC,,39000,
Beeston PCN,,Invoice Sent,,2024-05-25,,,,,,,"Leeds City Medical Practice
123 Cemetery Rd
Beeston
Leeds
LS11 8LH",DD,Monthly,Beeston PCN,2024-04-25,2025-04-25,,,,,,,,2024-04-25,2025-04-25,,,,,,1182,,2024-04-25 10:28:44 UTC,,480,
Leeds GP Confederation,,Invoice Sent,,2024-05-26,,,,,,,"Leeds GP Confederation
Building 3
White Rose Park
Millshaw Park Lane
Leeds
LS11 0DL",DD,Monthly,Freya Terry,2024-05-22,2025-05-22,,,,,,,,2024-05-22,2025-05-22,,,,,,0,,2024-04-26 09:49:12 UTC,,720,
The Woodberry Practice,,Invoice Sent,,2024-05-09,,,,,,,,,,,,,,,,,,,,2024-04-01,2025-04-01,,,,,,1183,,2024-04-09 12:30:21 UTC,,480,
MeddygfaTreflan Practice - Wales,,Invoice Sent,,2024-03-28,,,,,,,,,,,,,,,,,,,,,,,,,,,0,,2024-02-27 16:18:36 UTC,,499,
High Road Surgery,,Invoice Sent,,2024-06-02,,,,,,,"Dr S Wijeyekoon
Stuart Crescent Health Centre
8 Stuart Crescent
Wood Green
N225NJ
02088891115",DD,Monthly,Stuart Crescent Health Centre (High Road Surgery),2024-05-03,2025-05-02,,,,,,,,2024-05-03,2025-05-02,,,,,,1202,,2024-05-03 08:43:32 UTC,,720,
Victoria Road Surgery,,Invoice Sent,,2024-06-12,,,,,,,"50 Victoria Road, Worthing, West Sussex, BN11 1XE",DD,Monthly,Victoria Road Surgery,2024-05-13,2025-05-12,,,,,,,,2024-05-13,2025-05-12,,,,,,1205,,2024-05-13 13:07:29 UTC,,720,
Greater Manchester - CPD training,,Invoice Sent,,2024-06-12,,,,,,,,,,,,,,,,,,,,,,,,,,,1207,,2024-05-13 16:08:44 UTC,,5000,
Isles of Scilly & South Kerrier PCN,,Invoice Sent,,2024-06-28,,,,,,,"South Kerrier Primary Care Ltd
c/o Helston Medical Centre,Trelawny Road
Helston
Cornwall
TR13 8AU",DD,Monthly,South Kerrier Primary Care Ltd,2024-05-28,2025-05-28,,,,,,,,2024-05-28,2025-05-28,,,,,,,,2024-05-29 08:26:35 UTC,,2244,
The Ryan Medical Centre Boosted Facebook Campaign,,Invoice Sent,,2024-06-23,,,,,,,"The Ryan Medical Centre
St Marys Road
Bamber Bridge
Preston
PR5 6JD",Invoice,One off,Michael Finch,2024-05-24,2024-07-10,,,,,,,,2024-05-24,2024-07-10,,,,,,,,2024-05-24 10:12:42 UTC,,50,
Knowle Green Medical,,Invoice Sent,,2024-06-30,,,,,,,"Knowle Green Medical
Staines Health Centre, Burges Way
Staines Upon Thames
Middlesex
TW18 1XD",DD,Monthly,Catherine Sims,2024-05-31,2025-05-30,,,,,,,,2024-05-31,2025-05-30,,,,,,,,2024-05-31 10:25:18 UTC,,480,
South Rural PCN,,Invoice Sent,,2024-06-02,,,,,,,"The Health Centre
High Street,
Bildeston
Ipswich
Suffolk
IP7 7EX",DD,Monthly,South Rural PCN,2024-05-03,2025-05-02,,,,,,,,2024-05-03,2025-05-02,,,,,,0,,2024-05-03 11:52:43 UTC,,1344,
Hyndburn PCN - Pull-up Banner,,Invoice Sent,,2024-06-29,,,,,,,,Invoice,,,,,,,,,,,,,,,,,,,,,2024-05-30 10:29:39 UTC,,,
Hyndburn Health Child Imms Pull-up Banner,,Invoice Sent,,2024-07-10,,,,,,,,Invoice,,,,,,,,,,,,,,,,,,,,,2024-06-10 10:54:21 UTC,,,
Shakespeare Health Centre Boosted Campaign,,Invoice Sent,,2024-07-17,,,,,,,"Elers Road Clinic
1 Elers Road,
Hayes,
Hillingdon,
UB3 1NY",Invoice,One off,Jay Verma,2024-06-17,,,,,,,,,2024-06-17,,,,,,,,,2024-06-17 14:23:27 UTC,,200,
Shakespeare Health Centre,,Invoice Sent,,2024-07-17,,,,,,,"Elers Road Clinic
1 Elers Road,
Hayes,
Hillingdon,
UB3 1NY",DD,Monthly,Jay Verma,2024-06-17,2025-06-17,,,,,,,,2024-06-17,2025-06-17,,,,,,,,2024-06-17 14:23:28 UTC,,384,
Eason Pharmacy,,Invoice Sent,,2024-07-19,,,,,,,"Kilcrona Ltd, Trading as Easons Pharmacy
215a Watling Street
Tamworth
Staffordshire
B775BB",DD,Monthly,Kieran Eason,2024-06-17,2024-06-17,,,,,,,,2024-06-17,2024-06-17,,,,,,,,2024-06-19 11:49:23 UTC,,400,
Chapel Lane Surgery,,Invoice Sent,,2024-07-14,,,,,,,"13 Chapel Lane
Formby
Merseyside
L37 4DL",DD,Monthly,Dr Jackson & Partners,2024-06-13,2025-06-13,,,,,,,,2024-06-13,2025-06-13,,,,,,,,2024-06-14 06:58:03 UTC,,480,
Wandsworth Medical Centre,,Invoice Sent,,2024-07-20,,,,,,,"90-92 Garratt Lane
London
SW18 4DD",DD,Monthly,Wandsworth Medical Centre,2024-07-15,2025-07-15,,,,,,,,2024-07-15,2025-07-15,,,,,,,,2024-06-20 09:54:52 UTC,,480,
Howdale Surgery,,Invoice Sent,,2024-06-20,,,,,,,Same as usual ICB address,Invoice,Annual,Vicky Naylor,2024-03-29,2025-03-31,,,,,,,,2024-03-29,2025-03-31,,,,,,,,2024-05-21 15:31:24 UTC,,499,
Church Hill - Norfolk,,Invoice Sent,,2024-07-17,,,,,,,Same as ICB normal billing address,Invoice,Annual,Vicky Naylor,2024-06-17,2025-03-31,,,,,,,,2024-06-17,2025-03-31,,,,,,,,2024-06-17 14:37:38 UTC,,354,
The Caxton Surgery,,Invoice Sent,,2024-08-02,,,,,,,"The Caxton Surgery
Oswald Road
Oswestry
Shropshire
SY11 1RD",DD,Monthly,James Bradbury,2024-07-01,2025-07-01,,,,,,,,2024-07-01,2025-07-01,,,,,,1313,,2024-07-03 12:39:42 UTC,,480,
Hyndburn PCN - Health Checks - Pull-up Banner,,Invoice Sent,,2024-07-18,,,,,,,,,,,,,,,,,,,,,,,,,,,,,2024-06-18 07:50:15 UTC,,,
Ashley Centre Surgery,,Invoice Sent,,2024-08-01,,,,,,,"Ashley Centre Surgery
Windsor Court, Ashley Road
Epsom
Surrey
KT18 5AQ",DD,Monthly,Sally Bayliss,2024-07-01,2025-07-01,,,,,,,,2024-07-01,2025-07-01,,,,,,1311,,2024-07-02 13:29:04 UTC,,360,
DMI Birchwood Medical Practice D82059,,Invoice Sent,,2024-08-03,,,,,,,,Invoice,Annual,Wayne Catchpole,,,,,,,,,,,,,,,,,1312,,2024-07-04 07:07:41 UTC,,495,
PCN DMI Leicester City & University,,Invoice Sent,,2024-08-03,,,,,,,,Invoice,Annual,Seema Parbat,,,,,,,,,,,,,,,,,1318,,2024-07-04 07:45:11 UTC,,995,
Somerset Gardens Family Health Centre,,Invoice Sent,,2024-08-08,,,,,,,"somerset gardens family health care centre
4 crieghton road
tottenham
london
n17 8nw",DD,Monthly,Marion Lombardelli,2024-07-19,2025-07-18,,,,,,,,2024-07-19,2025-07-18,,,,,,1328,,2024-07-09 09:04:38 UTC,,480,
The Family Practice,,Invoice Sent,,2024-08-15,,,,,,,"The Family Practice
St John's Health Centre
Hermitage Road
Surrey
GU21 8TD",DD,Monthly,Jill Keen,2024-07-16,2025-07-16,,,,,,,,2024-07-16,2025-07-16,,,,,,1347,,2024-07-16 13:53:48 UTC,,480,
Rother Valley South PCN,,Invoice Sent,,2024-08-11,,,,,,,"Rother Valley South PCN Ltd
Dinnington Surgery
Dinnington
Sheffield
S25 2EZ",Invoice,Annual,Rother Valley South PCN Ltd,2024-08-01,2025-08-01,,,,,,,,2024-08-01,2025-08-01,,,,,,1346,,2024-07-12 11:15:09 UTC,,499,
Surrey Lodge on site summerising training,,Invoice Sent,,2024-08-08,,,,,,,,Invoice,One off,Kate Johnson,,,,,,,,,,,,,,,,,1331,,2024-07-09 14:13:50 UTC,,650,
Lambeth Digital Inclusion Tool - Hosting Jul 24-Jul 25,,Invoice Sent,,2024-08-07,,,,,,,,Invoice,Annual,,,,,,,,,,,,,,,,,,1324,,2024-07-08 11:09:51 UTC,,600,
CPD Office 365 and Teams,,Invoice Sent,,2024-08-16,,,,,,,"Shrewsbusry PCN, Morgan Place, Anchorage Avenue, Shewsbury, Choose County, SY2 6FG",Paid online,One off,Sarah Wilson,,,,,,,,,,,,,,,,,1319,,2024-07-17 13:10:46 UTC,,49.95,
CPD Basic Notes Summarisning Course,,Invoice Sent,,2024-08-16,,,,,,,"Doune Health Centre, Springbank Road, Doune, FK16 6DU",Paid online,One off,Mairi McGrandles,,,,,,,,,,,,,,,,,1348,,2024-07-17 12:37:42 UTC,,99.95,
Newport Pagnell Medical Centre,,Invoice Sent,,2024-08-16,,,,,,,"The Bridge PCN
Queens Avenue
Newport Pagnell
Buckinghamshire
MK16 8QT",DD,Monthly,Julie Damon,2024-07-08,2025-07-08,,,,,,,,2024-07-08,2025-07-08,,,,,,1350,,2024-07-17 12:20:53 UTC,,480,
Shakespeare Road Medical Practice,,Invoice Sent,,2024-08-16,,,,,,,,Invoice,Annual,,2024-07-31,2025-07-31,,,,,,,,2024-07-31,2025-07-31,,,,,,1349,,2024-07-17 11:12:39 UTC,,499,
Putneymead Medical Practice,,Invoice Sent,,2024-08-11,,,,,,,"Putneymead Group Medical Practice
266 Upper Richmond Road
Putney
London
SW15 6TQ",DD,Monthly,Putneymead Group Medical Practice,2024-07-11,2025-07-11,,,,,,,,2024-07-11,2025-07-11,,,,,,1304,,2024-07-12 11:22:07 UTC,,749,
Stenhouse Medical Centre,,Invoice Sent,,2024-08-17,,,,,,,"Stenhouse Medical Centre
66 Furlong Street
Arnold
Nottingham
NG5 7BP",Invoice,Annual,Melanie Yorke,2024-08-01,2025-08-01,,,,,,,,2024-08-01,2025-08-01,,,,,,1351,,2024-07-18 11:52:38 UTC,,499,
The Harlequin Surgery,,Invoice Sent,,2024-08-17,,,,,,,"Harlequin Surgery
160 Shard End
Birmingham
West Midlands
B34 7BP",Invoice,Annual,Manjit Nagra,2024-07-01,2025-07-01,,,,,,,,2024-07-01,2025-07-01,,,,,,1323,,2024-07-18 10:50:52 UTC,,499,
Brereton Surgery,,Invoice Sent,,2024-08-21,,,,,,,"Brereton Surgery
88 Main Road
Brereton Rugeley
Staffs
WS15 1DU",DD,Quarterly,Louise Pike,2024-07-19,2025-07-18,,,,,,,,2024-07-19,2025-07-18,,,,,,1356,,2024-07-22 08:52:43 UTC,,120,
Avanced Summarising Lanarkshire Practice Manager Rep/Coordinator,,Invoice Sent,,2024-08-10,,,,,,,"Strathcalder Practice, Alison Lea Medical Centre, East Kilbride, G74 3BE",Invoice,One off,Stephen Reid,,,,,,,,,,,,,,,,,1359,,2024-07-11 09:49:31 UTC,,499.75,
DMI Birchwood Medical Practice D82059,,Invoice Sent,,2024-07-28,,,,,,,,,,,,,,,,,,,,,,,,,,,0,,2024-06-28 10:53:23 UTC,,495,
Dr Malhotra & Partners,,Invoice Sent,,2024-08-23,,,,,,,"Pike View Medical centre
2-10 Albert street
Horwich
Greater Manchester
BL67AN",DD,Monthly,Sharon Worthington,2024-07-18,2025-07-18,,,,,,,,2024-07-18,2025-07-18,,,,,,1362,,2024-07-24 11:55:50 UTC,,720,
The Fairlands Practice,,Invoice Sent,,2024-08-23,,,,,,,"The Fairlands Practice
Fairlands Avenue, Worplesdon
Guildford
Surrey
GU3 3NA",DD,Monthly,Simplicio Benedic Taguba,2024-07-24,2025-07-24,,,,,,,,2024-07-24,2025-07-24,,,,,,1361,,2024-07-24 09:22:30 UTC,,480,
Together First CIC SMMS,,Invoice Sent,,2024-08-23,,,,,,,"Together First CIC
Laburnum Health Centre, Althorne Way
Dagenham
London
RM10 7DF",Invoice,Annual,Hetal Shaikh,2024-07-19,2025-07-18,,,,,,,,2024-07-19,2025-07-18,,,,,,1365,,2024-07-24 16:51:48 UTC,,16967,
Sunderland GP Alliance Boosted Campaign,,Invoice Sent,,2024-08-24,,,,,,,"Sunderland GP Alliance Ltd North East BIC
Enterprise Park East Wearfield
Sunderland
SR5 2TA",Invoice,One off,David Gunion,2024-07-25,2024-10-24,,,,,,,,2024-07-25,2024-10-24,,,,,,1363,,2024-07-25 09:02:57 UTC,,500,
Just Talk Hertfordshire Extension,,Invoice Sent,,2024-08-08,,,,,,,Same as normal one for Just Talk Herts we used already,Invoice,One off,Joanna Aves,2024-07-09,2024-11-29,,,,,,,,2024-07-09,2024-11-29,,,,,,1364,,2024-07-09 09:29:46 UTC,,5000,
Weeping Cross Health Centre,,Invoice Sent,,2024-08-29,,,,,,,"Weeping Cross Health Centre
Bodmin Avenue
Stafford
ST17 0EG",DD,Bi-monthly,Gareth Edwards,2024-07-29,2025-07-29,,,,,,,,2024-07-29,2025-07-29,,,,,,1374,,2024-07-30 12:47:53 UTC,,180,
Your Pharmacy,,Invoice Sent,,2024-08-29,,,,,,,"MEDICOMP UK LTD
51 HUMBERSTONE LANE
LEICESTER
LEICESTERSHIRE
LE4 8HJ",DD,Monthly,Akshay Patel,2024-07-29,2025-07-29,,,,,,,,2024-07-29,2025-07-29,,,,,,1372,,2024-07-30 12:42:16 UTC,,720,
Basic Noes Summarising,,Invoice Sent,,2024-08-29,,,,,,,"Treflan Surgery, Lower Cardiff Road, Pwlheli, Gwynedd, LL53 5NF",Paid online,One off,Tomos Jones,,,,,,,,,,,,,,,,,1373,,2024-07-30 09:08:31 UTC,,99.85,
SELGP Group,,Invoice Sent,,2024-08-31,,,,,,,"South & East Leeds General Practice Group
1st Floor, Park Edge Practice, Asket Drive
Leeds
West Yorkshire
LS14 1HX",DD,Monthly,Lee Johnson,2024-09-20,2025-09-19,,,,,,,,2024-09-20,2025-09-19,,,,,,1419,,2024-08-01 10:18:14 UTC,,480,
Epsom PCN,,Invoice Sent,,2024-08-30,,,,,,,"GP Health Partners Ltd (for Epsom PCN)
The Molebridge Practice, 148 -152 Kingston Road, Leatherhead, Surrey KT22 7PZ",Invoice,,Rachel Graville,2024-07-26,,,,,,,,,2024-07-26,,,,,,,1375,,2024-07-31 09:05:52 UTC,,445,
Teams Training sessions for Hillingdon,,Invoice Sent,,2024-09-07,,,,,,,"The Confederation,

Hillingdon CIC, Link 1A

Civic Centre High Street

Uxbridge UB8 1UW",Invoice,One off,Fionnuala O'Donnell,,,,,,,,,,,,,,,,,1417,,2024-08-08 14:27:09 UTC,,4000,
Hyndeburn A1 Event Posters X 8,,Invoice Sent,,2024-08-23,,,,,,,,,,,,,,,,,,,,,,,,,,,1391,,2024-07-24 14:52:13 UTC,,,
Merrow Park Surgery,,Invoice Sent,,2024-09-12,,,,,,,"Merrow Park Surgery
Kingfisher Drive
Guildford
Surrey
GU4 7EP",DD,Monthly,Shalini Barnard,2024-08-13,2025-08-13,,,,,,,,2024-08-13,2025-08-13,,,,,,0,,2024-08-13 10:26:30 UTC,,480,
Cornishway Group Practice,,Invoice Sent,,2024-09-13,,,,,,,"Cornishway Group Practice
Forumn Health
Manchester
Lancashire
M22 5RX",Invoice,Annual,Janice Langley,2024-09-13,2025-09-12,,,,,,,,2024-09-13,2025-09-12,,,,,,1431,,2024-08-14 12:45:32 UTC,,499,
Beckenham PCN,,Invoice Sent,,2024-09-12,,,,,,,"Beckenham Primary Care Network Ltd
257b Croydon Road
Beckenham
London
BR3 3PS",DD,Monthly,Franca Jeavons,2024-08-06,2025-08-06,,,,,,,,2024-08-06,2025-08-06,,,,,,,,2024-08-13 13:21:36 UTC,,480,
Knowle Green Medical,,Invoice Sent,,2024-10-03,,,,,,,"Knowle Green Medical
Staines Health Centre
Staines Upon Thames
Middlesex
TW18 1XD",DD,Bi-monthly,Catherine Sims,2024-09-03,2025-09-03,,,,,,,,2024-09-03,2025-09-03,,,,,,,,2024-09-03 14:35:46 UTC,,180,
Bosvena Health (Three Harbours & Bosvena PCN) (copy),,Invoice Sent,,2024-10-02,,,,,,,"Bosvena Health
Bosvena Health
Bodmin
Cornwall
PL31 2JJ",Invoice,Annual,Rebecca Harris,2025-10-31,2026-10-30,,,,,,,,2025-10-31,2026-10-30,,,,,,,,2024-09-02 15:27:28 UTC,,499,
North Riding Community Health Network PCN,,Invoice Sent,,2024-10-02,,,,,,,"North Riding Primary Care Network
Ampleforth and Hovingham Surgery
Back Lane
North Yorkshire
YO62 4EF",DD,Monthly,Helen Cheetham,2023-09-15,2024-09-14,,,,,,,,2023-09-15,2024-09-14,,,,,,,,2024-09-02 12:09:55 UTC,,1920,
Wansford Health Campus,,Invoice Sent,,2024-10-02,,,,,,,"Wansford and Kings Cliffe Practice
Yarwell Road
Yarwell Road
Cambridgesshire
PE8 6PL",DD,Quarterly,Annette Johnson,2024-09-02,2025-09-02,,,,,,,,2024-09-02,2025-09-02,,,,,,,,2024-09-02 08:28:40 UTC,,120,
Langworthy Medical & University of Salford,,Invoice Sent,,2024-10-02,,,,,,,"Langworthy Medical Practice
250 Langworthy Road
Salford
Lancashire
M6 5WW",DD,Monthly,Amanda Haughton,2024-08-22,2025-08-22,,,,,,,,2024-08-22,2025-08-22,,,,,,,,2024-09-02 08:18:15 UTC,,1200,
Station House Surgery,,Invoice Sent,,2024-09-19,,,,,,,"Station House Surgery
Station Road
Kendal
Cumbria
LA9 6SA",DD,Monthly,Jeanette Cawley,2024-08-20,2025-08-20,,,,,,,,2024-08-20,2025-08-20,,,,,,,,2024-08-20 14:39:38 UTC,,360,
Filey and Scarborough Healthier Communities Network,,Invoice Sent,,2024-09-21,,,,,,,"Filey and Scarborough Healthier Communities Network
C/O Filey Surgery, Station Avenue
Filey
North Yorkshire
YO14 9AE",Invoice,Annual,James Bowman,2024-08-22,2025-08-22,,,,,,,,2024-08-22,2025-08-22,,,,,,,,2024-08-22 11:58:27 UTC,,1996,
CPD Basic Notes Summarising x3 Groombrige and Hartfield Surgery,,Invoice Sent,,2024-10-03,,,,,,,"Groombridge and Hartfield Surgery
Old Crown Farm
High Street
Hartfield
TN7 4AD",Invoice,One off,Sharon Monger,,,,,,,,,,,,,,,,,,,2024-09-03 11:20:26 UTC,,299.85,
Spring Street Surgery,,Invoice Sent,,2024-09-28,,,,,,,"Spring Street Surgery
Bourne Hall Health Centre
Epsom
Surrey
KT17 1TG",Invoice,One off,Megna Persand,2024-08-29,2024-10-23,,,,,,,,2024-08-29,2024-10-23,,,,,,,,2024-08-29 08:56:40 UTC,,350,
Together First Boosted Social Media Campaign,,Invoice Sent,,2024-09-26,,,,,,,"Together First CIC
Laburnum Health Centre, Althorne Way
Dagenham
London
RM10 7DF",Invoice,One off,Hetal Shaikh,2024-08-27,2025-08-27,,,,,,,,2024-08-27,2025-08-27,,,,,,,,2024-08-27 16:07:30 UTC,,500,
Balham Tooting and Furzedown,,Invoice Sent,,2024-09-26,,,,,,,,Invoice,,,2024-09-12,2025-09-12,,,,,,,,2024-09-12,2025-09-12,,,,,,,,2024-08-27 13:29:59 UTC,,2246,
Gosport Central PCN,,Invoice Sent,,2024-10-08,,,,,,,"Gosport Central Primary Care Network
Waterside Medical Centre
Mumby Road
Gosport
PO12 1BA",Invoice,Annual,Rachel Hunter,2024-09-23,2025-09-23,,,,,,,,2024-09-23,2025-09-23,,,,,,1501,,2024-09-08 14:48:42 UTC,,2696,
Shakespeare Health Centre Boosted Campaign,,Invoice Sent,,2024-10-11,,,,,,,"Elers Road Clinic
1 Elers Road,
Hayes,
Hillingdon,
UB3 1NY",Invoice,One off,Jay Verma,2024-09-11,2024-08-15,,,,,,,,2024-09-11,2024-08-15,,,,,,1505,,2024-09-11 14:43:17 UTC,,150,
Chapel Group Medical Centre Boosted Campaign,,Invoice Sent,,2024-10-10,,,,,,,,Invoice,One off,Clare Richardson,2024-09-10,2024-11-21,,,,,,,,2024-09-10,2024-11-21,,,,,,1506,,2024-09-10 11:38:34 UTC,,150,
Spring Street Surgery,,Invoice Sent,,2024-09-28,,,,,,,"Spring Street Surgery
Bourne Hall Health Centre
Epsom
Surrey
KT17 1TG",DD,Monthly,Megna Persand,2024-08-27,2025-08-27,,,,,,,,2024-08-27,2025-08-27,,,,,,1490,,2024-08-29 08:56:41 UTC,,360,
Spring Street Surgery,,Invoice Sent,,2024-09-28,,,,,,,"Spring Street Surgery
Bourne Hall Health Centre
Epsom
Surrey
KT17 1TG",DD,Monthly,Megna Persand,2024-08-27,2025-08-27,,,,,,,,2024-08-27,2025-08-27,,,,,,1489,,2024-08-29 08:56:42 UTC,,720,
Wyvern Health PCN,,Invoice Sent,,2024-10-23,,,,,,,"Wyvern Health PCN
Priory Road Medical Centre
Priory Road
Wiltshire
SN3 2EZ",Invoice,Annual,Renata Smolskyte,2024-09-23,2025-09-23,,,,,,,,2024-09-23,2025-09-23,,,,,,1533,,2024-09-23 12:45:28 UTC,,1497,
Nuneaton and Bedworth boosted campaign,,Invoice Sent,,2024-10-23,,,,,,,,Invoice,One off,Rebecca Cuttiford,2024-09-23,2024-10-17,,,,,,,,2024-09-23,2024-10-17,,,,,,1534,,2024-09-23 11:37:26 UTC,,50,
Stroud Green Medical Centre,,Invoice Sent,,2024-10-18,,,,,,,"Stroud Green Medical Clinic
181 Stroud Green Road
London
N21 3DX",DD,Quarterly,Amy Cox,2024-09-17,2025-09-17,,,,,,,,2024-09-17,2025-09-17,,,,,,1528,,2024-09-18 14:17:04 UTC,,120,
Stroud Green Medical Centre,,Invoice Sent,,2024-10-18,,,,,,,"Stroud Green Medical Clinic
181 Stroud Green Road
London
N21 3DX",DD,Monthly,Amy Cox,2024-09-17,2025-09-17,,,,,,,,2024-09-17,2025-09-17,,,,,,1529,,2024-09-18 14:17:05 UTC,,960,
SMS Medical Practice,,Invoice Sent,,2024-10-18,,,,,,,"SMS MEDICAL PRACTICE
WEMBLEY CENTRE FOR HEALTH AND CARE
116 CHAPLIN ROAD, WEMBLEY
MIDDLESEX
HA0 4UZ",DD,Monthly,Shahla Jamal,2024-09-17,2025-09-17,,,,,,,,2024-09-17,2025-09-17,,,,,,1530,,2024-09-18 14:09:20 UTC,,720,
Surrey Lodge Practice,,Invoice Sent,,2024-10-12,,,,,,,"Surrey Lodge Group Practice
11 Anson Road
Manchester
Greater Manchester
M14 5BY",DD,Bi-monthly,Kate Johnson,2024-09-12,2025-09-12,,,,,,,,2024-09-12,2025-09-12,,,,,,1508,,2024-09-12 13:20:29 UTC,,180,
Culcheth Medical Centre,,Invoice Sent,,2024-10-05,,,,,,,"culcheth medical centre
jackson avenue
jackson avenue
cheshire
wa34dz",DD,Quarterly,Shelley Moores,2024-09-05,2025-09-05,,,,,,,,2024-09-05,2025-09-05,,,,,,1493,,2024-09-05 11:51:57 UTC,,120,
The London Pharma Clinic,,Invoice Sent,,2024-10-19,,,,,,,"Clinichem Pharmacy, 29 Upper Tachbrook street, Victoria, London, SW11 1SN",,,Sukhi Basra,2024-09-16,2025-08-15,,,,,,,,2024-09-16,2025-08-15,,,,,,1535,,2024-09-19 09:14:34 UTC,,1000,
Lensfield Medical Practice,,Invoice Sent,,2024-10-26,,,,,,,"Lensfield Medical Practice
48 Lensfield Road
Cambridge
Cambs
CB2 1EH",Invoice,One off,Linda Kelly,2024-09-26,2024-11-14,,,,,,,,2024-09-26,2024-11-14,,,,,,1566,,2024-09-26 15:51:22 UTC,,35,
Hertfordshire - Just talk renewal bid,,,,2024-10-26,,,,,,,,,,,,,,,,,,,,,,,,,,,,,2024-09-26 11:17:57 UTC,,27500,
Avanced Summarising Lanarkshire Practice Manager Rep/Coordinator,,Invoice Sent,,2024-10-25,,,,,,,"Strathcalder Practice, Alison Lea Medical Centre, East Kilbride, G74 3BE",Invoice,One off,Stephen Reid,,,,,,,,,,,,,,,,,1567,,2024-09-25 09:44:16 UTC,,1299.35,
Station House Surgery Patient Info Booklet,,Invoice Sent,,2024-11-06,,,,,,,,Invoice,One off,Jeanette Cawley,2024-10-07,2024-12-19,,,,,,,,2024-10-07,2024-12-19,,,,2024-10-07,,1577,,2024-10-07 13:09:54 UTC,,100,
Ridgmount Practice,,Invoice Sent,,2024-11-01,,,,,,,"Ridgmount Practice
8 Ridgmount Street
London
WC1E 7AA",DD,Monthly,Carol Shiels,2024-10-02,2025-10-02,,,,,,,,2024-10-02,2025-10-02,,,,,,1572,,2024-10-02 11:01:59 UTC,,720,
Diamond Medical Group,,Invoice Sent,,2024-11-01,,,,,,,"Diamond Medical Group
Rutland Lodge Medical Practice
ScottHall Road
Leeds
LS7 3RA",DD,Monthly,Paula Dearing,2024-10-01,2025-10-01,,,,,,,,2024-10-01,2025-10-01,,,,,,1571,,2024-10-02 08:23:41 UTC,,480,
St Martins Medical Centre Boosted Campaign,,Invoice Sent,,,,,,,,,"St Martins Medical Centre
21 Eastcote Road
Ruislip
HA4 8BE",Invoice,One off,Pooja Kalra,2024-10-08,2024-12-11,,,,,,,,2024-10-08,2024-12-11,,,,,,1582,,2024-10-08 13:32:18 UTC,,150,
St Martins Medical Centre,,Invoice Sent,,2024-11-07,,,,,,,"St Martins Medical Centre
21 Eastcote Road
Ruislip
HA4 8BE",Invoice,One off,Pooja Kalra,2024-10-08,2024-12-11,,,,,,,,2024-10-08,2024-12-11,,,,,,1583,,2024-10-08 13:32:19 UTC,,350,
St Martins Medical Centre,,Invoice Sent,,2024-11-07,,,,,,,"St Martins Medical Centre
21 Eastcote Road
Ruislip
HA4 8BE",DD,Monthly,Pooja Kalra,2024-10-08,2025-10-08,,,,,,,,2024-10-08,2025-10-08,,,,,,1581,,2024-10-08 13:32:21 UTC,,720,
Longton Hall Surgery,,Invoice Sent,,2024-11-13,,,,,,,"longton hall surgery
greendock street
longton
staffs
st32na",DD,Quarterly,Michael Sheldon,2024-10-11,2025-10-10,,,,,,,,2024-10-11,2025-10-10,,,,,,1603,,2024-10-14 09:14:15 UTC,,120,
Railway Medical Group,,Invoice Sent,,2024-10-31,,,,,,,,,,,,,,,,,,,,,,,,,,,1392,,2024-10-01 08:02:59 UTC,,495,
DMI for North Shropshire PCN,,Invoice Sent,,2024-11-27,,,,,,,,Invoice,One off,,,,,,,,,,,,,,,,,,1625,,2024-10-28 10:52:21 UTC,,995,
Lawrence House Group,,Invoice Sent,,2024-11-26,,,,,,,"Lawrence House Group
107 Philip Lane
London
N15JR",DD,Monthly,Vashtie Jagroop,2024-10-25,2025-10-24,,,,,,,,2024-10-25,2025-10-24,,,,,,1621,,2024-10-27 18:56:40 UTC,,960,
Park Edge Practice,,Invoice Sent,,2024-11-24,,,,,,,"Park Edge Practice
Asket Drive
Leeds
West Yorkshire
LS14 1HX",DD,Monthly,Belinda Hamer,2024-10-24,2025-10-24,,,,,,,,2024-10-24,2025-10-24,,,,,,1619,,2024-10-25 08:51:41 UTC,,480,
The Lionwod Medical Practice,,Invoice Sent,,2024-11-22,,,,,,,"Lionwood Medical Practice
30a Wellesley Avenue
Norwich
Norfolk
NR1 4NU",DD,Bi-monthly,Emma Miller,2024-10-18,2025-10-17,,,,,,,,2024-10-18,2025-10-17,,,,,,1617,,2024-10-23 17:51:06 UTC,,180,
HWL PCN,,Invoice Sent,,2024-11-20,,,,,,,,DD,Monthly,,,,,,,,,,,,,,,,,,1609,,2024-10-21 14:56:54 UTC,,2880,
CPD Basic Notes course,,Invoice Sent,,2024-11-28,,,,,,,,Paid online,,,,,,,,,,,,,,,,,,,1630,,2024-10-29 14:44:13 UTC,,99.95,
The Dunstan Partnership,,Invoice Sent,,2024-11-30,,,,,,,"The Dunstan Partnership
Breightmet Health Centre
Breightmet Fold Lane
Bolton
BL2 6NT",DD,Monthly,Victoria Bourn,2024-10-29,2025-10-29,,,,,,,,2024-10-29,2025-10-29,,,,,,1632,,2024-10-31 15:16:03 UTC,,480,
Digital Champions Workshop and Follow-up X1,,Invoice Sent,,2024-12-05,,,,,,,"Porter Brook Medical Centre
9 Sunderland Street
Sheffield
South Yorkshire
S60 8BB",Invoice,One off,Tom Hewitt,,,,,,,,,,,,,,,,,1664,,2024-11-05 15:37:06 UTC,,495.95,
Station House Surgery Logo,,Invoice Sent,,2024-12-01,,,,,,,"Station House Surgery
Station Road
Kendal
Cumbria
LA9 6SA",Invoice,One off,Jeanette Cawley,,,,,,,,,,,,,,,,,1653,,2024-11-01 10:55:14 UTC,,250,
Surrey Lodge Group Practice,,Invoice Sent,,2024-11-30,,,,,,,"Surrey Lodge Group Practice
11 Anson Road
Manchester
Greater Manchester
M14 5BY",Invoice,One off,Kate Johnson,2024-10-31,2024-12-11,,,,,,,,2024-10-31,2024-12-11,,,,,,1631,,2024-10-31 09:34:39 UTC,,350,
Pendle East PCN,,Invoice Sent,,2024-10-31,,,,,,,,Invoice,Monthly,Pendle East PCN,2024-10-01,2024-12-31,,,,,,,,2024-10-01,2024-12-31,,,,,,1665,,2024-10-01 07:13:14 UTC,,54168,
SMS Medical Practice,,Invoice Sent,,2024-12-11,,,,,,,"SMS MEDICAL PRACTICE
WEMBLEY CENTRE FOR HEALTH AND CARE, WEMBLEY
116 CHAPLIN ROAD
MIDDLESEX
HA0 4UZ",DD,Quarterly,Shahla Jamal,2024-11-08,2025-11-07,,,,,,,,2024-11-08,2025-11-07,,,,,,1677,,2024-11-11 10:49:17 UTC,,120,
Killick Street Health Centre,,Invoice Sent,,2024-12-11,,,,,,,"Killick Street Health Centre
75 Killick Street
London
N1 9RH",DD,Quarterly,Melissa Gardner,2024-11-08,2025-11-07,,,,,,,,2024-11-08,2025-11-07,,,,,,1678,,2024-11-11 10:45:53 UTC,,120,
MDC PCN,,Invoice Sent,,2024-12-07,,,,,,,"Mottingham, Downham and Chislehurst Primary Care Network
145 White Horse Hill
Chislehurst
London
BR7 6DH",DD,Monthly,Silvia Vajzerova,2024-11-07,2025-11-07,,,,,,,,2024-11-07,2025-11-07,,,,,,1668,,2024-11-07 14:14:56 UTC,,480,
Meir PCN NHS Banner,,Invoice Sent,,2024-12-26,,,,,,,,Invoice,One off,Joanne Carpenter,2024-11-25,2024-12-19,,,,,,,,2024-11-25,2024-12-19,,,,,,1713,,2024-11-26 12:27:32 UTC,,165,
Chapel Group Medical Centre,,Invoice Sent,,2024-12-15,,,,,,,"Chapel Group Medical Centre
220 Liverpool Road
Irlam
Manchester
M44 6FE",Invoice,Annual,Clare Richardson,2024-12-12,2025-12-12,,,,,,,,2024-12-12,2025-12-12,,,,,,1704,,2024-11-15 11:14:15 UTC,,749,
Nuneaton & Bedworth PCN,,Invoice Sent,,2024-12-13,,,,,,,"Nuneaton & Bedworth Primary Care Network
c/o Red Roofs Surgery, 31 Coton Road
Nuneaton
Warks
CV11 5TW",Invoice,Annual,Rebecca Cuttiford,2024-12-05,2025-12-05,,,,,,,,2024-12-05,2025-12-05,,,,,,1694,,2024-11-13 13:17:27 UTC,,6737,
Strathcalder Practice Summarising training,,Invoice Sent,,2024-12-26,,,,,,,"Strathcalder Practice, Alison Lea Medical Centre, East Kilbride, G74 3BE",Invoice,One off,,,,,,,,,,,,,,,,,,1755,,2024-11-26 15:48:49 UTC,,1299.35,
Additional Norfolk Practice,,Invoice Sent,,2025-01-17,,,,,,,,Invoice,One off,Vicky Naylor,2024-12-20,2025-03-28,,,,,,,,2024-12-20,2025-03-28,,,,,,1786,,2024-12-18 10:45:47 UTC,,142,
Stow & Lauder Health Basic notes Summarising Training,,Invoice Sent,,2025-01-15,,,,,,,"Stow & Launder Health Centre
Lauder
TD2 6QJ
01578 718214
VAT No - 682743508",Invoice,One off,,,,,,,,,,,,,,,,,,1787,,2024-12-16 13:46:24 UTC,,424,
Cisco Practice POC phase 1,,Invoice Sent,,2025-01-18,,,,,,,,,,,,,,,,,,,,,,,,,,,1790,,2024-12-19 11:12:29 UTC,,15900,
North Shropshire PCN,,Invoice Sent,,2025-01-18,,,,,,,"North Shropshire PCN Ltd
c/o Churchmere Medical Group, Trimpley Street
Ellesmere
Shropshire
SY12 0DB",DD,Monthly,Nancy Perks,2024-12-11,2024-12-11,,,,,,,,2024-12-11,2024-12-11,,,,,,1792,,2024-12-19 10:44:51 UTC,,2880,
Shakespeare Health Centre NWL,,Invoice Sent,,2025-01-10,,,,,,,,,,,,,,,,,,,,,,,,,,,1791,,2024-12-11 10:43:07 UTC,,1500,
Stonehill Medical Centre,,Invoice Sent,,2025-01-19,,,,,,,"Stonehill Medical Centre
Piggott Street, Farnworth
Bolton
Greater Manchester BL4 9QZ",DD,Monthly,Natalie Kakoullis,2024-12-18,2025-12-18,,,,,,,,2024-12-18,2025-12-18,,,,,,1799,,2024-12-20 16:11:05 UTC,,720,
Southampton West PCN,,Invoice Sent,,2025-01-08,,,,,,,"Southampton West PCN Limited,
Walnut Tree Surgery, 14 Carlton road,
Southampton,
Hampshire,
SO15 2HQ",Invoice,Annual,Matt Bailey,2025-01-01,2026-01-01,,,,,,,,2025-01-01,2026-01-01,,,,2024-12-09,,1769,,2024-12-09 14:11:15 UTC,,4491,
NCL Lloyd George apr-sept 2025,,Invoice Sent,,2025-01-08,,,,,,,,Invoice,Annual,,,,,,,,,,,,,,,,,,,,2024-12-09 09:27:09 UTC,,39000,
Ashley Centre Surgery,,Invoice Sent,,2024-12-11,,,,,,,"Ashley Centre Surgery
Windsor Court
Ashley Road
Epsom
Surrey
KT18 5AQ",DD,Monthly,Sally Bayliss,2024-12-02,2025-12-01,,,,,,,,2024-12-02,2025-12-01,,,,,,1751,,2024-11-11 14:39:56 UTC,,480,
Station House Surgery,,Invoice Sent,,2024-12-05,,,,,,,"Station House Surgery
Station Road
Kendal
Cumbria
LA9 6SA",DD,Monthly,Jeanette Cawley,2024-12-27,2025-12-26,,,,,,,,2024-12-27,2025-12-26,,,,,,,,2024-11-05 11:26:16 UTC,,720,
St Martins Medical Centre,,Invoice Sent,,2024-12-01,,,,,,,"St Martins Medical Centre
21 Eastcote Road
Ruislip
HA4 8BE",Invoice,One off,Guste Verksnyte,,,,,,,,,,,,,,,,,,,2024-11-01 10:51:29 UTC,,350,
North Shropshire PCN,,Invoice Sent,,2024-11-26,,,,,,,"North Shropshire PCN Ltd.
Co Churchmere Medical Practice, 
Trimpley Street, 
Ellesmere, 
Shropshire, 
SY12 0DB.",DD,Monthly,Nancy Perks,2024-10-16,2025-10-16,,,,,,,,2024-10-16,2025-10-16,,,,,,1792,,2024-10-27 19:39:14 UTC,,2400,
Stonehill Medical Centre,,Invoice Sent,,2025-02-12,,,,,,,"Stonehill Medical Centre
Piggott Street, Farnworth
Bolton
Greater Manchester BL4 9QZ",Invoice,One off,Natalie Kakoullis,2024-12-18,2025-03-13,,,,,,,,2024-12-18,2025-03-13,,,,,,1864,,2025-01-13 14:49:31 UTC,,350,
Hawthorn Medical Centre,,Invoice Sent,,2025-02-14,,,,,,,"Hawthorn Medical Centre
May Close
Swindon
Wiltshire
SN2 1UU",DD,Monthly,Kally Haynes,2025-01-15,2026-01-15,,,,,,,,2025-01-15,2026-01-15,,,,,,1867,,2025-01-15 16:31:09 UTC,,480,
Merchiston Surgery,,Invoice Sent,,2025-02-15,,,,,,,"Wyvern Health Partnership
Melody Hawkins
Priory Road Medical Centre 
Park South
Swindon
Wiltshire
SN3 2EZ",DD,Monthly,Laura Beach,2025-01-15,2026-01-15,,,,,,,,2025-01-15,2026-01-15,,,,,,1869,,2025-01-16 13:04:34 UTC,,480,
NHS North West Leadership 'Leader Publication',,Invoice Sent,,2025-02-08,,,,,,,,,,,,,,,,,,,,,,,,,,,1885,,2025-01-09 11:19:57 UTC,,2100,
Sunderland Health and Wellness Hub,,Invoice Sent,,2025-01-16,,,,,,,"Sunderland GP Alliance
Accounts Department - Andrea Rose
Sundelrand Business Innovation Centre
12 Wearfield
Sunderland
SR5 2TH",Invoice,Annual,David Gunion,2025-01-24,2026-01-23,,,,,,,,2025-01-24,2026-01-23,,,,2025-01-15,,1785,,2024-12-17 11:48:33 UTC,,999,
"Surrey Lodge Practice Half day remote training - Reg links, tasks, org setup",,Invoice Sent,,2024-09-13,,,,,,,"11 Anson Road
Victoria Park
Manchester
M14 5BY",Invoice,One off,Kate Johnson,,,,,,,,,,,,,,,,,1432,,2024-08-14 11:58:55 UTC,,250,
Princes Gardens Surgery,,Invoice Sent,,2024-10-02,,,,,,,"PRINCES GARDENS SURGERY
2A HIGH STREET
ALDERSHOT
HANTS
GU11 1BJ",Invoice,Annual,Louisa Enriquez,2024-11-29,2025-11-28,,,,,,,,2024-11-29,2025-11-28,,,,,,1716,,2024-09-02 13:53:51 UTC,,749,
Warrington Primary Care Networks,,Invoice Sent,,2024-12-14,,,,,,,"NHS Cheshire and Merseyside
No 1 Lakeside
920 Centre Park
Warrington
WA1 1QY",Invoice,Annual,Paul Corless,2024-11-04,2025-11-04,,,,,,,,2024-11-04,2025-11-04,,,,,,1696,,2024-11-14 10:21:41 UTC,,11677,
North Shropshire PCN,,Invoice Sent,,2024-11-20,,,,,,,"HWL PCN -Bolton GP Federation
Bold street, Bolton
Bolton
Lancashire
BL1 1LS",DD,Monthly,Nancy Perks,2024-10-16,2025-10-16,,,,,,,,2024-10-16,2025-10-16,,,,,,,,2024-10-21 14:54:35 UTC,,2880,
Hyndburn Central PCN  Deal DMS year 2 renewal,,Invoice Sent,,2024-05-11,,,,,,,,Invoice,Monthly,Hyndburn Central PCN,2024-04-01,2024-06-30,,,,,,,,2024-04-01,2024-06-30,,,,,,,,2024-04-11 15:27:41 UTC,,5250,
Wansbeck PCN - DTH/DMI Dashboard,,Invoice Sent,,2025-03-19,,,,,,,,,,,,,,,,,,,,,,,,,,,1969,,2025-02-17 12:01:37 UTC,,995,
Aspire Medical PCN,,Invoice Sent,,2025-03-15,,,,,,,"Aspire Medical Health
Marlowe Park Medical Practice
Wells Road, Roches
Kent
ME2 2PW",Invoice,Annual,Mukherjee Subhro,2025-02-11,2026-02-11,,,,,,,,2025-02-11,2026-02-11,,,,,,1952,,2025-02-13 10:00:00 UTC,,4045,
Meanwood Group Practice,,Invoice Sent,,2025-03-07,,,,,,,"Meanwood Group Practice
548 Meanwood Road
Leeds
West Yorks
LS64JN",DD,Monthly,Ann-Marie Mawson,2025-02-05,2026-02-05,,,,,,,,2025-02-05,2026-02-05,,,,,,1926,,2025-02-05 14:23:32 UTC,,480,
Barlow Medical Centre,,Invoice Sent,,2025-02-26,,,,,,,"Barlow Medical Centre
Jacqueline Stewart-Martin
828 Wilmslow Road
Manchester
Greater Manchester
M20 2RN",DD,Monthly,Jacqueline Stewart-martin,2025-02-07,2026-02-06,,,,,,,,2025-02-07,2026-02-06,,,,,,1920,,2025-01-27 13:49:11 UTC,,480,
Advanced Summarising through website,,Invoice Sent,,2025-03-06,,,,,,,,,,,,,,,,,,,,,,,,,,,1892,,2025-02-04 09:46:01 UTC,,99.95,
Scotland Practice Basic Summarising training,,Invoice Sent,,2025-03-20,,,,,,,"Strathcalder Practice                
Alison Lea Medical Centre       
East Kilbride                              
G74 3BE",Invoice,One off,,,,,,,,,,,,,,,,,,1974,,2025-02-18 08:36:23 UTC,,1000,
Higher Folds Community Centre,,Invoice Sent,,2025-03-29,,,,,,,"Higher Folds Community Centre,
Stirling Close,
Leigh,
Lancashire,
WN7 2UB.",Invoice,Annual,David Rainford,2025-03-01,2026-03-01,,,,,,,,2025-03-01,2026-03-01,,,,,,2033,,2025-02-27 14:57:31 UTC,,499,
GP Health Partners Ltd,,Invoice Sent,,2025-04-04,,,,,,,"GP Health Partners
148 -152 Kingston Road
Leatherhead
Surrey
KT22 7PZ",DD,Monthly,Katherine Rush,2025-03-07,2026-03-06,,,,,,,,2025-03-07,2026-03-06,,,,,,,,2025-03-05 15:08:47 UTC,,480,
Sefton Park Medical Centre,,Invoice Sent,,2025-04-06,,,,,,,"Sefton Park Medical Centre
Smithdown Road
Liverpool 
Merseyside
L15 2LQ",Invoice,Annual,Simon Turton,2025-03-07,2026-03-06,,,,,,,,2025-03-07,2026-03-06,,,,,,2028,,2025-03-07 16:22:22 UTC,,499,
North West Leicestershire GP Federation/PCN,,Invoice Sent,,2025-04-10,,,,,,,,Invoice,Annual,,2025-04-01,2026-03-31,,,,,,,,2025-04-01,2026-03-31,,,,,,2035,,2025-03-11 14:39:11 UTC,,2000,
South East Region yr3,,Invoice Sent,,2025-04-04,,,,,,,,,,,,,,,,,,,,,,,,,,,2017,,2025-03-05 12:41:01 UTC,,229166.67,
Summarising training for 2 staff,,Invoice Sent,,2025-03-29,,,,,,,"The Brook Health Centre
Swinneyford Road, Towcester, NN12 6HD",Invoice,One off,,,,,,,,,,,,,,,,,,1975,,2025-02-27 08:11:53 UTC,,199.9,
Chobham & West End Medical Practice,,Invoice Sent,,2025-03-30,,,,,,,"Chobham & West End Medical Practice
16 Windsor Road, Chobham
Woking
Surrey
GU24 8NA",DD,Monthly,Laura Grostate,2025-04-01,2025-04-01,,,,,,,,2025-04-01,2025-04-01,,,,,,2045,,2025-02-28 12:55:33 UTC,,480,
SMS Medical Practice,,Invoice Sent,,2025-04-13,,,,,,,"SMS MEDICAL PRACTICE
WEMBLEY CENTRE FOR HEALTH AND CARE
116 CHAPLIN ROAD, WEMBLEY
MIDDLESEX
HA0 4UZ",Invoice,One off,Shahla Jamal,2025-03-14,2025-04-17,,,,,,,,2025-03-14,2025-04-17,,,,,,2050,,2025-03-14 11:02:58 UTC,,150,
Temple Sowerby Medical Practice,,Invoice Sent,,2025-04-18,,,,,,,"Temple Sowerby Medical Practice
Linden Park
Penrith 
Cumbria 
CA10 1RW",DD,Monthly,Jackie O'Neil,2025-03-19,2026-03-19,,,,,,,,2025-03-19,2026-03-19,,,,,,2059,,2025-03-19 14:10:53 UTC,,480,
Q1 Norfolk and Waveney ICB,,Invoice Sent,,2025-04-19,,,,,,,,Invoice,Annual,,2025-04-01,2025-06-27,,,,,,,,2025-04-01,2025-06-27,,,,,,2058,,2025-03-20 12:40:22 UTC,,13871.25,
Aldershot PCN,,Invoice Sent,,2025-04-24,,,,,,,"Aldershot Health PCN
C/O Salus 4th Floor Aldershot Centre for Health
Hospital Hill
Hampshire
GU11 1AY",Invoice,Annual,Sarah Beech,2025-03-24,2027-03-24,,,,,,,,2025-03-24,2027-03-24,,,,,,2069,,2025-03-25 10:39:20 UTC,,2694,
Patient Note Summarising Master Bundle X2,,Invoice Sent,,2025-04-24,,,,,,,,Paid online,One off,,,,,,,,,,,,,,,,,,2074,,2025-03-25 14:58:35 UTC,,780,
Advanced Notes Summarising x2 Internet order,,Invoice Sent,,2025-04-25,,,,,,,,Paid online,One off,,,,,,,,,,,,,,,,,,2073,,2025-03-26 08:54:01 UTC,,199.9,
Hertfordshire extra comms work,,Invoice Sent,,2025-03-30,,,,,,,,,,,,,,,,,,,,,,,,,,,2052,,2025-02-28 13:59:09 UTC,,5000,
DORDON POLESWORTH GROUP PRACTICE,,Invoice Sent,,2025-04-25,,,,,,,"Dordon & Polesworth Group Practice
162 Long Street Dordon Tamworth Staffordshire B78 1QA
Tamworth
Staffordshire
B78 1QA",DD,Monthly,Deborah Pogorzelski,2025-03-26,2026-03-26,,,,,,,,2025-03-26,2026-03-26,,,,,,2075,,2025-03-26 13:01:40 UTC,,480,
Saddlers Health Centre,,Invoice Sent,,2025-02-27,,,,,,,"The Saddlers Health Centre
1 Hatherton Street
Walsall
West Midlands
WS1 1AF",DD,Monthly,Catherine Murphy,2025-04-01,2026-04-01,,,,,,,,2025-04-01,2026-04-01,,,,,,963,,2025-01-28 10:44:20 UTC,,480,
Peel GPS,,Invoice Sent,,2025-04-27,,,,,,,"Peel GPs
Townside PCC, Knowsley Street
Bury
Lancs
BL9 0SN",DD,Monthly,Leanne Nally,2025-03-28,2026-03-27,,,,,,,,2025-03-28,2026-03-27,,,,,,2088,,2025-03-28 10:36:12 UTC,,480,
Wakefield North PCN SMMS,,Invoice Sent,,2025-04-27,,,,,,,"Wakefield North Primary Care Network
c/o Fryston Road Surgery, 175 Fryston Road
Castleford
West Yorkshire
WF10 3LP",Invoice,Annual,Lynda Heptinstall,2025-04-01,2026-04-01,,,,,,,,2025-04-01,2026-04-01,,,,,,2087,,2025-03-28 16:12:15 UTC,,3821,
Haughton Thornley Medical Centres,,Invoice Sent,,2025-04-26,,,,,,,"Haughton Thornley Medical Centre
9 Thornley street
Hyde
Cheshire
SK14 1JY",Invoice,Annual,Rachel Hirst,2025-04-01,2026-04-01,,,,,,,,2025-04-01,2026-04-01,,,,,,2077,,2025-03-27 12:54:05 UTC,,749,
Menopause Pull Up Banner,,Invoice Sent,,2025-04-30,,,,,,,,,,,,,,,,,,,,,,,,,,,2090,,2025-03-31 09:03:01 UTC,,90,
Aintree Group Practice,,Invoice Sent,,2025-04-30,,,,,,,"Aintree Park Group Practice
46 Moss Lane
Liverpool
Merseyside
L9 8AL",DD,Monthly,Julie Edwards,2025-03-28,2026-03-27,,,,,,,,2025-03-28,2026-03-27,,,,,,2097,,2025-03-31 10:08:21 UTC,,480,
Cambridge & Peterborough DJP year 3 renewal,,Invoice Sent,,2025-04-30,,,,,,,,,,,,,,,,,,,,,,,,,,,2094,,2025-03-31 15:14:50 UTC,,100000,
Bolton Locality SDF,,Invoice Sent,,2025-04-26,,,,,,,,Invoice,Annual,,,,,,,,,,,,,,,,,,,,2025-03-27 14:29:25 UTC,,135803,
Ellison View Surgery,,Invoice Sent,,2025-05-04,,,,,,,"Elllison View Surgery
Glen Primary Care Centre
Glen Street
Hebburn
NE31 1NU",DD,Monthly,Fawaz Rahman,2025-03-31,2026-03-31,,,,,,,,2025-03-31,2026-03-31,,,,,,2131,,2025-04-04 09:40:01 UTC,,480,
Coventry & Rugby GP Alliance ATP Practices,,Invoice Sent,,2025-05-02,,,,,,,"Coventry & Rugby GP Alliance,
Unit 1, Boiler House,
Sandy Lane, 
Coventry/ West Midlands,
CV1 4JU",Invoice,Annual,Rebecca Haughton,2025-04-02,2026-04-02,,,,,,,,2025-04-02,2026-04-02,,,,,,2141,,2025-04-02 14:54:36 UTC,,1996,
Surrey Heartlands ICB SMMS,,Invoice Sent,,2025-04-27,,,,,,,,,,,,,,,,,,,,,,,,,,,2118,,2025-03-28 09:18:00 UTC,,30000,
Apollo PCN Brandig & Website,,Invoice Sent,,2025-04-26,,,,,,,,,,,,,,,,,,,,,,,,,,,2124,,2025-03-27 14:44:14 UTC,,3000,
Colchester Medical Group (PCN Nat Test Site),,Invoice Sent,,2025-04-13,,,,,,,,,,,,,,,,,,,,,,,,,,,2057,,2025-03-14 10:39:42 UTC,,10000,
Feldon Lane Practice,,Invoice Sent,,2025-02-26,,,,,,,"Feldon Practice
Feldon Lane Surgery, Feldon Lane
Halesowen
West Midlands
B62 9DR",DD,Monthly,Louise Birkett,2025-03-28,2026-03-27,,,,,,,,2025-03-28,2026-03-27,,,,,,2112,,2025-01-27 14:19:32 UTC,,480,
Advanced Notes Web order,,Invoice Sent,,2025-05-07,,,,,,,,,,aanishshafique5@gmail.com,,,,,,,,,,,,,,,,,2130,,2025-04-07 07:14:41 UTC,,99.95,
COCO PCN,,Invoice Sent,,2025-05-22,,,,,,,"Chertsey Health Centre
Stepgates, Chertsey, KT16 8HZ",Invoice,Annual,COCO PCN,2025-05-22,2026-05-22,,,,,,,,2025-05-22,2026-05-22,,,,,,2158,,2025-04-22 10:36:50 UTC,,499,
CRAVEN ROAD MEDICAL PRACTICE,,Invoice Sent,,2025-05-28,,,,,,,"Craven Road Medical Practice
60 Craven Road
Leeds
West Yorkshire
LS6 2RX",DD,Monthly,Tara Longhurst,2025-04-28,2026-04-28,,,,,,,,2025-04-28,2026-04-28,,,,,,2172,,2025-04-28 14:18:27 UTC,,480,
Jai Medical NCL,,Invoice Sent,,2025-05-28,,,,,,,"Jai Medical Centre
114 Edgwarebury Lane
Edgwaare
Middlesex
HA8 8NB",DD,Monthly,Suresh Suresh Vaghela,2025-05-15,2026-05-15,,,,,,,,2025-05-15,2026-05-15,,,,,,2171,,2025-04-28 15:23:21 UTC,,720,
Jai Medical Centre Brent,,Invoice Sent,,2025-05-28,,,,,,,"Jai Medical Centre (Brent)
82 Staglane
Edgware
Middlesex
HA8 5LP",DD,Monthly,Suresh Suresh Vaghela,2025-05-15,2026-05-15,,,,,,,,2025-05-15,2026-05-15,,,,,,2170,,2025-04-28 15:23:23 UTC,,720,
Digital Transformation PMO SWL,,Invoice Sent,,2025-05-29,,,,,,,,,,,,,,,,,,,,,,,,,,,2068,,2025-04-29 15:43:10 UTC,,25000,
Chagford Health Centre,,Invoice Sent,,2025-06-07,,,,,,,"Chagford Health Centre
Chagford
Devon
tq138bw",DD,Monthly,Eva Richman,2025-05-08,2026-05-08,,,,,,,,2025-05-08,2026-05-08,,,,,,2215,,2025-05-08 10:14:22 UTC,,480,
South Rural PCN,,Invoice Sent,,2025-06-07,,,,,,,"South Rural PCN
Needham Market Country Practice, Barking Road
Ipswich
Suffolk
IP6 8EZ",DD,Monthly,South Rural PCN,2025-05-02,2026-05-01,,,,,,,,2025-05-02,2026-05-01,,,,,,2212,,2025-05-08 07:36:17 UTC,,1920,
Stillington Surgery,,Invoice Sent,,2025-05-29,,,,,,,"Stillington Surgery 
North Back Lane, Stillington, North Yorkshire, Y061 1LL",DD,Monthly,Jemma Dale,2025-04-29,2026-04-29,,,,,,,,2025-04-29,2026-04-29,,,,,,2173,,2025-04-29 14:06:57 UTC,,720,
Torridge PCN,,Invoice Sent,,2025-06-07,,,,,,,"Torridge Health PCN
Abbotsham Road
Bideford
Devon
EX39 3AF",DD,Monthly,Samantha Horn,2025-05-08,2026-05-08,,,,,,,,2025-05-08,2026-05-08,,,,,,2216,,2025-05-08 11:41:27 UTC,,2880,
OKEHAMPTON MEDICAL CENTRE,,Invoice Sent,,2025-06-07,,,,,,,"Okehampton Medical Centre
East Street
Okehampton
Devon
EX20 1AY",DD,Monthly,Kiran Bakhshi,2025-05-08,2026-05-08,,,,,,,,2025-05-08,2026-05-08,,,,,,2217,,2025-05-08 12:07:22 UTC,,720,
Lancs - Regulated Care (staff provision),,Invoice Sent,,2025-06-07,,,,,,,,,,,2025-04-01,2026-03-31,,,,,,,,2025-04-01,2026-03-31,,,,,,2214,,2025-05-08 10:15:04 UTC,,71000,
Woodsetton Medical Centre,,Invoice Sent,,2025-06-12,,,,,,,"Woodsetton medical centre
40 bourne street
dudley
west midlands
DY3 1AF",DD,Monthly,Bina Tah,2025-05-13,2026-05-13,,,,,,,,2025-05-13,2026-05-13,,,,,,2238,,2025-05-13 15:40:04 UTC,,480,
Rolle Medical Partnership,,Invoice Sent,,2025-06-12,,,,,,,"Rolle Medical Partnership
Exmouth Health Centre
Claremont Grove
Exmouth
EX8 2JF",DD,Monthly,Kirsty Nicholls,2025-05-12,2026-05-12,,,,,,,,2025-05-12,2026-05-12,,,,,,2236,,2025-05-13 09:40:11 UTC,,720,
KINGSKERSWELL & IPPLEPEN MED PRACTICE,,Invoice Sent,,2025-06-08,,,,,,,"Kingskerswell & Ipplepen Medical Practice
School Road
Kingskerswell
Devon
TQ12 3YZ",DD,Monthly,Lydia Denyer,2025-05-09,2026-05-08,,,,,,,,2025-05-09,2026-05-08,,,,,,2225,,2025-05-09 10:50:34 UTC,,960,
Lambeth Digital Inclusion Tool - System Upgrades,,Invoice Sent,,2025-06-06,,,,,,,,,,,,,,,,,,,,,,,,,,,2239,,2025-05-07 11:15:29 UTC,,1600,
The Village Surgery Formby,,Invoice Sent,,2025-06-15,,,,,,,"The Village Surgery
12 Elbow Lane
Formby
Liverpool
L37 4AW",DD,Monthly,Susan Lowe,2025-05-16,2026-05-15,,,,,,,,2025-05-16,2026-05-15,,,,,,2247,,2025-05-16 15:49:20 UTC,,480,
Seaton & Colyton Medical Practice,,Invoice Sent,,2025-06-13,,,,,,,"The Seaton & Colyton Medical Practice
148 Harepath Road
Seaton
Devon
EX12 2DU",DD,Monthly,Juliet Rudkin,2025-05-13,2026-05-13,,,,,,,,2025-05-13,2026-05-13,,,,,,2248,,2025-05-14 15:53:52 UTC,,480,
PCARP Support NHS App SWL,,Invoice Sent,,2025-06-19,,,,,,,,,,,,,,,,,,,,,,,,,,,2250,,2025-05-20 13:15:03 UTC,,25000,
Alveley Medical Practice,,Invoice Sent,,2025-06-15,,,,,,,"Alveley Medical Practice
Village Road, Alveley
Bridgnorth
Shropshire
WV15 6NG",DD,Monthly,Theresa Dolman,2025-05-16,2026-05-15,,,,,,,,2025-05-16,2026-05-15,,,,,,2249,,2025-05-16 11:55:18 UTC,,480,
Tudor Practice Stockland Green,,Invoice Sent,,2025-06-20,,,,,,,"Tudor Practice Stockland Green
Stockland Green PCC, 192 Reservoir Road
Birmingham
West Midlands
B76 1NT",DD,Monthly,Jennie Grant,2025-05-14,2026-05-14,,,,,,,,2025-05-14,2026-05-14,,,,2025-05-22,,2252,,2025-05-21 14:27:26 UTC,,480,
Practice Education Sessions SWL,,Invoice Sent,,2025-04-23,,,,,,,,,,,,,,,,,,,,,,,,,,,2067,,2025-03-24 13:02:09 UTC,,25000,
Stonegate Medical Clinic,,Invoice Sent,,2025-06-26,,,,,,,"York Private Medical LTD
Dr William Robertson
Stonegate Medical Clinic, 23 Stonegate
York
North Yorkshire
YO1 8AW",DD,Monthly,William Robertson,2025-05-23,2026-05-22,,,,,,,,2025-05-23,2026-05-22,,,,,,2263,,2025-05-27 09:16:46 UTC,,2400,
Wansbeck PCN - reduced DTMS support,,Invoice Sent,,2025-06-22,,,,,,,,,,,,,,,,,,,,,,,,,,,2293,,2025-05-23 06:31:03 UTC,,25000,
Kernow Health CIC,,Invoice Sent,,2025-06-21,,,,,,,,,,,,,,,,,,,,,,,,,,,,,2025-05-22 15:49:58 UTC,,2750,
Hyndburn Central PCN  renewal,,Invoice Sent,,2025-06-13,,,,,,,,Invoice,Monthly,Hyndburn Central PCN,2024-07-01,2024-06-30,,,,,,,,2024-07-01,2024-06-30,,,,,,2299,,2025-05-14 15:47:10 UTC,,24500,
Knowle House Surgery & Tamerton Surgery,,Invoice Sent,,2025-07-10,,,,,,,"Knowle House Surgery
4 Meavy Way
Plymouth
Devon
PL5 3JB",DD,Monthly,Nicola Hunt,2025-06-04,2026-06-04,,,,,,,,2025-06-04,2026-06-04,,,,,,,,2025-06-10 11:37:03 UTC,,480,
Pharmcare Ltd T/A Mitchell's Chemist,,Invoice Sent,,2025-07-12,,,,,,,"Pharmcare Ltd T/A Mitchell's Chemist
88 New Road Side
Leeds
West Yorkshire
LS18 4QB",DD,Monthly,Daniel Brash,2025-06-11,2026-06-11,,,,,,,,2025-06-11,2026-06-11,,,,,,2328,,2025-06-12 08:57:33 UTC,,480,
Eason Pharmacy,,Invoice Sent,,2025-07-13,,,,,,,"215a Watling Street, Tamworth, B775BB",DD,Monthly,Kilcrona Ltd,2025-06-16,,,,,,,,,2025-06-16,,,,,,,2341,,2025-06-13 10:51:41 UTC,,480,
Penzance Chiropractic Clinic,,Invoice Sent,,2025-07-24,,,,,,,"Penzance Chiropractic Clinic
7 chyandour square
Penzance Cornwall Tr18 3lw",DD,Monthly,Archie Scotts,2025-06-24,2026-06-24,,,,,,,,2025-06-24,2026-06-24,,,,,,2360,,2025-06-24 15:09:59 UTC,,1200,
Rutland House Surgery,,Invoice Sent,,2025-07-24,,,,,,,"Rutland House Surgery
40 Colney Hatch Lane
MUSWELL HILL London N101DU",DD,Monthly,MJ RAHMAN,2025-06-23,2026-06-23,,,,,,,,2025-06-23,2026-06-23,,,,,,2357,,2025-06-24 15:05:14 UTC,,720,
Mytton Oak Practice,,Invoice Sent,,2025-07-24,,,,,,,"Mytton Oak Medical Practice
Race Course Lane
Shrewsbury Shropshire SY3 5LZ",DD,Monthly,Rick Mills,2025-06-20,2026-06-19,,,,,,,,2025-06-20,2026-06-19,,,,,,2358,,2025-06-24 11:36:28 UTC,,960,
PENRHYN SURGERY,,Invoice Sent,,2025-07-24,,,,,,,"Penrhyn Surgery
2a, Penrhyn Avenue
Walthamstow London E17 5DB",DD,Monthly,Kayode Oremakinde,2025-06-20,2026-06-19,,,,,,,,2025-06-20,2026-06-19,,,,,,2359,,2025-06-24 09:14:18 UTC,,720,
Waltham Forest Walthamstow Central PCN,,Invoice Sent,,2025-07-23,,,,,,,"Addison Road Medical Practice
46 Ravenswood Road
Walthamstow
London
E17 9LY",DD,Monthly,Janakan Crofton,2025-06-16,2026-06-16,,,,,,,,2025-06-16,2026-06-16,,,,,,2363,,2025-06-23 14:49:00 UTC,,720,
Lambeth Digital Inclusion Tool - Hosting Jul 25-Jul 26,,Invoice Sent,,2025-07-27,,,,,,,,,,,,,,,,,,,,,,,,,,,2379,,2025-06-27 12:40:27 UTC,,600,
Cumberland House Surgery,,Invoice Sent,,2025-08-08,,,,,,,"Southport and Formby Health
3 Wight Moss Way, Southport Business Park
Southport Merseyside PR84HQ",DD,Monthly,Matthew Smith,2025-07-09,2026-07-09,,,,,,,,2025-07-09,2026-07-09,,,,,,2432,,2025-07-09 11:10:33 UTC,,480,
Harewood Medical,,Invoice Sent,,2025-08-06,,,,,,,"42 Richmond Road
Catterick Garrison
DL9 4NR",DD,Monthly,Harewood Medical Practice,2025-07-07,2026-07-06,,,,,,,,2025-07-07,2026-07-06,,,,,,2427,,2025-07-07 16:41:56 UTC,,480,
Shakespeare Road Medical Practice,,Invoice Sent,,2025-08-06,,,,,,,"Shakespeare Road Medical Practice
Shakespeare Road
Basingstoke Hampshire RG24 9DT",DD,Monthly,Glenn Hirst,2025-07-31,2026-07-31,,,,,,,,2025-07-31,2026-07-31,,,,,,2426,,2025-07-07 12:21:12 UTC,,480,
Swanswell Medical Centre,,Invoice Sent,,2025-08-06,,,,,,,"Swanswell Medical Centre
370 Gospel Lane
BIRMINGHAM WEST MIDLANDS B27 7AL",DD,Monthly,John Paul Sanders,2025-07-11,2026-07-10,,,,,,,,2025-07-11,2026-07-10,,,,,,2425,,2025-07-07 12:13:47 UTC,,480,
Corner Place Surgery,,Invoice Sent,,2025-07-30,,,,,,,"Corner Place Surgery
46a Dartmouth Rd
Paignton Devon TQ4 5AH",DD,Monthly,Evie Rogers,2025-06-30,2026-06-30,,,,,,,,2025-06-30,2026-06-30,,,,,,2383,,2025-06-30 12:14:07 UTC,,480,
MMP,,Invoice Sent,,2025-07-27,,,,,,,"7 Willow Road, Birmingham, B43 6LB",DD,Monthly,Vyom Consultancy Ltd,2025-07-01,2026-06-30,,,,,,,,2025-07-01,2026-06-30,,,,,,2384,,2025-06-27 08:53:42 UTC,,6000,
Crown Medical Practice,,Invoice Sent,,2025-08-03,,,,,,,"Upper Gungate, Tamworth B79 7EA",DD,Monthly,Crown Medical Practice,2025-07-04,2026-07-03,,,,,,,,2025-07-04,2026-07-03,,,,,,2450,,2025-07-04 08:17:29 UTC,,480,
Parc Canol Group Practice,,Invoice Sent,,2025-08-13,,,,,,,"Parc Canol Group Practice
Central Park
Church Village Pontypridd CF38 1RJ",DD,Monthly,David Kingsland,2025-07-25,2026-07-24,,,,,,,,2025-07-25,2026-07-24,,,,,,2451,,2025-07-14 13:54:56 UTC,,720,
Affordable Living Stoke,,Invoice Sent,,2025-08-03,,,,,,,"affordable foods stoke
meaford drive
stoke staffs st3 2bb",DD,Monthly,Michael Sheldon,2025-07-03,2026-07-03,,,,,,,,2025-07-03,2026-07-03,,,,,,2449,,2025-07-04 12:32:58 UTC,,480,
Haxby Group York,,Invoice Sent,,2025-07-19,,,,,,,"Haxby Group Practice
Gale Farm Surgery 109-119 Front Street, Acomb
York
North Yorkshire
YO24 3BU",DD,Monthly,Nicole Zannikos,2025-06-18,2026-06-18,,,,,,,,2025-06-18,2026-06-18,,,,,,2406,,2025-06-19 10:13:18 UTC,,480,
Stonegate Medical Clinic,,Invoice Sent,,2025-07-20,,,,,,,"York Private Medical LTD
Dr William Robertson
Stonegate Medical Clinic, 23 Stonegate
York
North Yorkshire
YO1 8AW",Invoice,One off,William Robertson,2025-06-20,2025-08-14,,,,,,,,2025-06-20,2025-08-14,,,,,,2406,,2025-06-20 12:15:33 UTC,,300,
Haxby Group Scarborough and Hull,,Invoice Sent,,2025-07-19,,,,,,,"HBG Ltd
Gale Farm Surgery 109-119 Front Street, Acomb, York, North Yorkshire, YO24 3BU
York
North Yorkshire
yo243bu",DD,Monthly,Nicole Zannikos,2025-06-18,2026-06-18,,,,,,,,2025-06-18,2026-06-18,,,,,,2361,,2025-06-19 09:23:01 UTC,,960,
SMD Pharmacy,,Invoice Sent,,2025-07-29,,,,,,,,,,,,,,,,,,,,,,,,,,,2453,,2025-06-29 12:09:27 UTC,,480,
Ethos,,Invoice Sent,,2025-08-21,,,,,,,,,,,,,,,,,,,,,,,,,,,2475,,2025-07-22 12:02:44 UTC,,240,
Concord Medical Practice,,Invoice Sent,,2025-08-21,,,,,,,"Concord Medical Practice
Victoria Road Health Centre
Washington Tyne & Wear NE37 2PU",DD,Monthly,Emma Ferguson,2025-07-22,2026-07-22,,,,,,,,2025-07-22,2026-07-22,,,,,,2473,,2025-07-22 09:49:36 UTC,,480,
Galleries Medical Practice,,Invoice Sent,,2025-08-17,,,,,,,,,,,,,,,,,,,,,,,,,,,2466,,2025-07-18 13:50:59 UTC,,480,
Birchwood Medical Practice,,Invoice Sent,,2025-08-17,,,,,,,,,,,,,,,,,,,,,,,,,,,2467,,2025-07-18 11:18:16 UTC,,600,
South Grange Medical Group,,Invoice Sent,,2025-08-27,,,,,,,"South Grange Medical Group Practice
Trunk Road
Middlesbrough Cleveland TS6 9QG",DD,Monthly,Dr Hameed,2025-07-28,2026-07-28,,,,,,,,2025-07-28,2026-07-28,,,,,,2501,,2025-07-28 16:58:43 UTC,,720,
The Spa Surgery,,Invoice Sent,,2025-08-27,,,,,,,,DD,Monthly,,,,,,,,,,,,,,,,,,2495,,2025-07-28 11:33:57 UTC,,480,
ESPLANADE SURGERY,,Invoice Sent,,2025-08-24,,,,,,,"The Esplanade Surgery
19 The Esplanade
Ryde Isle of Wight PO30 4BP",DD,Monthly,Jonathan Matthews,2025-07-25,2026-07-24,,,,,,,,2025-07-25,2026-07-24,,,,,,2493,,2025-07-25 10:15:15 UTC,,480,
Feltwell & The Park,,Invoice Sent,,2025-08-15,,,,,,,,,,Norfolk ICB,2025-07-16,2026-07-15,,,,,,,,2025-07-16,2026-07-15,,,,,,2320,,2025-07-16 13:56:45 UTC,,480,
Moorcroft Medical Centre & Holmcroft Surgery,,Invoice Sent,,2025-08-30,,,,,,,"NORTH STAFFORDSHIRE COMBINED HEAL THCARE NHS TRUST
BENNETT HOUSE, 2ND FLOOR EAST, TOWN ROAD
STOKE-ON-TRENT STOKE-ON-TRENT ST1 2QB",Invoice,Annual,Thomas Egginton,2025-09-30,2026-09-30,,,,,,,,2025-09-30,2026-09-30,,,,,,2508,,2025-07-31 09:37:22 UTC,,998,
North Cumbria - Potential PCN training session for NHS app,,Invoice Sent,,2025-08-13,,,,,,,,,,,,,,,,,,,,,,,,,,,2509,,2025-07-14 08:37:53 UTC,,2520,
Westgate Surgery,,Invoice Sent,,2025-08-30,,,,,,,"Westgate Surgery
60 Westgate Bay Avenue
Westgate-on-sea Kent CT8 8SN",DD,Monthly,Sally Thomas,2025-08-01,2026-07-31,,,,,,,,2025-08-01,2026-07-31,,,,,,2515,,2025-07-31 09:44:07 UTC,,480,
Stanmore House Surgery,,Invoice Sent,,2025-09-06,,,,,,,"Stanmore House Surgery
Linden Avenue
Kidderminster Worcestershire DY10 3AA",DD,Monthly,Rachel Deakin,2025-08-08,2026-08-07,,,,,,,,2025-08-08,2026-08-07,,,,,,2555,,2025-08-07 11:19:36 UTC,,480,
Mount Chambers Medical Practice,,Invoice Sent,,2025-09-10,,,,,,,"Mount Chambers Surgery
92 Coggeshall Road
Braintree Essex CM7 9BY",DD,Monthly,Sally Marsh,2025-08-08,2026-08-07,,,,,,,,2025-08-08,2026-08-07,,,,,,2575,,2025-08-11 11:43:27 UTC,,720,
Littleborough Group Practice,,Invoice Sent,,2025-09-12,,,,,,,"Littleborough Group Practice
Featherstall Road
Littleborough Greater Manchester OL158HF",DD,Monthly,Sarah Waqar,2025-08-08,2026-08-07,,,,,,,,2025-08-08,2026-08-07,,,,,,2587,,2025-08-13 08:52:53 UTC,,480,
Rother Valley South PCN,,Invoice Sent,,2025-09-04,,,,,,,"Rother Valley South PCN Ltd
Dinnington Surgery, New Street
Sheffield Yorkshire S81 8HF",Invoice,Annual,Katie Smith,2025-08-01,2026-07-31,,,,,,,,2025-08-01,2026-07-31,,,,,,2510,,2025-08-05 13:38:25 UTC,,499,
St Peters Health Centre & Queens Road Surgery,,Invoice Sent,,2025-09-06,,,,,,,"Queens Road Surgery & St Peters Health Centre
282 Queens RoadLeicester Leicestershire LE2 3FU",DD,Monthly,Crystal Dsouza,2025-08-08,2026-08-07,,,,,,,,2025-08-08,2026-08-07,,,,,,2554,,2025-08-07 10:30:46 UTC,,720,
Ashford Medical Partnership,,Invoice Sent,,2025-09-04,,,,,,,"Ashford Medical Partnership
Willesborough Health Centre, Bentley Road
Ashford Kent TN24 0HZ",DD,Monthly,Tim Pethick,2025-08-08,2026-08-07,,,,,,,,2025-08-08,2026-08-07,,,,,,2559,,2025-08-05 10:09:18 UTC,,480,
Sheerness Health Centre,,Invoice Sent,,2025-08-30,,,,,,,"Aspire Medical Health
Marlowe Park Medical CentreWells Road Strood ME2 2PW",Invoice,Annual,Mohammad Halim,2025-07-29,2026-02-11,,,,,,,,2025-07-29,2026-02-11,,,,,,2513,,2025-07-31 14:19:30 UTC,,406,
Together First CIC SMMS,,Invoice Sent,,2025-08-29,,,,,,,"Together First CIC
Laburnum Health Centre, Althorne Way
Dagenham London RM10 7DF",DD,Monthly,Hetal Shaikh,2025-07-29,2026-07-29,,,,,,,,2025-07-29,2026-07-29,,,,,,2511,,2025-07-30 10:18:49 UTC,,1800,
Together First CIC Newsletters,,Invoice Sent,,2025-08-29,,,,,,,"Together First CIC
Laburnum Health Centre, Althorne Way
Dagenham London RM10 7DF",DD,Monthly,Hetal Shaikh,2025-07-29,2026-07-29,,,,,,,,2025-07-29,2026-07-29,,,,,,2516,,2025-07-30 10:18:51 UTC,,2400,
Filey and Scarborough Healthier Communities Network,,Invoice Sent,,2025-08-28,,,,,,,"Filey and Scarborough Healthier Communities Network
C/O Filey Surgery, Station Avenue
Filey
North Yorkshire
YO14 9AE",Invoice,Annual,James Bowman,2025-08-22,2026-08-21,,,,,,,,2025-08-22,2026-08-21,,,,,,2502,,2025-07-29 09:56:10 UTC,,1996,
Church Stretton Medical Practice,,Invoice Sent,,2025-08-28,,,,,,,,,,,,,,,,,,,,,,,,,,,2517,,2025-07-29 09:48:04 UTC,,480,
Hellesdon and Paston (2 Norfolk additions),,Invoice Sent,,2025-08-23,,,,,,,,,,,,,,,,,,,,,,,,,,,2412,,2025-07-24 13:22:38 UTC,,1795,
Longton Hall Surgery,,Invoice Sent,,2025-08-14,,,,,,,,,,,,,,,,,,,,,,,,,,,2455,,2025-07-15 15:59:46 UTC,,680,
Polden Medical Practice,,Invoice Sent,,2025-08-08,,,,,,,,,,,,,,,,,,,,,,,,,,,,,2025-07-09 08:23:07 UTC,,516,
Sale PCN,,Invoice Sent,,2025-08-14,,,,,,,,Invoice,,,,,,,,,,,,,,,,,,,2468,,2025-07-15 08:09:53 UTC,,12500,
Lancashire County Council -Sakthi,,Invoice Sent,,2025-08-14,,,,,,,,,,,,,,,,,,,,,,,,,,,2459,,2025-07-15 12:08:52 UTC,,24500,
Inquiry About Patient Note Summarising Master Bundle Course,,Invoice Sent,,2025-08-20,,,,,,,,,,Christen Turnbull,,,,,,,,,,,,,,,,,2469,,2025-07-21 08:21:17 UTC,,390,
Tower House Surgery,,Invoice Sent,,2025-08-29,,,,,,,,,,,,,,,,,,,,,,,,,,,2518,,2025-07-30 12:19:43 UTC,,480,
Royton & Crompton Family Practice,,Invoice Sent,,2025-09-19,,,,,,,"The Royton and Crompton Family practice
Royton Health and Wellbeing Centre
Park st Royton OL2 6QW",DD,Monthly,Anne Pearson,2025-08-18,2026-08-18,,,,,,,,2025-08-18,2026-08-18,,,,,,2607,,2025-08-20 15:38:17 UTC,,720,
Harewood Medical Practice,,Invoice Sent,,2025-09-21,,,,,,,"42 Richmond Road
Catterick Garrison North Yorkshire DL9 3JD",DD,Monthly,,,,,,,,,,,,,,,,,,2614,,2025-08-22 13:39:10 UTC,,890,
The Elms Medical Centre,,Invoice Sent,,2025-09-21,,,,,,,"The Elms Medical Practice
2nd Floor, Fountains Health, Delamere Street
Chester Cheshire CH1 4DS",DD,Monthly,Atiya Alam-Jones,2025-08-18,2026-08-18,,,,,,,,2025-08-18,2026-08-18,,,,,,2613,,2025-08-22 11:02:01 UTC,,480,
Kleyn Healthcare - Private GPs,,Invoice Sent,,2025-09-21,,,,,,,,DD,Monthly,Michihiro Tomonaga,2025-08-15,2026-02-13,,,,,,,,2025-08-15,2026-02-13,,,,,,2612,,2025-08-22 10:44:33 UTC,,2100,
Ringmead Medical Group,,Invoice Sent,,2025-09-25,,,,,,,"Ringmead Medical Group
Birch Hill Medical Centre, Leppington
Bracknell Berkshire RG12 7WW",DD,Monthly,Martyne Vermaak,2025-08-12,2026-08-12,,,,,,,,2025-08-12,2026-08-12,,,,,,2669,,2025-08-26 09:59:29 UTC,,720,
Hazelvalley Family Practice,,Invoice Sent,,2025-10-02,,,,,,,"Hazelvalley Ltd
7-9 Manchester Road
Haslingden Rossendale BB4 5SL",DD,Monthly,Charlotte Sheikh,2025-09-01,2026-09-01,,,,,,,,2025-09-01,2026-09-01,,,,,,2676,,2025-09-02 12:59:55 UTC,,720,
Collingham Medical Centre,,Invoice Sent,,2025-10-08,,,,,,,"Collingham Medical Centre
High ST, Collingham,
Newark Nottinghamshire NG23 7LB",DD,Monthly,Samantha Ward,2025-09-05,2026-09-04,,,,,,,,2025-09-05,2026-09-04,,,,,,2698,,2025-09-08 08:34:05 UTC,,480,
Addison Road Medical Practice,,Invoice Sent,,2025-09-25,,,,,,,"Addison Road Medical Practice
46 Ravenswood Road
Walthamstow London E17 9LY",DD,Monthly,Janakan Crofton,2025-08-29,2026-08-28,,,,,,,,2025-08-29,2026-08-28,,,,,,2363,,2025-08-26 13:44:34 UTC,,720,
Boundaries Surgery,,Invoice Sent,,2025-10-16,,,,,,,"Boundaries Surgery
17 Winchester Road, Four Marks
Alton Hampshire GU34 5HG",DD,Monthly,Mel Watson,2025-09-19,2026-09-18,,,,,,,,2025-09-19,2026-09-18,,,,,,2735,,2025-09-16 10:45:24 UTC,,480,
Talbot Medical Centre,,Invoice Sent,,2025-10-11,,,,,,,"Talbot Medical Centre
63 Kinson Road
Bournemouth Dorset BH10 4BX",DD,Monthly,Simon Davey,2025-09-11,2026-09-11,,,,,,,,2025-09-11,2026-09-11,,,,,,2709,,2025-09-11 12:47:44 UTC,,720,
Mewstone PCN,,Invoice Sent,,2025-09-19,,,,,,,"Unit 1, 5 Research Way, Plymouth Science Park, PL6 8BT",DD,Monthly,Sentinel Healthcare SW CIC,2025-09-01,2026-08-31,,,,,,,,2025-09-01,2026-08-31,,,,,,2641,,2025-08-20 10:41:55 UTC,,4050,
New Horizons Medical Partnership,,Invoice Sent,,2025-10-10,,,,,,,"New Horizons Medical Partnership
Forest Gate Surgery
Hazel Farm Road Totton SO40 8WU",DD,Monthly,Josephine Cassell,2025-09-05,2026-09-04,,,,,,,,2025-09-05,2026-09-04,,,,,,2736,,2025-09-10 09:50:18 UTC,,480,
Streatham High Practice,,Invoice Sent,,2025-10-22,,,,,,,STREATHAM HIGH PRACTICE 2-8 GRACEFIELD GARDENS LONDON SW16 2ST,Invoice,One off,,,,,,,,,,,,,,,,,,2753,,2025-09-22 10:37:50 UTC,,7020,
Wyvern Health PCN,,Invoice Sent,,2025-10-22,,,,,,,"Wyvern Health PCN
Priory Road Medical Centre
Priory Road
Wiltshire
SN3 2EZ",Invoice,Annual,Renata Smolskyte,2025-09-23,2025-09-23,,,,,,,,2025-09-23,2025-09-23,,,,,,2754,,2025-09-22 14:01:32 UTC,,1497,
Wickford PCN,,Invoice Sent,,2025-10-17,,,,,,,,,,,,,,,,,,,,,,,,,,,2778,,2025-09-17 11:43:40 UTC,,3000,
THE PEEL MEDICAL PRACTICE,,Invoice Sent,,2025-07-30,,,,,,,"Peel Medical Practice
2 Aldergate Tamworth B797DJ",DD,Monthly,Sharon Crosby,2025-09-30,2026-09-30,,,,,,,,2025-09-30,2026-09-30,,,,,,2834,,2025-06-30 12:01:50 UTC,,480,
Rising Brook Surgery,,Invoice Sent,,2025-07-31,,,,,,,"Rising Brook Surgery
Stafford Staffordshire ST17 9LY",DD,Monthly,Emma Shenton,2025-09-30,2026-09-30,,,,,,,,2025-09-30,2026-09-30,,,,,,2812,,2025-07-01 15:38:25 UTC,,480,
Chadsmoor Medical Practice,,Invoice Sent,,2025-08-01,,,,,,,"Chadsmoor Medical Practice
45 Princess Street
Cannock Staffordshire WS11 5JT",DD,Monthly,Emma Shenton,2025-09-30,2026-09-30,,,,,,,,2025-09-30,2026-09-30,,,,,,2811,,2025-07-02 11:26:54 UTC,,480,
Darwin Medical Practice,,Invoice Sent,,2025-08-21,,,,,,,"Darwin Medical Practice
Greenwood Health Centre, Lichfield Road
Burntwood Staffordshire WS7 0AQ",DD,Monthly,Sharon Bean,2025-09-30,2026-09-30,,,,,,,,2025-09-30,2026-09-30,,,,,,2810,,2025-07-22 13:30:19 UTC,,480,
Wolverhampton Road Surgery,,Invoice Sent,,2025-08-22,,,,,,,"Wolverhampton Road Surgery
Wolverhampton Road
Stafford Staffs ST16 4BS",DD,Monthly,Paul Meredith,2025-09-30,2026-09-30,,,,,,,,2025-09-30,2026-09-30,,,,,,2809,,2025-07-23 09:26:53 UTC,,480,
Northgate Surgery,,Invoice Sent,,2025-08-22,,,,,,,"Northgate Surgery
7 Carters Square
Uttoxeter Staffordshire ST14 7FN",DD,Monthly,Mark Goldstraw-Davis,2025-09-30,2026-09-30,,,,,,,,2025-09-30,2026-09-30,,,,,,2808,,2025-07-23 11:40:28 UTC,,480,
Castlefields Surgery,,Invoice Sent,,2025-08-22,,,,,,,"Castlefields Surgery
Castle Way
Stafford Staffordshire ST16 1BS",DD,Monthly,Thereza Forrester,2025-09-30,2026-09-30,,,,,,,,2025-09-30,2026-09-30,,,,,,2807,,2025-07-23 12:34:39 UTC,,480,
Hartshill Medical Centre,,Invoice Sent,,2025-08-28,,,,,,,"Hartshill Medical Centre
Ashwell Road, Hartshill
Stoke-on-Trent Staffordshire ST4 6AT",DD,Monthly,Alison Challinor,2025-09-30,2026-09-30,,,,,,,,2025-09-30,2026-09-30,,,,,,2806,,2025-07-29 10:15:13 UTC,,480,
Trentham Mews Medical Centre,,Invoice Sent,,2025-09-04,,,,,,,"Trentham Mews Medical Centre
Eastwick Crescent
Stoke-on-Trent Staffordshire ST4 8XP",DD,Monthly,Grace McPherson,2025-09-30,2026-09-30,,,,,,,,2025-09-30,2026-09-30,,,,,,2802,,2025-08-05 09:35:45 UTC,,480,
Salters Meadow Health Centre,,Invoice Sent,,2025-09-04,,,,,,,"Salters Meadow Centre
Rugeley Road, Chase Terrace
Burntwood Staffs WS7 1AQ",DD,Monthly,Lucy Tabberer,2025-09-30,2026-09-30,,,,,,,,2025-09-30,2026-09-30,,,,,,2801,,2025-08-05 10:05:31 UTC,,720,
Mansion House Surgery,,Invoice Sent,,2025-09-05,,,,,,,"Mansion House Surgery
Abbey Street
Stone Staffordshire ST15 8YE",DD,Monthly,Anne-Marie Mountford,2025-09-30,2025-09-30,,,,,,,,2025-09-30,2025-09-30,,,,,,2800,,2025-08-06 08:41:59 UTC,,720,
Weeping Cross Health Partnership,,Invoice Sent,,2025-09-06,,,,,,,"Weeping Cross Health Centre
Bodmin Avenue
Stafford Stafford ST17 0EG",DD,Monthly,Gareth Edwards,2025-09-30,2026-09-30,,,,,,,,2025-09-30,2026-09-30,,,,,,2799,,2025-08-07 10:35:11 UTC,,480,
Newcastle South PCN,,Invoice Sent,,2025-09-18,,,,,,,"Newcastle South PCN
c/o Kingsbridge Medical Practice
Kingsbridge Avenue Newcastle under Lyme ST5 3HP",DD,Monthly,Alison Moore,2025-09-30,2026-09-30,,,,,,,,2025-09-30,2026-09-30,,,,,,2784,,2025-08-19 10:51:34 UTC,,2880,
Crown Medical Practice,,Invoice Sent,,2025-09-19,,,,,,,"Crown Medical Practice
Tamworth Health Centre
Upper Gungate Staffs B79 7EA",DD,Monthly,Anne-Marie Thompson,2025-09-30,2026-09-30,,,,,,,,2025-09-30,2026-09-30,,,,,,2798,,2025-08-20 11:25:28 UTC,,480,
Aelfgar Surgery,,Invoice Sent,,2025-10-09,,,,,,,"Aelfgar Surgery
Church Street
Rugeley Staffs WS15 2AB",DD,Monthly,Lisa Smith,2025-09-30,2026-09-30,,,,,,,,2025-09-30,2026-09-30,,,,,,2795,,2025-09-09 08:59:05 UTC,,480,
Upper Gordon Road Surgery,,Invoice Sent,,2025-10-09,,,,,,,,DD,Monthly,,2025-10-01,2026-09-30,,,,,,,,,,,,,,,2794,,2025-09-09 12:22:21 UTC,,480,
Baddeley Green Surgery,,Invoice Sent,,2025-10-17,,,,,,,"Dr Konstadina Kostakopoulou
Baddeley Green Surgery
988 Leek New Road
Stoke on Trent Staffordshire ST9 9PB",DD,Monthly,Julie Downie,2025-09-30,2026-09-30,,,,,,,,2025-09-30,2026-09-30,,,,,,2793,,2025-09-17 10:12:59 UTC,,480,
Brereton Surgery,,Invoice Sent,,2025-10-18,,,,,,,"Brereton Surgery
88 Main Road Brereton
Rugeley Staffs WS15 1DU",DD,Monthly,Louise Pike,2025-09-30,2026-09-30,,,,,,,,2025-09-30,2026-09-30,,,,,,2792,,2025-09-18 13:49:47 UTC,,480,
Milehouse Medical Practice,,Invoice Sent,,2025-10-22,,,,,,,"Milehouse Medical Practice
6 Elder Road , Cobridge
Stoke-on-Trent Staffordshire ST6 2HE",DD,Monthly,Latif Hussain,2025-09-30,2026-09-30,,,,,,,,2025-09-30,2026-09-30,,,,,,2791,,2025-09-22 09:01:22 UTC,,480,
Cobridge Surgery,,Invoice Sent,,2025-10-22,,,,,,,"Cobridge Surgery
Cobridge Community Centre
Church Terrace Staffordshire ST6 2JN",DD,Monthly,Rachel Wain,2025-09-30,2026-09-30,,,,,,,,2025-09-30,2026-09-30,,,,,,2790,,2025-09-22 09:05:30 UTC,,480,
Leek and Biddulph PCN,,Invoice Sent,,2025-10-26,,,,,,,"Leek and Biddulph PCN Limited
Biddulph PCC
Wharf Street Biddulph ST8 6AG",DD,Monthly,,2025-09-30,2026-09-30,,,,,,,,2025-09-30,2026-09-30,,,,,,2788,,2025-09-26 08:48:28 UTC,,2400,
Mercian PCN,,Invoice Sent,,2025-10-26,,,,,,,"Mercian GP Network Ltd (for Mercian PCN)
G4-G5 Bellringer Road
Trentham Stoke on Trent ST4 8GB",DD,Monthly,,2025-09-30,2026-09-30,,,,,,,,2025-09-30,2026-09-30,,,,,,2789,,2025-09-26 14:44:40 UTC,,480,
Higherland Surgery,,Invoice Sent,,2025-10-30,,,,,,,"Higherland Surgery
3 Orme Road,
Newcastle Staffs ST5 2UE",DD,Monthly,Tracy Stephens,2025-09-30,2026-09-30,,,,,,,,2025-09-30,2026-09-30,,,,,,2787,,2025-09-30 09:38:26 UTC,,480,
Forge Medical,,Invoice Sent,,2025-10-29,,,,,,,"Pallion Park, Pallion, Sunderland, SR4 6QE",DD,Monthly,Forge Medical Practice,,,,,,,,,,,,,,,,,2896,,2025-09-29 13:51:23 UTC,,630,
Laurel House Surgery,,Invoice Sent,,2025-10-30,,,,,,,"Laurel House Surgery
12 Albert Road
Tamworth Staffs B79 7JN",DD,Monthly,Lou Wyatt,2025-09-30,2026-09-30,,,,,,,,2025-09-30,2026-09-30,,,,,,2786,,2025-09-30 09:51:16 UTC,,720,
Cornishway Group Practice,,Invoice Sent,,2025-10-30,,,,,,,"Cornishway Group Practice
Forum Health, Simonsway,
Wythenshawe Manchester M22 5RX",DD,Monthly,jaylee.turner1@nhs.net,2025-09-19,2026-09-18,,,,,,,,2025-09-19,2026-09-18,,,,,,2782,,2025-09-30 13:37:02 UTC,,480,
Heathview Medical Practice,,Invoice Sent,,2025-10-30,,,,,,,"Heathview medical Practice
60 Caledonian
Tamworth Staffs B77 2ED",DD,Monthly,Sonya Lowe,2025-09-30,2026-09-30,,,,,,,,2025-09-30,2026-09-30,,,,,,2836,,2025-09-30 15:17:17 UTC,,480,
Potteries Medical Centre,,Invoice Sent,,2025-10-31,,,,,,,"Potteries Medical Centre
Beverley Drive
Stoke-on-Trent Staffordshire ST2 0JG",DD,Monthly,Claire Woodfint,2025-09-30,2026-09-30,,,,,,,,2025-09-30,2026-09-30,,,,,,2837,,2025-10-01 13:11:32 UTC,,480,
Tri-Links Medical Practice,,Invoice Sent,,2025-11-02,,,,,,,"Tri-Links Medical Practice
130 Tamworth Road
Tamworth Staffordshire B773BZ",DD,Monthly,Rachel Mansell,2025-09-30,2026-09-30,,,,,,,,2025-09-30,2026-09-30,,,,,,2844,,2025-10-03 08:50:22 UTC,,480,
Stenhouse Medical Centre,,Invoice Sent,,2025-11-06,,,,,,,"Stenhouse Medical Centre
66 Furlong Street
Arnold Nottingham NG5 7BP",DD,Monthly,Claire Glover,2025-10-07,2026-10-07,,,,,,,,2025-10-07,2026-10-07,,,,,,2899,,2025-10-07 11:28:22 UTC,,480,
Treflan Surgery - Wales,,Invoice Sent,,2025-11-06,,,,,,,"Treflan Surgery
Lower Cardiff Road
Pwllheli Gwynedd LL53 5NF",DD,Monthly,Tracey Banks,2025-10-07,2026-10-07,,,,,,,,2025-10-07,2026-10-07,,,,,,2852,,2025-10-07 09:49:28 UTC,,480,
Gosport Central PCN,,Invoice Sent,,2025-11-02,,,,,,,"Hampshire & IOW Healthcare NHS Foundation Trust
RW1 Payable, PO Box 312
Leeds LS11 1HP",Invoice,Annual,Rachel Hunter,2025-09-23,2026-09-23,,,,,,,,2025-09-23,2026-09-23,,,,,,2891,,2025-10-03 15:21:25 UTC,,2696,
ADASS - Digital Champions work for care home staff,,Invoice Sent,,2025-10-09,,,,,,,,,,,,,,,,,,,,,,,,,,,2896,,2025-09-09 08:40:28 UTC,,32500,
Meir PCN,,Invoice Sent,,2025-09-28,,,,,,,"Meir Primary Care Network
c/o Dr Raju & Partners, Meir Primary Care Centre, Weston Road, Meir
Stoke on Trent Staffs ST3 6AB",DD,Monthly,Joanne Carpenter,2025-09-30,2026-09-30,,,,,,,,2025-09-30,2026-09-30,,,,,,2797,,2025-08-29 11:09:44 UTC,,480,
BP Delegate Non-HCP - Lounge Access Weeping Cross,,Invoice Sent,,2025-11-13,,,,,,,,,,,,,,,,,,,,,,,,,,,2898,,2025-10-14 11:39:08 UTC,,1440,
PARADISE MEDICAL CENTRE,,Invoice Sent,,2025-09-26,,,,,,,,,,,,,,,,,,,,,,,,,,,2657,,2025-08-27 18:19:37 UTC,,720,
NHS North West Leadership Academy Autumn Edition,,Invoice Sent,,2025-09-21,,,,,,,,,,,,,,,,,,,,,,,,,,,2890,,2025-08-22 11:48:17 UTC,,2550,
Silverdale & Ryecroft Practice,,Invoice Sent,,2025-08-17,,,,,,,"Silverdale and Ryecroft Practice
Vale Pleasant
Silverdale Staffordshire ST5 6PS",DD,Monthly,Joanne Abbotts,2025-09-30,2026-09-30,,,,,,,,2025-09-30,2026-09-30,,,,,,2412,,2025-07-18 09:18:31 UTC,,480,
Hill Brow Partnership - Part One,,Invoice Sent,,2025-11-05,,,,,,,,,,,,,,,,,,,,,,,,,,,2900,,2025-10-06 14:01:49 UTC,,210,
Hyndburn Central PCN,,Invoice Sent,,2025-11-16,,,,,,,,,,,,,,,,,,,,,,,,,,,2923,,2025-10-17 09:58:24 UTC,,75,
Collingham Pharmacy,,Invoice Sent,,2025-11-14,,,,,,,"Collingham Supplies L TD
Higgh St Collingham
Newark Nottinghamshire NG23 7LB",DD,Monthly,Samantha Ward,2025-10-15,2026-10-15,,,,,,,,2025-10-15,2026-10-15,,,,,,2907,,2025-10-15 16:18:02 UTC,,480,
NHS Health Check Videos,,Invoice Sent,,2025-09-27,,,,,,,,,,,,,,,,,,,,,,,,,,,2904,,2025-08-28 08:40:18 UTC,,2600,
James Wigg Group Practice,,Invoice Sent,,2025-11-26,,,,,,,"2 Bartholomew Road
Kentish Town Health Centre London NW5 2BX",Invoice,Two Payments,James Wigg Group Practice,,,,,,,,,,,,,,,,,2952,,2025-10-27 11:41:13 UTC,,1200,
The Ridge Medical Practice,,Invoice Sent,,2025-11-23,,,,,,,"The Ridge Medical Centre, Cousen Road, Great Horton Bradford West Yorkshire BD7 3J",DD,Monthly,The Ridge Medical Practice,,,,,,,,,,,,,,,,,2950,,2025-10-24 16:32:17 UTC,,1350,
Chorley Surgery,,Invoice Sent,,2025-11-22,,,,,,,"24-26 Gillibrand Street
Chorley Lancashie PR7 2EJ",DD,Monthly,Chorley Surgery,2025-10-24,2026-10-23,,,,,,,,,,,,,,,2951,,2025-10-23 16:43:38 UTC,,980,
The Swan Surgery,,Invoice Sent,,2025-11-21,,,,,,,"Northgate Business Park, Northgate Street
Bury St Edmunds Suffolk IP33 1AE",DD,Monthly,Swan Surgery,2025-10-22,2026-10-21,,,,,,,,2025-10-22,2026-10-21,,,,,,2935,,2025-10-22 12:10:17 UTC,,480,
Nottingham City GPA,,Invoice Sent,,2025-11-20,,,,,,,"Nottingham City GP Alliance
79a Upper Parliament Street
Nottingham Nottinghamshire NG1 6LD",DD,Monthly,Nicola Conwill-Brittain,2025-10-17,2026-10-16,,,,,,,,2025-10-17,2026-10-16,,,,,,2927,,2025-10-21 10:54:39 UTC,,2400,
Forge Medical Practice,,Invoice Sent,,2025-11-20,,,,,,,"Forge Medical Practice
Pallion Park
Sunderland Tyne and wear sr4 6qe",DD,Monthly,Lisa O'Keefe,2025-10-18,2026-10-18,,,,,,,,2025-10-18,2026-10-18,,,,,,2925,,2025-10-21 07:56:36 UTC,,480,
Llandaff and Pentyrch Surgeries,,Invoice Sent,,2025-11-19,,,,,,,"Llandaff & Pentyrch Surgery
19a High Street
Llandaff Cardiff CF5 2DY",DD,Monthly,Tracey Enright,2025-10-15,2026-10-15,,,,,,,,2025-10-15,2026-10-15,,,,,,2924,,2025-10-20 10:53:12 UTC,,480,
Pendle East PCN yr 2,,Invoice Sent,,2025-10-29,,,,,,,,Invoice,Monthly,Pendle East PCN,2024-10-01,2024-12-31,,,,,,,,2024-10-01,2024-12-31,,,,,,2958,,2025-09-29 13:14:06 UTC,,60000,
Dr Matt Teesdale,,Invoice Sent,,2025-12-05,,,,,,,"Penistone Group Practice
19 High Street, Penistone, S36 6BR",Invoice,Annual,Penistone Group Practice,,,,,,,,,,,,,,,,,3035,,2025-11-05 12:40:39 UTC,,440,
Tarleton Group Practice,,Invoice Sent,,2025-12-05,,,,,,,"The Health Centre
Gorse Lane Tarleton Pr4 6UJ",Invoice,Annual,Tarleton Group Practice,,,,,,,,,,,,,,,,,3034,,2025-11-05 11:32:30 UTC,,440,
Bosvena Health (Three Harbours & Bosvena PCN),,Invoice Sent,,2025-12-04,,,,,,,"Bosvena Health
Stillmoor House Site, Bell Lane
Bodmin Cornwall PL31 2JJ",DD,Monthly,Rebecca Harris,2025-10-31,2026-10-30,,,,,,,,2025-10-31,2026-10-30,,,,,,3033,,2025-11-04 20:46:16 UTC,,480,
THE GOLBORNE MEDICAL CENTRE,,Invoice Sent,,2025-12-03,,,,,,,"Golborne Medical West10 GPs
16 Golborne Rd
Kensington London W10 5PE",DD,Monthly,Yasmin Razak,2025-10-17,2026-10-16,,,,,,,,2025-10-17,2026-10-16,,,,,,3030,,2025-11-03 15:51:56 UTC,,720,
Foxes PCN,,Invoice Sent,,2025-12-03,,,,,,,"Foxes PCN c/o Queens Road Surgery
282 Queens Road
Leicester Leicestershire LE2 3FU",DD,Monthly,Crystal Dsouza,2025-10-15,2026-10-15,,,,,,,,2025-10-15,2026-10-15,,,,,,3029,,2025-11-03 15:28:19 UTC,,720,
Pallion Medical Practice,,Invoice Sent,,2025-11-30,,,,,,,"Pallin Health Centre, Kylton Road, Sunderland, SR4 7XF",DD,Monthly,Pallion Family Practice,,,,,,,,,,,,,,,,,3028,,2025-10-31 13:52:43 UTC,,720,
WENTWORTH MEDICAL PRACTICE,,Invoice Sent,,2026-01-03,,,,,,,"Wentworth Medical Practice
38 Wentworth Avenue
London Barnet N3 1YL",DD,Monthly,Katrina Collins,2025-12-04,2027-12-03,,,,,,,,2025-12-04,2027-12-03,,,,,,3249,,2025-12-04 15:26:13 UTC,,960,
Chapel Group Medical Centre,,Invoice Sent,,2026-01-08,,,,,,,"Chapel Group Medical Centre
220 Liverpool Road
Irlam
Manchester
M44 6FE",Invoice,Annual,Clare Richardson,2025-12-12,2028-12-12,,,,,,,,2025-12-12,2028-12-12,,,,,,3278,,2025-12-09 09:51:59 UTC,,2247,
Welbeck Surgery,,Invoice Sent,,2025-12-26,,,,,,,"Welbeck Surgery
481-491 Mansfield Road
Sherwood Nottingham NG2 5NB",DD,Monthly,Sarah Childs,2025-11-17,2026-11-17,,,,,,,,2025-11-17,2026-11-17,,,,,,3154,,2025-11-26 09:01:32 UTC,,480,
Dr Kent and Partners - Tarporley,,Invoice Sent,,2025-12-14,,,,,,,"Dr Kent and Partners
The Health Centre
Park Rd Tarporley CW6 0BE",DD,Monthly,Sian Hartry,2025-10-24,2025-10-24,,,,,,,,2025-10-24,2025-10-24,,,,,,3279,,2025-11-14 09:58:51 UTC,,480,
Orient Road Medical Practice,,Invoice Sent,,2025-12-14,,,,,,,"37 Orient Road
Salford Lancashire M68LE",Invoice,One off,Orient Road Medical Practice,,,,,,,,,,,,,,,,,3128,,2025-11-14 10:47:32 UTC,,660,
Abbeywell Surgery,,Invoice Sent,,2025-12-12,,,,,,,"Abbeywell Surgery
Abbey Mead Site
The Abbey Hampshire SO518EN",DD,Monthly,Leanne Barter,2025-11-13,2026-11-13,,,,,,,,2025-11-13,2026-11-13,,,,,,3129,,2025-11-12 10:07:19 UTC,,480,
Blackthorn Health Centre,,Invoice Sent,,2025-12-11,,,,,,,"Centre
Satchell Lane Southampton SO31 4NQ",Invoice,One off,Jennie Dock,,,,,,,,,,,,,,,,,3130,,2025-11-11 14:42:00 UTC,,440,
GPS Healthcare ,,Invoice Sent,,2025-12-14,,,,,,,"GPS Healthcare
198 Tanworth Lane
Solihull West Midlands B90 4DD",Invoice,Annual,Rachel Simonczyk,2025-11-13,2026-11-13,,,,,,,,2025-11-13,2026-11-13,,,,,,3127,,2025-11-14 11:42:30 UTC,,1127,
KILLICK STREET HEALTH CENTRE,,Invoice Sent,,2025-12-11,,,,,,,"Killick Street Health Centre
75 Killick Street Health
London London E11 2SL",Invoice,Annual,Jo West,2025-04-01,2026-04-01,,,,,,,,2025-04-01,2026-04-01,,,,,,3131,,2025-11-11 12:07:48 UTC,,650,
Railway Medical Group,,Invoice Sent,,2025-10-24,,,,,,,,,,,,,,,,,,,,,,,,,,,3027,,2025-09-24 12:00:48 UTC,,1100,
Church Road Surgery,,Invoice Sent,,2025-11-29,,,,,,,"90 Church Road
Birmingham West Midlands B26 3TP",DD,Monthly,Church Road Surgery,,,,,,,,,,,,,,,,,2969,,2025-10-30 13:08:42 UTC,,840,
Plymouth Primary Care Ltd,,Invoice Sent,,2025-11-30,,,,,,,"Bramley Village Health and Wellbeing Centre
16 Highfield Road West Yorkshire LS13 2BL",DD,Monthly,Plymouth Primary Care Ltd,,,,,,,,,,,,,,,,,2968,,2025-10-31 08:18:05 UTC,,1350,
Didsbury Medical Centre,,Invoice Sent,,2025-12-06,,,,,,,"Didsbury Medical Centre
645 Wilmslow Road
Didsbury Manchester M20 6BA",DD,Monthly,Sarah Sales,2025-11-05,2026-11-05,,,,,,,,2025-11-05,2026-11-05,,,,,,3037,,2025-11-06 10:04:19 UTC,,960,
Millfield Medical Group,,Invoice Sent,,2025-12-07,,,,,,,"Millfield Medical Group
Millfield Medical Centre, Hylton Rd, Millfield
Sunderland Tyne and Wear SR6 7AF",DD,Monthly,Paul Weddle,2025-11-14,2025-11-14,,,,,,,,2025-11-14,2025-11-14,,,,,,3134,,2025-11-07 13:24:46 UTC,,480,
Shakespeare Road Medical Practice,,Invoice Sent,,2025-12-07,,,,,,,"Shakespeare Road Medical Practice
Shakespeare Road",DD,Monthly,Glenn Hirst,2025-11-03,2026-10-30,,,,,,,,2025-11-03,2026-10-30,,,,,,3262,,2025-11-07 14:38:25 UTC,,480,
Whitewater Health,,Invoice Sent,,2025-12-07,,,,,,,"Whitewater Health
Hook Surgery, Reading Road
Hook Hampshire RG27 9ED",DD,Monthly,Rob Whitfield,2025-11-14,2026-11-13,,,,,,,,2025-11-14,2026-11-13,,,,,,3132,,2025-11-07 22:07:07 UTC,,480,
Fleet PCN,,Invoice Sent,,2025-12-14,,,,,,,"Fleet Primary Care network
Richmond Surgery
Richmond Close Hampshire GU527US",DD,Monthly,Mariana Angold,2025-11-14,2026-11-13,,,,,,,,2025-11-14,2026-11-13,,,,,,3140,,2025-11-14 14:28:15 UTC,,480,
Prentis Medical Centre,,Invoice Sent,,2025-12-17,,,,,,,"Prentis medical centre
2 prentis road
London England sw16 1xu",DD,Monthly,Chisom Okechukwu,2025-11-14,2026-11-13,,,,,,,,2025-11-14,2026-11-13,,,,,,3126,,2025-11-17 09:03:39 UTC,,720,
Princes Gardens Surgery,,Invoice Sent,,2025-12-17,,,,,,,"PRINCES GARDENS SURGERY
2A HIGH STREET
ALDERSHOT
HANTS
GU11 1BJ",DD,Monthly,Louisa Enriquez,2025-11-28,2026-11-27,,,,,,,,2025-11-28,2026-11-27,,,,,,3139,,2025-11-17 11:16:46 UTC,,720,
Swan Surgery,,Invoice Sent,,2025-12-21,,,,,,,"Northgate Business Park, Northgate Street",Annual,Annual,Swan Surgery,,,,,,,,,,,,,,,,,3123,,2025-11-21 09:47:00 UTC,,400,
Hall Green Health,,Invoice Sent,,2025-12-21,,,,,,,"HAll Green Health
977 - 979 Stratford Rd Birmingham
Birmingham West Midlands B28 8BG",DD,Monthly,Hannah Turner,2025-11-18,2026-11-18,,,,,,,,2025-11-18,2026-11-18,,,,,,3122,,2025-11-21 11:28:21 UTC,,960,
Riverside Surgery,,Invoice Sent,,2025-12-24,,,,,,,"Riverside Surgery
41-42 Balfour
Tamworth Staffs B79 7BH",DD,Monthly,Debbie Fletcher,2025-11-19,2026-11-19,,,,,,,,2025-11-19,2026-11-19,,,,,,3138,,2025-11-24 11:25:44 UTC,,480,
Aspire Medical PCN,,Invoice Sent,,2025-12-24,,,,,,,"Aspire Medical Health
Marlowe Park Medical Practice
Wells Road, Roches
Kent
ME2 2PW",Invoice,Annual,Mohammad Halim,2026-02-11,2028-02-11,,,,,,,,2026-02-11,2028-02-11,,,,,,3135,,2025-11-24 11:42:52 UTC,,10486,
Conisbrough Group Practice,,Invoice Sent,,2025-12-24,,,,,,,"Conisbrough Group Practice
The Stone Castle Centre
Gardens Lane Conisbrough DN12 3JW",DD,Monthly,Bex Cottey,2026-05-29,2028-05-31,,,,,,,,2026-05-29,2028-05-31,,,,,,3136,,2025-11-24 15:05:55 UTC,,1200,
SMS Medical Practice Boosted Campaign,,Invoice Sent,,2025-12-27,,,,,,,"SMS MEDICAL PRACTICE
WEMBLEY CENTRE FOR HEALTH AND CARE
116 CHAPLIN ROAD, WEMBLEY
MIDDLESEX
HA0 4UZ",Invoice,One off,Shahla Jamal,,,,,,,,,,,,,,,,,3160,,2025-11-27 13:59:59 UTC,,100,
Mosslands Medical Practice,,Invoice Sent,,2025-12-31,,,,,,,"The Mosslands Medical Practice
Irlam medical centre
Manchester Greater Manchester M44 5LH",DD,Monthly,Charlotte Conley,2025-11-25,2026-11-25,,,,,,,,2025-11-25,2026-11-25,,,,,,3228,,2025-12-01 08:51:18 UTC,,480,
Brocklebank Group Practice Boosted Campaign,,Invoice Sent,,2025-12-31,,,,,,,,Invoice,One off,Tina Pascoe,,,,,,,,,,,,,,,,,3227,,2025-12-01 08:59:31 UTC,,200,
Lovemead Group Practice,,Invoice Sent,,2025-12-31,,,,,,,"Roundstone Surgery, Polebarn Circus, 
Trowbridge Wiltshire BA14 7EH",Invoice,Annual,Lovemead Group Practice,,,,,,,,,,,,,,,,,3229,,2025-12-01 12:51:58 UTC,,1250,
Sefton Park Medical Centre,,Invoice Sent,,2026-01-01,,,,,,,"Sefton Park Medical Centre
Smithdown Road
Liverpool 
Merseyside
L15 2LQ",Invoice,Annual,Simon Turton,2026-03-06,2028-03-06,,,,,,,,2026-03-06,2028-03-06,,,,,,3241,,2025-12-02 14:04:25 UTC,,998,
Southampton West PCN,,Invoice Sent,,2026-01-04,,,,,,,"Southampton West PCN Limited
355 Shirley Road
Southampton Hampshire SO153JD",Invoice,Annual,Matt Austin-Bailey,2026-01-01,2027-01-01,,,,,,,,2026-01-01,2027-01-01,,,,,,3272,,2025-12-05 14:39:55 UTC,,4491,
ORCHARD HOUSE SURGERY,,Invoice Sent,,2026-01-04,,,,,,,"Orchard House Surgery
Fred Archer Way
Newmarket Suffolk CB8 8NU",DD,Monthly,Megan Quinlan,2025-12-05,2026-12-04,,,,,,,,2025-12-05,2026-12-04,,,,,,3271,,2025-12-05 14:55:29 UTC,,480,
ORCHA - dpeloyment partnership,,Invoice Sent,,2026-01-07,,,,,,,,,,,,,,,,,,,,,,,,,,,3290,,2025-12-08 17:29:56 UTC,,2000,
Swan Surgery 2026,,Invoice Sent,,2026-01-03,,,,,,,"Northgate Business Park, Northgate Street
Bury St Edmunds Suffolk IP33 1AE",Invoice,Annual,Swan Surgery,,,,,,,,,,,,,,,,,3123,,2025-12-04 10:57:15 UTC,,440,
Bramley Village - Plymouth Primary Care Ltd,,Invoice Sent,,2026-01-09,,,,,,,"16 Highfield Road, Bramley
Leeds West Yorkshire LS13 2BL",Invoice,Annual,Bramley Village Health and Wellbeing Centre,,,,,,,,,,,,,,,,,3288,,2025-12-10 16:57:14 UTC,,880,
Tone Valley PCN,,Invoice Sent,,2026-01-16,,,,,,,"C/O Lyngford Park Surgery, Fletcher Close
Taunton Somerset TA28SQ",Invoice,Annual,Tone Valley PCN,,,,,,,,,,,,,,,,,3322,,2025-12-17 17:17:49 UTC,,440,
Wickford Primary Care Network,,Invoice Sent,,2026-01-16,,,,,,,"Wickford PCN
C/O Swanwood Partnership, 2 Market Ave
Wickford Essex SS12 0AG",DD,Monthly,Ellen Hinkley,2025-12-15,2026-12-15,,,,,,,,2025-12-15,2026-12-15,,,,,,3324,,2025-12-17 10:06:45 UTC,,480,
Richmond Surgery,,Invoice Sent,,2026-01-14,,,,,,,"Richmond Surgery
Richmond Close
Fleet Hants GU52 7US",DD,Monthly,Donna Brennan,2025-12-15,2027-12-15,,,,,,,,2025-12-15,2027-12-15,,,,,,3314,,2025-12-15 12:39:25 UTC,,960,
STONECROFT MEDICAL CENTRE,,Invoice Sent,,2026-01-14,,,,,,,"STONECROFT MEDICAL CENTRE
871 GLEADLESS ROAD
SHEFFIELD SOUTH YORKSHIRE S12 2LJ",DD,Monthly,Sarah Grant,2026-05-29,2027-05-28,,,,,,,,2026-05-29,2027-05-28,,,,,,3312,,2025-12-15 10:37:03 UTC,,480,
Avicenna Medical Practice,,Invoice Sent,,2026-02-14,,,,,,,,,,,,,,,,,,,,,,,,,,,3519,,2026-01-15 09:56:23 UTC,,880,
Darlington PCN,,Invoice Sent,,2026-02-08,,,,,,,"Darlington Primary Care Netwok
Forsyth House, 20 Woodlands Road,
Darlington County Durham DL3 7PL",DD,Monthly,Rachel Gault,2026-01-09,2027-01-08,,,,,,,,2026-01-09,2027-01-08,,,,,,3499,,2026-01-09 12:01:54 UTC,,480,
Stockwell Group Practice,,Invoice Sent,,2026-02-21,,,,,,,"Stockwell Group practice
107 Stockwell Road
Stockwell road london SW9 9TJ",DD,Monthly,Rebecca Lawrence,2026-01-21,2027-01-21,,,,,,,,2026-01-21,2027-01-21,,,,,,3551,,2026-01-22 12:05:05 UTC,,720,
Stockwell Group Practice Boosted Campaign,,Invoice Sent,,2026-02-21,,,,,,,"Stockwell Group practice
107 Stockwell Road
Stockwell road london SW9 9TJ",Invoice,One off,Rebecca Lawrence,,,,,,,,,,,,,,,,,3552,,2026-01-22 12:05:07 UTC,,150,
Hodge Hill Family,,Invoice Sent,,2026-02-20,,,,,,,"Unit 1, The Boiler House, Electric Wharf, CV1 4JU",Invoice,Annual,Hodge Hill Family Practice,,,,,,,,,,,,,,,,,3543,,2026-01-21 12:53:50 UTC,,440,
The Densham Surgery,,Invoice Sent,,2026-03-08,,,,,,,"Densham Surgery
Lawson Street Health Center
Stockton-in-Tees Co Durham TS18 1HU",DD,Monthly,Nesin Robson,2026-02-05,2027-02-05,,,,,,,,2026-02-05,2027-02-05,,,,,,3691,,2026-02-06 12:58:10 UTC,,600,
Leek and Biddulph PCN,,Invoice Sent,,2026-03-06,,,,,,,"Leek and Biddulph PCN
Wharf Road
Biddulph Staffordshire ST8 6AG",DD,Monthly,Claire Knight,2026-02-04,2027-02-04,,,,,,,,2026-02-04,2027-02-04,,,,,,3695,,2026-02-04 14:46:25 UTC,,300,
Branch End Surgery branding,,Invoice Sent,,2026-03-06,,,,,,,"Practice Operations Lead
Branch End Surgery
Stocksfield 
NE43 7LL",Invoice,Annual,Branch End Surgery,,,,,,,,,,,,,,,,,3696,,2026-02-04 10:41:07 UTC,,350,
Archway Medical Centre,,Invoice Sent,,2026-03-04,,,,,,,"Archway Medical Centre
652 Holloway Road
London UK N19 3NU",DD,Monthly,HARSHAL MOTAWAR,2026-01-28,2027-01-28,,,,,,,,2026-01-28,2027-01-28,,,,,,3697,,2026-02-02 10:08:56 UTC,,720,
St Clements Surgery,,Invoice Sent,,2026-03-12,,,,,,,"St Clements Surgery, 
28 Upper Brook Street, 
Winchester, 
Hampshire
SO23 8DG",DD,Monthly,Tania Houghton,2026-02-10,2027-02-10,,,,,,,,2026-02-10,2027-02-10,,,,,,3699,,2026-02-10 16:18:45 UTC,,900,
Ealing  Training Hub - Understanding Data work with GP practices,,Invoice Sent,,2026-02-26,,,,,,,,,,Fionnuala O'Donnell,,,,,,,,,,,,,,,,,3584,,2026-01-27 08:25:52 UTC,,9166.67,
"CFH - market access, service delivery partnership",,Invoice Sent,,2026-03-12,,,,,,,,,,,,,,,,,,,,,,,,,,,3706,,2026-02-10 15:14:49 UTC,,2000,
SMS Medical Practice,,Invoice Sent,,2026-02-27,,,,,,,,,,,,,,,,,,,,,,,,,,,3585,,2026-01-28 12:20:39 UTC,,240,
Farnworth + Kearsley PCN,,Invoice Sent,,2026-02-19,,,,,,,"Piggott St, Farnworth, Bolton BL4 9QZ",Invoice,Annual,Farnworth + Kearsley,,,,,,,,,,,,,,,,,3739,,2026-01-20 11:08:23 UTC,,2850,
Fleet PCN,,Invoice Sent,,2026-02-04,,,,,,,"Fleet Primary Care Network
Richmond Close
Fleet Hampshire GU527US",Invoice,Annual,Donna Brennan,2025-12-19,2027-12-17,,,,,,,,2025-12-19,2027-12-17,,,,,,3520,,2026-01-05 12:56:43 UTC,,960,
Richmond Surgery,,Invoice Sent,,2026-02-04,,,,,,,"Richmond Surgery
Richmond Close
Fleet Hants GU52 7US",Invoice,Annual,Donna Brennan,2025-12-19,2027-12-17,,,,,,,,2025-12-19,2027-12-17,,,,,,3314,,2026-01-05 12:56:40 UTC,,960,
The Chapel Medical Centre Slough,,Invoice Sent,,2026-02-21,,,,,,,"East Berkshire Primary Care Out of Hours Services
Inspired
Easthampstead Road Bracknell Berkshire RG12 IYQ",DD,Monthly,Patrick Rogan,2026-01-15,2027-01-15,,,,,,,,2026-01-15,2027-01-15,,,,,,3550,,2026-01-22 11:59:57 UTC,,1440,
Sunderland Health and Wellness Hub,,Invoice Sent,,2026-01-17,,,,,,,"Sunderland GP Alliance
Business & Innovation Centre,
Wearfield, Sunderland SR5 2TA",Invoice,Annual,Charlotte Abernethy,2026-01-23,2028-01-21,,,,,,,,2026-01-23,2028-01-21,,,,,,3516,,2025-12-18 15:41:47 UTC,,1440,
Sunderland Health and Wellness Hub Boosted Campaign,,Invoice Sent,,2026-01-17,,,,,,,"Sunderland GP Alliance
Business & Innovation Centre,
Wearfield, Sunderland SR5 2TA",Invoice,Annual,Charlotte Abernethy,2026-01-23,2028-01-21,,,,,,,,2026-01-23,2028-01-21,,,,,,3327,,2025-12-18 15:41:49 UTC,,1000,
Albion Street,,Invoice Sent,,2026-01-16,,,,,,,"333 Whitechapel Road
Whitechapel London E1 1BU",Invoice,Annual,Albion Health Centre,,,,,,,,,,,,,,,,,3323,,2025-12-17 16:03:48 UTC,,1100,
South Fulham PCN,,Invoice Sent,,2026-01-16,,,,,,,"South Fulham PCN Ltd
5-7 Parsons Green
London London SW6 4UL",DD,Monthly,Ross Lambdon,2025-12-17,2026-12-17,,,,,,,,2025-12-17,2026-12-17,,,,,,3350,,2025-12-17 13:52:12 UTC,,2880,
Cisco Practice POC Phase 2,,Invoice Sent,,2025-07-17,,,,,,,,,,,,,,,,,,,,,,,,,,,3325,,2025-06-17 11:46:48 UTC,,4110,
Creggan Family Practice,,Invoice Sent,,2026-03-22,,,,,,,"CREGGAN FAMILY PRACTICE
RATH MOR CENTRE
DERRY DERRY BT480LZ",DD,Monthly,Ryan Power,2026-02-20,2027-02-19,,,,,,,,2026-02-20,2027-02-19,,,,,,3769,,2026-02-20 11:59:50 UTC,,600,
Y2 payment Norfolk and Waveney ICB,,Invoice Sent,,2026-03-01,,,,,,,,Invoice,Annual,,2025-06-27,2026-03-27,,,,,,,,2025-06-27,2026-03-27,,,,,,3749,,2026-01-30 09:29:50 UTC,,28642.5,
Budleigh Salterton Medical,,Invoice Sent,,2026-03-29,,,,,,,"1 The Lawn
Budleigh Salterton Devon EX9 6LS",Invoice,One off,Budleigh Salterton Medical Centre,,,,,,,,,,,,,,,,,3869,,2026-02-27 14:16:50 UTC,,300,
Carn to Coast Health Centres,,Invoice Sent,,2026-03-29,,,,,,,"Carn to Coast Health Centres
Station Road
Pool Cornwall TR15 3DU",DD,Monthly,Wendy George,2026-03-09,2028-03-09,,,,,,,,2026-03-09,2028-03-09,,,,,,3870,,2026-02-27 08:57:18 UTC,,960,
Thorndike Partnership,,Invoice Sent,,2026-03-25,,,,,,,"Thorndike Partnership, 
Thorndike Medical Centre, 
Longley Road, Rochester, Kent, ME1 2TH.",DD,Monthly,Ashley Wilton,2026-02-23,2027-02-23,,,,,,,,2026-02-23,2027-02-23,,,,,,3778,,2026-02-23 16:25:30 UTC,,1200,
OneAdvanced (Vision Training),,Invoice Sent,,2026-01-23,,,,,,,,,,,,,,,,,,,,,,,,,,,3386,,2025-12-24 16:55:58 UTC,,135500,
Southport and Formby PCN,,Invoice Sent,,2026-04-02,,,,,,,"Southport and Formby Health
3 Wight Moss Way, Southport Business Park
Southport Merseyside PR84HQ",Invoice,Annual,Matty Smith,2026-04-01,2027-04-01,,,,,,,,2026-04-01,2027-04-01,,,,,,3877,,2026-03-03 11:44:11 UTC,,600,
Barking & Dagenham NNHIP comms support,,Invoice Sent,,2026-03-07,,,,,,,,,,,,,,,,,,,,,,,,,,,3871,,2026-02-05 14:50:22 UTC,,5000,
NW Leadership Academy 2,,Invoice Sent,,2026-03-28,,,,,,,,,,,,,,,,,,,,,,,,,,,3883,,2026-02-26 18:16:32 UTC,,685,
SE Shropshire PCN,,Invoice Sent,,2026-04-04,,,,,,,,,,,,,,,,,,,,,,,,,,,3884,,2026-03-05 11:04:27 UTC,,61112,
Moorlands Surgery,,Invoice Sent,,2026-04-04,,,,,,,"Moorlands Surgery, 
139a Willow Road, 
Darlington, 
Co Durham, 
DLZ 2DZ",DD,Monthly,Lucy Smith,2026-03-05,2027-03-05,,,,,,,,2026-03-05,2027-03-05,,,,,,3887,,2026-03-05 14:46:13 UTC,,480,
Kingsway Medical Practice,,Invoice Sent,,2026-04-04,,,,,,,"Dr Sharon Whitehead and Dr Rehana Jan t/a Kingsway Medical Practice
720 Burnage Lane
Manchester Greater Manchester M19 1UG",DD,Monthly,Jane Winstanley,2026-02-24,2028-02-24,,,,,,,,2026-02-24,2028-02-24,,,,,,3886,,2026-03-05 14:42:45 UTC,,960,
Wigan Council - Public Health work,,Invoice Sent,,2026-03-19,,,,,,,,,,,,,,,,,,,,,,,,,,,3885,,2026-02-17 09:50:01 UTC,,24600,
Garstang Medical,,Invoice Sent,,2026-04-09,,,,,,,Kepple Lane Garstang PR3 1PB,Invoice,Annual,Garstang Medical Practice,,,,,,,,,,,,,,,,,3931,,2026-03-10 17:01:40 UTC,,300,
Derry GP Federation,,Invoice Sent,,2026-04-11,,,,,,,"Derry GP Federation,
Unit 7 Glenaden Complex, 
Altnagelvin Industria, Derry/LDerry, 
BT472ED",DD,Monthly,Jacintha Okane,2026-03-09,2027-03-09,,,,,,,,2026-03-09,2027-03-09,,,,,,3940,,2026-03-12 09:30:19 UTC,,2400,
Lower Farm Health Centre & Ambar Medical Centre,,Invoice Sent,,2026-04-08,,,,,,,"Ambar Medical Centre
Milton House
151 Wednesbury Road West Midlands 
WS14JQ",DD,Monthly,Shamraze Zeb,2026-03-09,2027-03-09,,,,,,,,2026-03-09,2027-03-09,,,,,,3920,,2026-03-09 14:54:22 UTC,,1200,
Centre Practice,,Invoice Sent,,2026-04-08,,,,,,,"Centre Practice, The Health Centre, Osborn Road
Fareham Hampshire PO16 7ER",Invoice,Annual,Centre Practice,,,,,,,,,,,,,,,,,3918,,2026-03-09 12:33:28 UTC,,300,
Kent and Medway AI Avatars,,Invoice Sent,,2026-04-08,,,,,,,"NHS KENT AND MEDWAY ICB
QKS000 PAYABLES N115
PO BOX 312
LEEDS
LS11 1HP",Invoice,One off,NHS KENT & MEDWAY ICB,,,,,,,,,,,,,,,,,3917,,2026-03-09 11:59:45 UTC,,1500,
Rockcliffe Court Surgery,,Invoice Sent,,2026-04-08,,,,,,,"Hurworth PLace
Darlington Co Durham DL2 2DS",Invoice,Annual,Rockliffe Court Surgery,,,,,,,,,,,,,,,,,3919,,2026-03-09 11:30:16 UTC,,300,
Mosaic PCN,,Invoice Sent,,2026-04-11,,,,,,,,,,,2025-01-14,,,,,,,,,2025-01-14,,,,,,,3934,,2026-03-12 10:38:55 UTC,,1000,
"Balham, Tooting & Furzedown",,Invoice Sent,,2026-04-15,,,,,,,"120 Bedford Hill
London Greater London SW12 9HS",Invoice,Annual,"Balham, Tooting & Furzedown",,,,,,,,,,,,,,,,,3968,,2026-03-16 16:33:15 UTC,,2250,
Boundary House Surgery,,Invoice Sent,,2026-04-15,,,,,,,"Forest Primary Care Centre, 308a Hertford Road, Edmonton
London N9 7HD",Invoice,Annual,Boundary House Surger,,,,,,,,,,,,,,,,,3967,,2026-03-16 16:32:47 UTC,,300,
Theatre Royal Pharmacy & Cosmas Pharmacy,,Invoice Sent,,2026-04-11,,,,,,,"Theatre Royal Pharmacy,
27 Theatre Street, 
Dereham, 
Norfolk, 
NR19 2EN",DD,Monthly,Sarah Falkingham,2026-03-09,2027-03-09,,,,,,,,2026-03-09,2027-03-09,,,,,,3961,,2026-03-12 16:20:08 UTC,,1440,
North West Leicestershire GP Federation/PCN,,Invoice Sent,,2026-02-05,,,,,,,"NWL GP Federation
Whitwick Health Centre
67 North Street 
LE67 5HX",Invoice,Annual,Clare Fountain,2026-03-12,2028-03-10,,,,,,,,2026-03-12,2028-03-10,,,,,,3941,,2026-01-06 10:09:48 UTC,,4000,
Suvera partnership,,Invoice Sent,,2026-04-09,,,,,,,,,,,,,,,,,,,,,,,,,,,3975,,2026-03-10 09:12:53 UTC,,1400,
Herts Smoke Free,,Invoice Sent,,2026-04-11,,,,,,,,,,,,,,,,,,,,,,,,,,,3962,,2026-03-12 18:03:41 UTC,,20000,
Engage Health - Market Access Network,,Invoice Sent,,2026-03-26,,,,,,,,,,,,,,,,,,,,,,,,,,,3974,,2026-02-24 09:48:19 UTC,,2000,
OneAdvanced N Ireland (Docman Training),,Invoice Sent,,2026-03-20,,,,,,,,,,,,,,,,,,,,,,,,,,,3879,,2026-02-18 13:49:23 UTC,,48600,
Magdalen Medical Practice_IMMS_Part One,,Invoice Sent,,2026-01-08,,,,,,,,,,,,,,,,,,,,,,,,,,,3326,,2025-12-09 08:54:15 UTC,,210,
Higherfolds Community Centre,,Invoice Sent,,2026-04-25,,,,,,,"Stirling Close
Higher Folds Leigh WN7 2UB",Invoice,Annual,Higher Folds Community Centre and Early Years Nursery,,,,,,,,,,,,,,,,,4028,,2026-03-26 12:24:22 UTC,,499,
Tone Valley PCN,,Invoice Sent,,2026-04-24,,,,,,,,,,Kathryn Kyle,,,,,,,,,,,,,,,,,4023,,2026-03-25 12:20:08 UTC,,3000,
Bowling Hall Medical Practice,,Invoice Sent,,2026-04-19,,,,,,,"Bowling Highfield Medical Practice
Rooley Lane
rooley lane Bradford BD47SS",DD,Monthly,Sian Nicholson,2026-03-18,2027-03-18,,,,,,,,2026-03-18,2027-03-18,,,,,,4026,,2026-03-20 09:02:21 UTC,,720,
Selnash PCN,,Invoice Sent,,2026-04-18,,,,,,,"Selnash PCN
53 Farley Road
South Croydon Surrey CR2 7NG",DD,Monthly,Tracy Ford,2026-04-01,2027-04-01,,,,,,,,2026-04-01,2027-04-01,,,,,,4027,,2026-03-19 14:01:50 UTC,,2880,
Swavesey Surgery,,Invoice Sent,,2026-05-08,,,,,,,"Swavesey Surgery
58 Boxworth End
Swavesey Cambridge CB24 4RA",DD,Monthly,Lorna Gardiner,2026-04-08,2027-04-08,,,,,,,,2026-04-08,2027-04-08,,,,,,4166,,2026-04-08 12:17:16 UTC,,300,
Hockley Farm Medical Practice,,Invoice Sent,,2026-05-07,,,,,,,"Hockley Farm Medical Practice
39 Hockley Farm Road
Leics East Midlands LE3 1HN",DD,Monthly,Seema Parbat,2026-04-07,2027-04-07,,,,,,,,2026-04-07,2027-04-07,,,,,,4151,,2026-04-07 13:29:11 UTC,,480,
CLARKSON SURGERY,,Invoice Sent,,2026-05-07,,,,,,,"Clarkson Surgery
De Havilland Road
Wisbech
Cambs
PE13 3AN",DD,Monthly,Terri Zeferino,2026-04-01,2027-04-01,,,,,,,,2026-04-01,2027-04-01,,,,,,4150,,2026-04-07 13:26:10 UTC,,300,
RAMSEY HEALTH CENTRE,,Invoice Sent,,2026-05-07,,,,,,,"Ramsey Health Centre Partnership
Mews Close, Ramsey
Huntingdon Cambridgeshire PE26 1BP",DD,Monthly,Georgie Weir,2026-04-07,2027-04-07,,,,,,,,2026-04-07,2027-04-07,,,,,,4149,,2026-04-07 11:01:01 UTC,,300,
ST. GEORGE'S MEDICAL CENTRE,,Invoice Sent,,2026-05-07,,,,,,,"St George's Medical Centre
2a Parsons Lane,
Littleport Cambs CB6 1JU",DD,Monthly,Julie Coote,2026-04-01,2027-04-01,,,,,,,,2026-04-01,2027-04-01,,,,,,4148,,2026-04-07 10:36:20 UTC,,300,
Ellison View Surgery,,Invoice Sent,,2026-05-02,,,,,,,"Ellison View Surgery, 
The Glen Primary Care Centre, 
Hebbum, 
South Tyneside,
NE31 1NU.",DD,Monthly,Samantha Iveson,2026-04-04,2027-04-04,,,,,,,,2026-04-04,2027-04-04,,,,,,4146,,2026-04-02 16:17:28 UTC,,360,
Chapelfield - AI Batch VIdeos,,Invoice Sent,,2026-05-02,,,,,,,"Chapelfield Medical centre
Mayflower Way, Wombwel",Invoice,One off,,,,,,,,,,,,,,,,,,550,,2026-04-02 14:47:56 UTC,,550,
ASA Medical Group,,Invoice Sent,,2026-05-02,,,,,,,"Mere Lane, Armthorpe
Doncaster South Yorkshire DN3 2DB",Invoice,One off,ASA Medical Group,,,,,,,,,,,,,,,,,4146,,2026-04-02 13:26:04 UTC,,300,
Grove Medical Practice,,Invoice Sent,,2026-05-02,,,,,,,"Grove Medical Practice
Cromwell Place
St Ives Cambs PE27 5JD",DD,Monthly,Simon Stitson,2026-04-01,2027-04-01,,,,,,,,2026-04-01,2027-04-01,,,,,,4196,,2026-04-02 14:37:52 UTC,,360,
Derry GP Fed 3 x additional practices,,Invoice Sent,,2026-05-01,,,,,,,"Derry GP Federation
Altnagelvin business park
Derry Derry BT482DE",DD,Monthly,Leeann Monk-Özgül,2026-03-31,2027-03-31,,,,,,,,2026-03-31,2027-03-31,,,,,,4197,,2026-04-01 12:40:14 UTC,,1440,
The Spinney Surgery,,Invoice Sent,,2026-05-01,,,,,,,"Spinney Surgery
Ramsey Road
St Ives Cambridgeshire PE27 3TP",DD,Monthly,Rachel Smith,2026-04-01,2027-04-01,,,,,,,,2026-04-01,2027-04-01,,,,,,4104,,2026-04-01 11:36:49 UTC,,300,
Wellside Surgery,,Invoice Sent,,2026-05-01,,,,,,,"Wellside Surgery, 
45 High Street, 
Huntingdon, 
Cambs,
PE28 5SU.",DD,Monthly,Claire Wright,2026-04-01,2027-04-01,,,,,,,,2026-04-01,2027-04-01,,,,,,4113,,2026-04-01 10:19:09 UTC,,300,
3 Lower Broughton Medical Practice,,Invoice Sent,,2026-04-30,,,,,,,"Dr A Chaudrhy & Dr I Jheet,
Lower Broughton Health Centre, 
Great Clowes Street, 
Lancs,
M7 1RD",DD,Monthly,Debbie Regan,2026-03-06,2027-03-05,,,,,,,,2026-03-06,2027-03-05,,,,,,4045,,2026-03-31 08:39:11 UTC,,720,
Alconbury & Brampton Surgeries,,Invoice Sent,,2026-04-29,,,,,,,"Alconbury & Brampton Surgeries
The Surgery
school lane cambridgeshire pE28 4EQ",DD,Monthly,Melanie Gearing,2026-04-01,2027-04-01,,,,,,,,2026-04-01,2027-04-01,,,,,,4114,,2026-03-30 16:21:45 UTC,,510,
Fremington,,Invoice Sent,,2026-04-29,,,,,,,"11-13 Beards Road, Fremington
Barnstaple Devon EX312PG",Invoice,Annual,Fremington Medical Centre,,,,,,,,,,,,,,,,,4044,,2026-03-30 16:11:01 UTC,,300,
Beechwood Surgery,,Invoice Sent,,2026-04-29,,,,,,,"155 Victoria Road East
Thornton Cleveleys Lancs FY5 5HH",Invoice,Annual,Beechwood Surger,,,,,,,,,,,,,,,,,4042,,2026-03-30 15:02:35 UTC,,300,
Riverport Medical Practice,,Invoice Sent,,2026-04-26,,,,,,,"Riverport Medical Practice, 
Constable Road, 
St Ives, Cambridgeshire, PE27 3ER.",DD,Monthly,Andy Stephens,2026-04-01,2027-04-01,,,,,,,,2026-04-01,2027-04-01,,,,,,4116,,2026-03-27 11:05:50 UTC,,600,
Milton Surgery,,Invoice Sent,,2026-04-26,,,,,,,"Milton surgery
87 Coles Road
Milton Cambridge CB24 6BL",DD,Monthly,Catherine White,2026-04-01,2027-04-01,,,,,,,,2026-04-01,2027-04-01,,,,,,4117,,2026-03-27 10:22:24 UTC,,300,
CLIFTON MEDICAL CENTRE,,,,2026-04-26,,,,,,,"Clifton Medical Centre
Doncaster Gate
Rotherham South Yorkshire S65 1DA",DD,Monthly,Denise Hicks,2026-06-01,2027-06-01,,,,,,,,2026-06-01,2027-06-01,,,,,,,,2026-03-27 11:02:09 UTC,,600,
KIMBOLTON MEDICAL CENTRE,,Invoice Sent,,2026-04-26,,,,,,,"Kimbolton Medical Centre
Hunters Way
Kimbolton Cambridgshire PE28 0JF",DD,Monthly,Nikki Yeoman,2026-04-01,2027-04-01,,,,,,,,2026-04-01,2027-04-01,,,,,,4415,,2026-03-27 09:12:56 UTC,,300,
Trinity Surgery,,Invoice Sent,,2026-04-25,,,,,,,"Trinity Surgery
29 St Augustines Road
Wisbech Cambs PE13 3UZ",DD,Monthly,Kate Wing,2026-04-01,2027-04-01,,,,,,,,2026-04-01,2027-04-01,,,,,,4118,,2026-03-26 17:10:47 UTC,,450,
Bretton Park Healthcare,,Invoice Sent,,2026-04-25,,,,,,,"Bretton Park Healthcare
Rightwell East, Bretton
Peterborough Cambs PE3 8DT",DD,Monthly,Baiba Jirgensone,2026-04-01,2027-04-01,,,,,,,,2026-04-01,2027-04-01,,,,,,4124,,2026-03-26 14:40:38 UTC,,360,
MERCHEFORD HOUSE,,Invoice Sent,,2026-04-25,,,,,,,"Mercheford House
28 Elwyn Road
March Cambridgeshire PE15 9BY",DD,Monthly,Tracey Clarke,2026-04-01,2027-04-01,,,,,,,,2026-04-01,2027-04-01,,,,,,4120,,2026-03-26 12:40:11 UTC,,450,
PRIORY FIELDS SURGERY,,Invoice Sent,,2026-04-24,,,,,,,"Priory Fields Partnership
Doctors Surgery, Nursery Road
Huntingdon Cambs PE29 3RL",DD,Monthly,Emily Ross,2026-04-01,2027-04-01,,,,,,,,2026-04-01,2027-04-01,,,,,,4125,,2026-03-25 14:46:14 UTC,,360,
Bourn Surgery,,Invoice Sent,,2026-04-24,,,,,,,"Bourn Surgery
25 Alms Hill
Bourn Cambridge CB23 2SH",DD,Monthly,Samantha Sales,2026-04-01,2027-04-01,,,,,,,,2026-04-01,2027-04-01,,,,,,4119,,2026-03-25 10:04:53 UTC,,300,
Mercheford House,,Invoice Sent,,2026-04-23,,,,,,,"Mercheford House
28 Elwyn Road
March Cambridgeshire PE15 9BY",DD,Monthly,Tracey Clarke,2026-04-01,2027-04-01,,,,,,,,2026-04-01,2027-04-01,,,,,,4120,,2026-03-24 15:10:06 UTC,,300,
ALMOND ROAD SURGERY,,Invoice Sent,,2026-04-23,,,,,,,"ALMOND ROAD SURGERY
ALMOND ROAD
ST NEOTS CAMBRIDGESHIRE PE19 1DZ",DD,Monthly,Louise Crisp,2026-04-01,2027-04-01,,,,,,,,2026-04-01,2027-04-01,,,,,,4121,,2026-03-24 09:28:44 UTC,,300,
The Clanfield Practice,,Invoice Sent,,2026-04-21,,,,,,,"2 White Dirt Lane, Clanfield
Waterlooville Hants PO8 0Q",Invoice,Annual,The Clanfield Practice,,,,,,,,,,,,,,,,,4025,,2026-03-22 07:44:41 UTC,,300,
Mereside Medical,,Invoice Sent,,2026-04-19,,,,,,,"Mereside Medical
Staploe Medical Centre
Brewhouse Lane Soham CB7 5JD",DD,Monthly,Ellie Cousins,2026-04-01,2027-04-01,,,,,,,,2026-04-01,2027-04-01,,,,,,4122,,2026-03-20 12:26:38 UTC,,450,
St Mary’s Surgery and Priors Field Surgery,,Invoice Sent,,2026-04-19,,,,,,,"St Marys Surgery
37 St Mary's Street
Ely Cambs CB6 3DX",DD,Monthly,Tony Davies,2026-04-01,2027-04-01,,,,,,,,2026-04-01,2027-04-01,,,,,,4112,,2026-03-20 10:22:34 UTC,,720,
Cherry Hinton & Maple Surgery- Cambs GP Network,,Invoice Sent,,2026-04-18,,,,,,,"Cambs GP Network
Unit F1 - Stirling House, Cambridge Innovation Park, Denny End Road
Waterbeach Cambridgeshire CB25 9PB",DD,Monthly,Andrew Lowe,2026-04-01,2027-04-01,,,,,,,,2026-04-01,2027-04-01,,,,,,4052,,2026-03-19 13:05:14 UTC,,720,
Chapelfield Medical Centre,,Invoice Sent,,2026-04-15,,,,,,,"Chapelfield Medical Centre
Mayflower Way, Wombwell
Barnsley South Yorkshire S73 0AJ",DD,Monthly,Joanne Perry,2026-05-29,2027-05-31,,,,,,,,2026-05-29,2027-05-31,,,,,,4145,,2026-03-16 14:01:56 UTC,,600,
Wansford Surgery,,Invoice Sent,,2026-04-12,,,,,,,"Wansford and Kings Cliffe Practice
Yarwell Road
Wansford Cambs PE8 6PL",DD,Monthly,Annette Johnson,2026-04-01,2027-04-01,,,,,,,,2026-04-01,2027-04-01,,,,,,4053,,2026-03-13 14:48:12 UTC,,360,
Roehampton Surgery,,Invoice Sent,,2026-04-08,,,,,,,"The Roehampton Surgery
191 Roehampton Lane
London London SW15 4HN",DD,Monthly,Praj Nirmalan,2026-03-31,2027-03-31,,,,,,,,2026-03-31,2027-03-31,,,,,,4126,,2026-03-09 15:14:52 UTC,,600,
Coventry & Rugby GP Alliance ATP Practices,,Invoice Sent,,2026-02-04,,,,,,,"Coventry & Rugby GP Alliance,
Unit 1, Boiler House,
Sandy Lane, 
Coventry/ West Midlands,
CV1 4JU",Invoice,Annual,Rebecca Haughton,2026-04-02,2027-07-02,,,,,,,,2026-04-02,2027-07-02,,,,,,3969,,2026-01-05 13:29:47 UTC,,2495,
GP Reg - NHSE (TPP Wave 1),,Invoice Sent,,2026-04-19,,,,,,,,,,,,,,,,,,,,,,,,,,,3933,,2026-03-20 17:10:23 UTC,,166000,
Haughton Thornley Medical Centres,,Invoice Sent,,2026-05-16,,,,,,,"Haughton Thornley Medical Centre
9 Thornley street
Hyde
Cheshire
SK14 1JY",DD,Monthly,Rachel Hirst,2026-04-16,2028-04-16,,,,,,,,2026-04-16,2028-04-16,,,,,,4211,,2026-04-16 11:52:42 UTC,,1440,
Doncaster North PCN,,Invoice Sent,,2026-05-16,,,,,,,"Park View Surgery, Newton Lane, Sprotbrough Doncaster South Yorkshire DN5 8D",Invoice,Annual,Doncaster North PCN,,,,,,,,,,,,,,,,,4210,,2026-04-16 10:49:04 UTC,,1800,
Hyndburn Central PCN - Bowl Cancer Roller Banner,,Invoice Sent,,2026-05-10,,,,,,,,,,,,,,,,,,,,,,,,,,,4212,,2026-04-10 10:24:15 UTC,,75,
Aspiro Healthcare,,Invoice Sent,,2026-05-28,,,,,,,"School Place
Corby Northants NN18 0Q",Invoice,Monthly,Aspiro Healthcare Woodsend Medical Centre,,,,,,,,,,,,,,,,,4276,,2026-04-28 08:50:28 UTC,,660,
Wentworth,,Invoice Sent,,2026-05-27,,,,,,,"Wentworth Medical Practice
38 Wentworth Avenue London N3 1YL",DD,Monthly,Jignasha Patel,,,,,,,,,,,,,,,,,4277,,2026-04-27 08:58:33 UTC,,300,
ELC Branding,,Invoice Sent,,2026-05-02,,,,,,,,,,,,,,,,,,,,,,,,,,,4279,,2026-04-02 08:52:48 UTC,,350,
Fleet PCN -Miscrosoft co pilot training,,Invoice Sent,,2026-05-27,,,,,,,,,,,,,,,,,,,,,,,,,,,4280,,2026-04-27 13:00:59 UTC,,1500,
Pearl Medical Practice,,Invoice Sent,,2026-05-30,,,,,,,"WEMBLEY CENTRE FOR HEALTH & CARE
116 CHAPLIN ROAD WEMBLEY HA0 4UZ",Invoice,Annual,PEARL MEDICAL PRACTICE,,,,,,,,,,,,,,,,,4286,,2026-04-30 10:50:52 UTC,,600,
Lane Ends Surgery,,Invoice Sent,,2026-05-30,,,,,,,"200 Tulketh Brow, Ashton-on-Ribble, Preston PR2 2JJ, United Kingdom",DD,Monthly,Natalie Blackburn,2026-04-30,2027-04-30,,,,,,,,2026-04-30,2027-04-30,,,,,,4297,,2026-04-30 14:15:41 UTC,,21000,
SMS Medical,,Invoice Sent,,2026-05-29,,,,,,,"SMS Medical Practice, 
Wembley Centre for Health and Care,
116 Chaplin Road,
Wembley,
Middx,
HA0 4UZ",DD,Monthly,Shahla Jamal,2026-04-29,2027-04-29,,,,,,,,2026-04-29,2027-04-29,,,,,,4295,,2026-04-29 09:28:20 UTC,,7200,
Porter Brook Medical Centre,,At Risk,,2025-08-30,,,,,,,,,,,,,,,,,,,,,,,,,,,,,2025-07-31 14:18:56 UTC,,480,
Sale Managed Service,,Invoice Sent,,2023-07-20,2023-08-23,,,FY24/0033,,,,,,,,,,,Partial Collection,,,,,,,,,,2023-06-23,,0659,"https://redmoor-health-company.monday.com/protected_static/13214200/resources/10875597/Invoice%20INV-0659.pdf, https://redmoor-health-company.monday.com/protected_static/13214200/resources/10876243/Redmoor%20DTL%20SLA%20wef%201%207%2023%20emailed%20to%20HHF%202%206%2023%20(2).docx",2023-06-20 11:28:25 UTC,,54000,
Market Harborough and Bosworth Partnership,,Invoice Sent,,2023-06-30,2023-08-23,,,FY24/0041,,,,,,,,,,,Partial Collection,,,,,,,,,,2023-07-14,,678,https://redmoor-health-company.monday.com/protected_static/13214200/resources/12324754/Invoice%20INV-0678.pdf,2023-05-31 12:10:47 UTC,,39.62,
Putneymead Medical Practice,,Invoice Sent,,2023-08-03,2023-08-23,,,FY24/0046,,,,,,,,,,,Partial Collection,,,,,,,,,,2023-07-14,,0685,https://redmoor-health-company.monday.com/protected_static/13214200/resources/12336828/Invoice%20INV-0685.pdf,2023-07-04 15:46:54 UTC,,39.62,
Wansbeck PCN,,Invoice Sent,,2023-07-19,2023-08-23,,,FY24/0032,,,,,,,,,,,Partial Collection,,,,,,,,,,,,0648,"https://redmoor-health-company.monday.com/protected_static/13214200/resources/10773211/Redmoor%20Health%20Limited%20Digital%20Managed%20Service%20SLA%20-%20Wansbeck%20PCN%20July%2023%20-%20June%2025.pdf, https://redmoor-health-company.monday.com/protected_static/13214200/resources/10829822/Invoice%20INV-0658.pdf, https://redmoor-health-company.monday.com/protected_static/13214200/resources/10876232/Invoice%20INV-0660.pdf",2023-06-19 11:47:47 UTC,,54000,
Kingskerswell and Ipplepen Health Centres,,Invoice Sent,,2023-09-10,,,,FY24/0062,,,,,,,,,,,Partial Collection,,,,,,,,,,2023-08-22,,728,https://redmoor-health-company.monday.com/protected_static/13214200/resources/15053998/Invoice%20INV-0728.pdf,2023-08-11 13:41:45 UTC,,950,
Langworthy Medical,,Invoice Sent,,2023-09-21,,,,FY24/0067,,,,,,,,,,,Partial Collection,,,,,,,,,,2023-08-22,,0733,https://redmoor-health-company.monday.com/protected_static/13214200/resources/15073634/Invoice%20INV-0733.pdf,2023-08-22 13:08:54 UTC,,960,
Beckenham PCN,,Invoice Sent,,2023-08-08,2023-08-23,,,FY24/0047,,,,,,,,,,,Collected - DD,,,,,,,,,,2023-07-14,,0686,https://redmoor-health-company.monday.com/protected_static/13214200/resources/12338109/Invoice%20INV-0686.pdf,2023-07-09 08:28:33 UTC,,59.25,
The Bridge PCN DMS,,Invoice Sent,,2023-03-30,,,,FY24/0013,,,,,,,,,,,Partial Collection,,,,,,,,,,,,,https://redmoor-health-company.monday.com/protected_static/13214200/resources/4603957/Invoice%20INV-0542.pdf,2023-02-28 15:22:07 UTC,,36000,
Chorley Together PCN  Deal,,Invoice Sent,,2023-04-23,,,,,,,,,,,,,,,Partial Collection,,,,,,,,,,,,,,2023-03-24 12:04:29 UTC,,15750,
PHGH Doctors (Barnet Federated GPs CIC),,Invoice Sent,,2023-05-17,,,,,,,,,,,,,,,Partial Collection,,,,,,,,,,,,,,2023-04-17 08:27:19 UTC,,15750,
Cheetham Hill Medical Centre,,Invoice Sent,,2023-09-29,,,,FY24/0070,,,,,,,,,,,Not Collected,,,,,,,,,,2023-08-30,,738,https://redmoor-health-company.monday.com/protected_static/13214200/resources/15710872/Invoice%20INV-0738.pdf,2023-08-30 11:31:02 UTC,,749,
Barnsley PCN,,Invoice Sent,,2023-09-01,,,,FY24/0072,,,,,,,,,,,Partial Collection,,,,,,,,,,2023-09-01,,0755,https://redmoor-health-company.monday.com/protected_static/13214200/resources/15876505/Invoice%20INV-0755.pdf,2023-08-02 11:50:46 UTC,,,
SSP Health initial 3 practices,,Invoice Sent,,2023-09-30,,,,FY24/0073,,,,,,,,,,,Partial Collection,,,,,,,,,,2023-09-11,,0762,https://redmoor-health-company.monday.com/protected_static/13214200/resources/16626838/Invoice%20INV-0762.pdf,2023-08-31 09:22:57 UTC,,1296,
Streatham DMS,,Invoice Sent,,2023-11-09,,,,FY24/0086,,,,,,,,,,,Partial Collection,,,,,,,,,,2023-10-13,,815,https://redmoor-health-company.monday.com/protected_static/13214200/resources/19795754/Invoice%20INV-0815.pdf,2023-10-10 19:15:08 UTC,,59698,
Maryport Health Centre,,Invoice Sent,,2023-09-24,,,,FY24/0075,,,,,,,,,,,Partial Collection,,,,,,,,,,2023-09-11,,0764,"https://redmoor-health-company.monday.com/protected_static/13214200/resources/16651931/Invoice%20INV-0764.pdf, https://redmoor-health-company.monday.com/protected_static/13214200/resources/17114798/Credit%20Note%20CN-0769.pdf, https://redmoor-health-company.monday.com/protected_static/13214200/resources/17114797/Invoice%20INV-0770.pdf",2023-08-25 08:25:46 UTC,,21000,
Sandhills PCN DJP Foundation+ renewal,,Invoice Sent,,2024-02-15,,,,FY24/0091,,,,,,,,,,,Partial Collection,,,,,,,,,,2024-01-26,,961,https://redmoor-health-company.monday.com/protected_static/13214200/resources/31391840/Invoice%20INV-0961.pdf,2024-01-16 13:39:27 UTC,,3711,
NHS SE Region PMO & Support,,Invoice Sent,,2023-09-09,,,,,,,,,,,,,,,Partial Collection,,,,,,,,,,,,,https://redmoor-health-company.monday.com/protected_static/13214200/resources/18460771/Invoice%20INV-0784.pdf,2023-08-10 05:01:45 UTC,,380000,
SWL Change Management & OA,,Invoice Sent,,2022-12-24,2022-12-05,,,Red 62,,,,,,,,,,,Collected,,,,,,,,,,2022-11-18,,482,,2022-11-24 10:04:20 UTC,,,
Lancs and South Cumbria - ICS Regulated care - holding money for them,,,,2023-01-05,2022-12-12,,,Red 63,,,,,,,,,,,Collected,,,,,,,,,,,,,,2022-12-06 17:17:29 UTC,,,
North Central London - Website review,,,,2023-01-05,2022-12-12,,,Red 64,,,,,,,,,,,Collected,,,,,,,,,,,,372,,2022-12-06 17:17:32 UTC,,,
Birmingham and Solihul CCG - BSOL - Clinical System Review,,,,2023-01-05,2022-12-12,,,Red 65,,,,,,,,,,,Collected,,,,,,,,,,,,354,,2022-12-06 17:17:29 UTC,,,
Newcastle - VGC vouchers,,,,2023-01-05,2022-12-12,,,Red 66,,,,,,,,,,,Collected,,,,,,,,,,,,363,,2022-12-06 17:17:30 UTC,,,
Broughton PCN - training programme x 3 webinars,,,,2023-01-05,2022-12-12,,,Red 67,,,,,,,,,,,Collected,,,,,,,,,,,,476,,2022-12-06 17:17:30 UTC,,,
Western Dales - DJP,,,,2023-01-05,2022-12-12,,,Red 68,,,,,,,,,,,Collected,,,,,,,,,,,,429,,2022-12-06 17:17:31 UTC,,,
Cygnet - PCN Hub web hosted single point of access scoping,,,,2023-01-05,2022-12-12,,,Red 69,,,,,,,,,,,Collected,,,,,,,,,,,,444,,2022-12-06 17:17:31 UTC,,,
Nuneaton North and South PCNs - Implementing a new recall system - training and support package,,,,2023-01-05,2022-12-12,,,Red 70,,,,,,,,,,,Collected,,,,,,,,,,,,353,,2022-12-06 17:17:30 UTC,,,
MHCC - Coding,,,,2023-01-05,2022-12-12,,,Red 71,,,,,,,,,,,Collected,,,,,,,,,,,,376,,2022-12-06 17:17:29 UTC,,,
Hertfordshire county council - Just talk campaign - additiona adverts,,,,2023-01-05,2022-12-12,,,Red 72,,,,,,,,,,,Collected,,,,,,,,,,,,427,,2022-12-06 17:17:32 UTC,,,
Nottingham City East PCN -,,,,2023-01-05,2022-12-12,,,Red 73,,,,,,,,,,,Collected,,,,,,,,,,,,405,,2022-12-06 17:17:30 UTC,,,
South East Region - DJP Pilot,,,,2023-01-05,2022-12-12,,,Red 74,,,,,,,,,,,Collected,,,,,,,,,,,,384,,2022-12-06 17:30:37 UTC,,,
Hampshire and IOW - Development of communications strategy for PCNs at £400 per day/2 days per PCN,,,,2023-01-05,2022-12-12,,,Red 75,,,,,,,,,,,Collected,,,,,,,,,,,,351,,2022-12-06 17:17:31 UTC,,,
Maidenhead PCN - Maidenhead Programme (formerly known as Access Programme),,,,2023-01-05,2022-12-12,,,Red 76,,,,,,,,,,,Collected,,,,,,,,,,,,383,,2022-12-06 17:17:31 UTC,,,
South East Region - OC eHub post delivery,,,,2023-01-05,2022-12-12,,,Red 77,,,,,,,,,,,Collected,,,,,,,,,,,,378,,2022-12-06 17:17:30 UTC,,,
Lancs and South Cumbria - ICS Regulated care management fees (Vicky),,,,2023-01-05,2022-12-12,,,Red 78,,,,,,,,,,,Collected,,,,,,,,,,,,368,,2022-12-06 17:17:31 UTC,,,
Redmoor/ELC partnership - VGC voucher sales by ELC to 30 June 2022,,,,2023-01-05,2022-12-12,,,Red 79,,,,,,,,,,,Collected,,,,,,,,,,,,441,,2022-12-06 17:17:30 UTC,,,
SWL - website work,,,,2023-01-05,2022-12-12,,,Red 80,,,,,,,,,,,Collected,,,,,,,,,,,,480,,2022-12-06 17:17:31 UTC,,,
South West London - Patient Health Records Support work (Lisa D),,,,2023-01-05,2022-12-12,,,Red 81,,,,,,,,,,,Collected,,,,,,,,,,,,416,,2022-12-06 17:17:32 UTC,,,
"Innovation Agency (NW AHSN)- - Remote monitoring evaluation ""project manager and advisor to support the benefits realisation project""",,,,2023-01-05,2022-12-12,,,Red 82,,,,,,,,,,,Collected,,,,,,,,,,,,386,,2022-12-06 17:17:30 UTC,,,
VGC Manchester - VGC,,,,2023-01-05,2022-12-12,,,Red 83,,,,,,,,,,,Collected,,,,,,,,,,,,375,,2022-12-06 17:17:30 UTC,,,
North Cumbria - DJP,,,,2023-01-05,2022-12-12,,,Red 84,,,,,,,,,,,Collected,,,,,,,,,,,,340,,2022-12-06 17:17:30 UTC,,,
Lancs and South Cumbria - Lloyd George Phase 3 (Net Zero),,,,2023-01-05,2022-12-12,,,Red 85,,,,,,,,,,,Collected,,,,,,,,,,,,317,,2022-12-06 17:17:30 UTC,,,
Lancs and South Cumbria - Lloyd George Phase 4 (Net Zero),,,,2023-01-05,2022-12-12,,,Red 86,,,,,,,,,,,Collected,,,,,,,,,,,,315,,2022-12-06 17:17:30 UTC,,,
Lancs and South Cumbria - Lloyd George Phase 5 (Net Zero),,,,2023-01-05,2022-12-12,,,Red 87,,,,,,,,,,,Collected,,,,,,,,,,,,316,,2022-12-06 17:17:31 UTC,,,
Lancs and South Cumbria - Workforce Retention 4.0,,,,2023-01-05,2022-12-12,,,Red 88,,,,,,,,,,,Collected,,,,,,,,,,,,322323324,,2022-12-06 17:17:32 UTC,,,
Hertfordshire - Just Talk campaign,,,,2023-01-05,2022-12-12,,,Red 89,,,,,,,,,,,Collected,,,,,,,,,,,,457,,2022-12-06 17:17:30 UTC,,,
Doncaster - DJP,,,,2023-01-05,2022-12-12,,,Red 90,,,,,,,,,,,Collected,,,,,,,,,,,,321,,2022-12-06 17:17:31 UTC,,,
SWL - SWL Online Consultation Digital Maturity Programme,,,,2023-01-05,2022-12-12,,,Red 91,,,,,,,,,,,Collected,,,,,,,,,,,,355,,2022-12-06 17:17:30 UTC,,,
Lancs and South Cumbria - Health and Well Being (Q1 & Q2),,,,2023-01-05,2022-12-12,,,Red 92,,,,,,,,,,,Collected,,,,,,,,,,,,367,,2022-12-06 17:17:30 UTC,,,
North East and North Cumbria - AHSN - Digital Champions,,,,2023-01-05,2022-12-12,,,Red 93,,,,,,,,,,,Collected,,,,,,,,,,,,382,,2022-12-06 17:17:31 UTC,,,
North Cumbria - Maturity Index,,,,2023-01-05,2022-12-12,,,Red 94,,,,,,,,,,,Collected,,,,,,,,,,,,341,,2022-12-06 17:17:32 UTC,,,
Lancs and South Cumbria - ICS Regulated care management fees (Sue Capstick),,,,2023-01-05,2022-12-12,,,Red 95,,,,,,,,,,,Collected,,,,,,,,,,,,396,,2022-12-06 17:17:32 UTC,,,
Lancs and South Cumbria - ICS Regulated care management fees (Jane Howarth),,,,2023-01-05,2022-12-12,,,Red 96,,,,,,,,,,,Collected,,,,,,,,,,,,387,,2022-12-06 17:17:31 UTC,,,
Lancs and South Cumbria - ICS Regulated care management fees (Tabitha),,,,2023-01-05,2022-12-12,,,Red 97,,,,,,,,,,,Collected,,,,,,,,,,,,368,,2022-12-06 17:17:31 UTC,,,
South East Region - DJP Pilot,,,,2023-01-05,2022-12-12,,,Red 98,,,,,,,,,,,Collected,,,,,,,,,,,,384,,2022-12-06 17:33:31 UTC,,,
Humber and Vale - DJP support across 10 PCNs,,,,2023-01-05,2022-12-12,,,Red 99,,,,,,,,,,,Collected,,,,,,,,,,,,371,,2022-12-06 17:17:30 UTC,,,
NWL - Remote monitoring programme (Home Care) - Extension,,,,2023-01-05,2022-12-12,,,Red 100,,,,,,,,,,,Collected,,,,,,,,,,,,414,,2022-12-06 17:17:30 UTC,,,
Coventry CC and Warwickshire CC - Domestic Violence and Sexual exploitation communications campaign,,,,2023-01-05,2022-12-12,,,Red 101,,,,,,,,,,,Collected,,,,,,,,,,,,242467,,2022-12-06 17:17:31 UTC,,,
BSOL - DJP,,,,2023-01-05,2022-12-12,,,Red 102,,,,,,,,,,,Collected,,,,,,,,,,,,389,,2022-12-06 17:17:32 UTC,,,
North Central London - Online consultation programme,,,,2023-01-05,2022-12-12,,,Red 103,,,,,,,,,,,Collected,,,,,,,,,,,,380,,2022-12-06 17:17:30 UTC,,,
Northamptonshire CCG - DJP enhanced support,,,,2023-01-05,2022-12-12,,,Red 104,,,,,,,,,,,Collected,,,,,,,,,,,,379,,2022-12-06 17:17:31 UTC,,,
NHS CAMBRIDGESHIRE AND PETERBOROUGH CCG - DJP enhanced support,,,,2023-01-05,2022-12-12,,,Red 105,,,,,,,,,,,Collected,,,,,,,,,,,,385,,2022-12-06 17:17:32 UTC,,,
NEL - Digital Strategy support programme (50%),,,,2023-01-05,2022-12-12,,,Red 106,,,,,,,,,,,Collected,,,,,,,,,,,,393428,,2022-12-06 17:17:30 UTC,,,
NEL - Telephony support,,,,2023-01-05,2022-12-12,,,Red 107,,,,,,,,,,,Collected,,,,,,,,,,,,394,,2022-12-06 17:17:31 UTC,,,
SWL - OC Implementation - Extension,,,,2023-01-05,2022-12-12,,,Red 108,,,,,,,,,,,Collected,,,,,,,,,,,,410,,2022-12-06 17:17:29 UTC,,,
North Camden PCN - Hub development,,,,2023-01-05,2022-12-12,,,Red 109,,,,,,,,,,,Collected,,,,,,,,,,,,411,,2022-12-06 17:17:31 UTC,,,
North Central London - LLoyd George (*Use LG tab),,,,2023-01-05,2022-12-12,,,Red 110,,,,,,,,,,,Collected,,,,,,,,,,,,431,,2022-12-06 17:17:29 UTC,,,
SWL/Croydon - OC Implementation Support - OC Implementation Support/SWL Strategic contract,,,,2023-01-05,2022-12-12,,,Red 111,,,,,,,,,,,Collected,,,,,,,,,,,,465,,2022-12-06 17:17:30 UTC,,,
Salford/Broughton PCN Webinar x3,,Invoice Sent,,2022-12-03,2023-08-23,,,Red 14,,,,,,,,,,,Collected,,,,,,,,,,,,476,,2022-11-03 09:49:56 UTC,,,
L&SC Workforce 5.0 Phase 1,,Invoice Sent,,2022-11-23,2023-08-23,,,Red 15,,,,,,,,,,,Collected,,,,,,,,,,,,475,,2022-10-24 10:37:38 UTC,,,
Caxton Surgery SMMS,,Invoice Sent,,2022-11-17,2023-08-23,,,Red 16,,,,,,,,,,,Collected,,,,,,,,,,,,473,,2022-10-18 14:31:07 UTC,,,
Healthier Futures Funding,,Invoice Sent,,2022-12-24,2023-08-23,,,Red 17,,,,,,,,,,,Collected,,,,,,,,,,2022-11-24,,483,,2022-11-24 12:08:39 UTC,,,
SWL Merton Websites,,Invoice Sent,,2022-12-11,2023-08-23,,,Red 18,,,,,,,,,,,Collected,,,,,,,,,,2022-11-15,,480,,2022-11-11 12:20:20 UTC,,,
SE Region Telephony Program,,Invoice Sent,,2022-12-24,2023-08-23,,,Red 19,,,,,,,,,HIOW ICB,,Collected,,,,,,,,,,2022-09-21,,468,,2022-11-24 10:12:15 UTC,,,
Norfolk and Waveney - Batch 2,,Invoice Sent,,2022-12-16,2023-08-23,,,Red 20,,,,,,,,,Norfolk and Waveney ICB,,Collected,,,,,,,,,,2022-11-25,,484,,2022-11-16 10:36:01 UTC,vivienphillips@nhs.net,,
North Camden PCN extention of works,,Invoice Sent,,2022-12-29,2023-08-23,,,Red 22,,,,,,,,,,,Collected,,,,,,,,,,2022-11-16,,481,,2022-11-29 12:25:06 UTC,,,
ELC Rebrand & Website,,Invoice Sent,,2022-12-28,2023-08-23,,,Red 21,,,,,,,,,,,Collected,,,,,,,,,,2022-11-28,,485,,2022-11-28 14:51:42 UTC,,,
Print Search - Various Branding,,Invoice Sent,,2022-12-28,2023-08-23,,,Red 23,,,,,,,,,,,Collected,,,,,,,,,,2022-11-29,,486,,2022-11-28 14:51:46 UTC,,,
Print Search - Boels Leaflets & Man City Shirt Box,,Invoice Sent,,2022-12-30,2023-08-23,,,Red 24,,,,,,,,,,,Collected,,,,,,,,,,2022-11-30,,487,,2022-11-30 09:57:12 UTC,,,
Seacroft PCN  Deal,,Invoice Sent,,2022-12-23,2023-08-23,,,Red 25,,,,,,,,,,,Collected,,,,,,,,,,2022-12-06,,489,,2022-11-23 13:13:07 UTC,selgpgroup@nhs.net,,
Remote Monitoing evaluation NEL,,Invoice Sent,,2023-01-06,2023-08-23,,,Red 26,,,,,,,,,,,Collected,,,,,,,,,,2022-12-07,,0490,,2022-12-07 09:05:40 UTC,,,
Print Search (Anna Ford) - creative on The Lowry Coffee Shop project,,Invoice Sent,,2023-01-05,2023-08-23,,,Red 28,,,,,,,,,,,Collected,,,,,,,,,,2022-10-31,,477,,2022-12-06 17:17:30 UTC,,,
Princes Gardens Surgery,,Invoice Sent,,2023-01-06,2023-08-23,,,Red 27,,,,,,,,,,,Collected,,,,,,,,,,2022-12-08,,491,,2022-12-07 13:22:51 UTC,louisa.enriquez@nhs.net,,
Rother Valley South PCN,,Invoice Sent,,2023-08-27,2023-08-23,,,FY24/0058,,,,,,,,,,,Collected,,,,,,,,,,,,,https://redmoor-health-company.monday.com/protected_static/13214200/resources/13444758/Invoice%20INV-0710.pdf,2023-07-28 10:11:29 UTC,,749,
Valens - Patient Art Project Survey,,Invoice Sent,,2023-08-26,2023-08-23,,,FY24/0057,,,,,,,,,,,Collected,,,,,,,,,,2023-07-27,,706,https://redmoor-health-company.monday.com/protected_static/13214200/resources/13212851/Invoice%20INV-0706.pdf,2023-07-27 08:13:55 UTC,,250,
Conexus comms support,,Invoice Sent,,2023-08-23,2023-08-23,,,FY24/0056,,,,,,,,,,,Collected,,,,,,,,,,2023-07-27,,705,https://redmoor-health-company.monday.com/protected_static/13214200/resources/13207557/Invoice%20INV-0705.pdf,2023-07-24 14:19:39 UTC,,1124,
Hulme and City Centre South PCN,,Invoice Sent,,2023-08-16,2023-08-23,,,FY24/0055,,,,,,,,,,,Collected - DD,,,,,,,,,,2023-07-26,,0704,https://redmoor-health-company.monday.com/protected_static/13214200/resources/13133073/Invoice%20INV-0704.pdf,2023-07-17 10:39:27 UTC,,1249,
Together First CIC,,Invoice Sent,,2023-08-20,2023-08-23,,,FY24/0052,,,,,,,,,,,Collected,,,,,,,,,,2023-07-25,,701,https://redmoor-health-company.monday.com/protected_static/13214200/resources/13051467/Invoice%20INV-0701.pdf,2023-07-21 10:19:34 UTC,,16666,
Lambeth Digital Inclusion Tool - Hosting,,Invoice Sent,,2023-08-18,2023-08-23,,,FY24/0051,,,,,,,,,,,Collected,,,,,,,,,,2023-07-20,,700,https://redmoor-health-company.monday.com/protected_static/13214200/resources/12751612/Invoice%20INV-0700.pdf,2023-07-19 08:22:16 UTC,,600,
MHCC - Coding/Medical Terminolgy,,Invoice Sent,,2023-01-05,2023-08-23,,,Red 29,,,,,,,,,,,Collected,,,,,,,,,,2022-07-05,,426,,2022-12-06 17:17:30 UTC,,,
Frimley ICS (SE) - OC support,,Invoice Sent,,2023-01-05,2023-08-23,,,Red 30,,,,,,,,,,,Collected,,,,,,,,,,2022-05-04,,450,,2022-12-06 17:17:32 UTC,,,
South East Region - Telephony support,,Invoice Sent,,2023-01-05,2023-08-23,,,Red 31,,,,,,,,,,,Collected,,,,,,,,,,,,468,,2022-12-06 17:17:32 UTC,,,
London Ambulance - MS Teams,,Invoice Sent,,2023-01-05,2023-08-23,,,Red 32,,,,,,,,,,,Collected,,,,,,,,,,2022-07-05,,425,,2022-12-06 17:32:46 UTC,,,
SWL - Change Manager,,Invoice Sent,,2023-01-05,2023-08-23,,,Red 33,,,,,,,,,,,Collected,,,,,,,,,,2022-06-14,,422,,2022-12-06 17:17:31 UTC,,,
NEL - Remote monitoring evaluation,,Invoice Sent,,2023-01-05,2023-08-23,,,Red 34,,,,,,,,,,,Collected,,,,,,,,,,2022-09-16,,466,,2022-12-06 17:17:30 UTC,,,
Staying Well extension - Staffs,,Invoice Sent,,2023-01-15,2023-08-23,,,Red 35,,,,,,,,,,,Collected,,,,,,,,,,2022-12-16,,493,,2022-12-16 09:21:37 UTC,,,
SMMS Nuneaton and Bedworth,,Invoice Sent,,2023-01-05,2023-08-23,,,Red 36,,,,,,,,,,,Collected,,,,,,,,,,2022-12-16,,494,,2022-12-06 12:35:16 UTC,,,
Wawn Street and Marsdon Surgery,,Invoice Sent,,2023-01-08,2023-08-23,,,Red 37,,,,,,,,,,,Collected,,,,,,,,,,2022-12-16,,495,,2022-12-09 12:16:24 UTC,,,
NCL - LLoyd George extension (August - March 23),,Invoice Sent,,2023-01-05,2023-08-23,,,Red 38,,,,,,,,,,,Collected,,,,,,,,,,,,463,,2022-12-06 17:17:32 UTC,,,
L&SC Worforce retention Phase 2,,Invoice Sent,,2023-01-15,2023-08-23,,,Red 39,,,,,,,,,,,Collected,,,,,,,,,,2022-12-19,,496,,2022-12-16 16:47:47 UTC,,,
Norfolk & Waveney - DJP,,Invoice Sent,,2023-01-06,2023-08-23,,,Red 40,,,,,,,,,,,Collected,,,,,,,,,,2022-12-22,,497,,2022-12-07 10:34:37 UTC,,,
Southampton West PCN,,Invoice Sent,,2023-01-21,2023-08-23,,,Red 41,,,,,,,,,,,Collected,,,,,,,,,,2022-12-23,,498,,2022-12-22 13:26:21 UTC,,,
London Region Digital First Team  Deal,,Invoice Sent,,2023-02-17,2023-08-23,,,Red 42,,,,,,,,,,,Collected,,,,,,,,,,2023-01-18,,0503,,2023-01-18 10:38:19 UTC,,,
South East Innovation Lab,,Invoice Sent,,2023-02-17,2023-08-23,,,Red 43,,,,,,,,,,,Collected,,,,,,,,,,2023-01-18,,0504,,2023-01-18 11:30:08 UTC,,,
Cheetham Hill Facebook Boosting,,Invoice Sent,,2023-02-17,2023-08-23,,,Red 44,,,,,,,,,,,Collected,,,,,,,,,,2023-01-26,,518,https://redmoor-health-company.monday.com/protected_static/13214200/resources/3346856/Invoice%20INV-0518.pdf,2023-01-18 16:07:44 UTC,,,
Barlow Medical Centre,,Invoice Sent,,2023-02-25,2023-08-23,,,Red 45,,,,,,,,,,,Collected,,,,,,,,,,2023-01-26,,516,,2023-01-26 12:47:34 UTC,,,
Lambeth Healthcare - Digital Inclusion. Lucy Goodevedocker,,Invoice Sent,,2023-02-08,2023-08-23,,,Red 46,,,,,,,,,,,Collected,,,,,,,,,,2023-01-30,,520,,2023-01-09 11:46:40 UTC,,,
Atos 1st year,,Invoice Sent,,2023-02-24,2023-08-23,,,Red 47,,,,,,,,,,,Collected,,,,,,,,,,2023-01-10,,502,,2023-01-25 13:35:30 UTC,,,
L&SC Worforce retention Phase 3a,,Invoice Sent,,2023-03-02,2023-08-23,,,Red 48,,,,,,,,,,,Collected,,,,,,,,,,2023-01-31,,522,,2023-01-31 11:46:56 UTC,,,
Valens Medical Partnership  Deal,,Invoice Sent,,2023-03-02,2023-08-23,,,Red 49,,,,,,,,,,,Collected,,,,,,,,,,2023-02-03,,0524,,2023-01-31 14:10:19 UTC,,,
Nursing Long Covid Project Animation X2,,Invoice Sent,,2023-02-25,2023-08-23,,,Red 50,,,,,,,,,,,Collected,,,,,,,,,,2023-02-03,,0525,,2023-01-26 12:28:20 UTC,,,
Conexus Healthcare GP Fed  Deal,,Invoice Sent,,2023-02-12,2023-08-23,,,Red 51,,,,,,,,,,,Collected,,,,,,,,,,2023-01-26,,515,,2023-01-13 10:46:29 UTC,,,
GP Health Partners GP Federation,,Invoice Sent,,2023-03-08,2023-08-23,,,Red 52,,,,,,,,,,,Collected,,,,,,,,,,2023-02-07,,527,,2023-02-06 12:25:37 UTC,,,
BSOL Telephony Review,,Invoice Sent,,2023-01-20,2023-08-23,,,Red 53,,,,,,,,,,,Collected,,,,,,,,,,2023-02-08,,0528,,2022-12-21 13:04:10 UTC,,,
Redmoor ELC 'How To Guides...',,Invoice Sent,,2023-03-11,2023-08-23,,,Red 54,,,,,,,,,,,Collected,,,,,,,,,,2023-02-13,,529,,2023-02-09 12:13:01 UTC,,,
Cambridge & Peterborough Renewal,,Invoice Sent,,2023-03-15,2023-08-23,,,Red 55,,,,,,,,,,,Collected,,,,,,,,,,2023-02-14,,530,,2023-02-13 09:46:01 UTC,,,
Parsek PIFU Oct-Dec 22,,Invoice Sent,,2023-03-17,2023-08-23,,,Red 56,,,,,,,,,,,Collected,,,,,,,,,,2023-02-15,,0531,,2023-02-15 10:57:37 UTC,,,
Parsek PIFU Design Blue Pelican Jan 23,,Invoice Sent,,2023-03-17,2023-08-23,,,Red 57,,,,,,,,,,,Collected,,,,,,,,,,2023-02-15,,0532,,2023-02-15 10:57:53 UTC,,,
CPT - Paul Street,,Invoice Sent,,2023-01-18,2023-08-23,,,Red 58,,,,,,,,,,,Collected,,,,,,,,,,2023-02-28,,0536,,2022-12-19 13:49:57 UTC,,,
L&SC Workforce retention Phase 3b,,Invoice Sent,,2023-03-30,2023-08-23,,,Red 59,,,,,,,,,,,Collected,,,,,,,,,,2023-02-28,,537,,2023-02-28 10:59:04 UTC,,,
Higher Folds Community Centre,,Invoice Sent,,2023-03-29,2023-08-23,,,Red 60,,,,,,,,,,,Collected,,,,,,,,,,2023-02-28,,0538,https://redmoor-health-company.monday.com/protected_static/13214200/resources/4553696/Invoice%20INV-0538.pdf,2023-02-27 16:50:50 UTC,,,
Glenlyn Medical Centre,,Invoice Sent,,2023-03-30,2023-08-23,,,Red 61,,,,,,,,,,,Collected,,,,,,,,,,2023-02-28,,0539,https://redmoor-health-company.monday.com/protected_static/13214200/resources/4554292/Invoice%20INV-0539.pdf,2023-02-28 12:24:16 UTC,,,
Norfolk and Waveney ICB  Deal - Batch 3,,Invoice Sent,,2023-03-30,2023-08-23,,,Red 11,,,,,,,,,,,Collected,,,,,,,,,,2023-02-28,,0540,https://redmoor-health-company.monday.com/protected_static/13214200/resources/4555274/Invoice%20INV-0540.pdf,2023-02-28 13:58:10 UTC,,,
CPT Infographics,,Invoice Sent,,2023-03-22,2023-08-23,,,Red 10,,,,,,,,,,,Collected,,,,,,,,,,2023-02-28,,0541,https://redmoor-health-company.monday.com/protected_static/13214200/resources/4574744/Invoice%20INV-0541.pdf,2023-02-20 11:32:46 UTC,,,
Black Country Support,,Invoice Sent,,2023-04-02,2023-08-23,,,,,,,,,,,,,,Collected,,,,,,,,,,2023-03-07,,0544,"https://redmoor-health-company.monday.com/protected_static/13214200/resources/4854146/PO%20887001084.pdf, https://redmoor-health-company.monday.com/protected_static/13214200/resources/4854170/Invoice%20INV-0544.pdf",2023-03-03 12:18:05 UTC,,,
Pirbright Surgery,,Invoice Sent,,2023-04-08,2023-08-23,,,,,,,,,,,,,,Collected,,,,,,,,,,2023-03-10,,547,https://redmoor-health-company.monday.com/protected_static/13214200/resources/5005006/Invoice%20INV-0547.pdf,2023-03-09 12:44:03 UTC,,,
Homewell Curlew Practice,,Invoice Sent,,2023-04-01,2023-08-23,,,Red 113,,,,,,,,,,,Collected,,,,,,,,,,2023-03-10,,0548,https://redmoor-health-company.monday.com/protected_static/13214200/resources/5005505/Invoice%20INV-0548.pdf,2023-03-02 20:21:14 UTC,,,
Vine Medical Group/Strawberry PCN,,Invoice Sent,,2023-04-02,2023-08-23,,,,,,,,,,,,,,Collected,,,,,,,,,,2023-03-10,,0549,https://redmoor-health-company.monday.com/protected_static/13214200/resources/5006786/Invoice%20INV-0549.pdf,2023-03-03 16:47:11 UTC,,,
Norfolk and Waveney,,Invoice Sent,,2023-04-08,2023-08-23,,,,,,,,,,,,,,Collected,,,,,,,,,,2023-03-10,,0553,https://redmoor-health-company.monday.com/protected_static/13214200/resources/5011734/Invoice%20INV-0553.pdf,2023-03-09 14:57:00 UTC,,,
Healthier Fleetwood PCN - DMS March 23,,Invoice Sent,,2023-04-09,2023-08-23,,,,,,,,,,,,,,Collected,,,,,,,,,,2023-03-10,,554,https://redmoor-health-company.monday.com/protected_static/13214200/resources/5016123/Invoice%20INV-0554.pdf,2023-03-10 13:08:29 UTC,,19066.56,
The Bridge PCN DMS Phase 1,,Invoice Sent,,2023-04-09,2023-08-23,,,Red 12,,,,,,,,,,,Collected,,,,,,,,,,2023-02-28,,0542,https://redmoor-health-company.monday.com/protected_static/13214200/resources/5016275/Invoice%20INV-0542.pdf,2023-03-10 13:12:47 UTC,,18750,
Fort House Surgery,,Invoice Sent,,2023-04-06,2023-08-23,,,,,,,,,,,,,,Collected,,,,,,,,,,2023-03-10,,0555,https://redmoor-health-company.monday.com/protected_static/13214200/resources/5016571/Invoice%20INV-0555.pdf,2023-03-07 15:35:36 UTC,,,
Bury Fed DMS,,Invoice Sent,,2023-04-12,2023-08-23,,,,,,,,,,,,,,Collected,,,,,,,,,,2023-03-14,,556,https://redmoor-health-company.monday.com/protected_static/13214200/resources/5173593/Invoice%20INV-0556.pdf,2023-03-13 08:56:12 UTC,,162504,
Bury Fed DMS,,Invoice Sent,,2023-04-12,2023-08-23,,,,,,,,,,,,,,Collected,,,,,,,,,,2023-03-14,,0557,"https://redmoor-health-company.monday.com/protected_static/13214200/resources/5173641/Invoice%20INV-0557.pdf, https://redmoor-health-company.monday.com/protected_static/13214200/resources/6157954/Invoice%20INV-0597.pdf, https://redmoor-health-company.monday.com/protected_static/13214200/resources/6157956/Credit%20Note%20CN-0598.pdf, https://redmoor-health-company.monday.com/protected_static/13214200/resources/6157955/Invoice%20INV-0596.pdf, https://redmoor-health-company.monday.com/protected_static/13214200/resources/6157953/Invoice%20INV-0595.pdf",2023-03-13 14:44:05 UTC,,54166.66,
Fowey River Practice,,Invoice Sent,,2023-04-12,2023-08-23,,,,,,,,,,,,,,Collected,,,,,,,,,,2023-03-16,,558,https://redmoor-health-company.monday.com/protected_static/13214200/resources/5253540/Invoice%20INV-0558.pdf,2023-03-13 12:02:49 UTC,,499,
2 Norfolk practices,,Invoice Sent,,2023-04-13,2023-08-23,,,,,,,,,,,,,,Collected,,,,,,,,,,2023-03-16,,0599,https://redmoor-health-company.monday.com/protected_static/13214200/resources/5274080/Invoice%20INV-0559.pdf,2023-03-14 14:27:29 UTC,,698,
Mewstone PCN Websites x 4,,Invoice Sent,,2023-04-05,2023-08-23,,,,,,,,,,,,,,Collected,,,,,,,,,,2023-03-16,,0560,https://redmoor-health-company.monday.com/protected_static/13214200/resources/5275985/Invoice%20INV-0560.pdf,2023-03-06 11:30:44 UTC,,1100,
Wells Health Centre,,Invoice Sent,,2023-04-06,2023-08-23,,,,,,,,,,,,,,Collected,,,,,,,,,,2023-03-10,,549,,2023-03-07 09:08:23 UTC,,,
Leatherhead PCN,,Invoice Sent,,2023-04-14,2023-08-23,,,,,,,,,,,,,,Collected,,,,,,,,,,2023-03-16,,0561,https://redmoor-health-company.monday.com/protected_static/13214200/resources/5281334/Invoice%20INV-0561.pdf,2023-03-15 13:43:29 UTC,,349,
Wey Family Practice,,Invoice Sent,,2023-04-01,2023-08-23,,,Red 112,,,,,,,,,,,Collected,,,,,,,,,,2023-03-09,,0546,https://redmoor-health-company.monday.com/protected_static/13214200/resources/5280028/Invoice%20INV-0546.pdf,2023-03-02 13:35:23 UTC,,349,
Dorking Medical Centre,,Invoice Sent,,2023-04-12,2023-08-23,,,,,,,,,,,,,,Collected,,,,,,,,,,2023-03-16,,0562,https://redmoor-health-company.monday.com/protected_static/13214200/resources/5282005/Invoice%20INV-0562.pdf,2023-03-13 12:15:50 UTC,,649,
Havant and Waterlooville PCN,,Invoice Sent,,2023-04-09,2023-08-23,,,,,,,,,,,,,,Collected,,,,,,,,,,2023-03-16,,0563,https://redmoor-health-company.monday.com/protected_static/13214200/resources/5282670/Invoice%20INV-0563.pdf,2023-03-10 14:08:13 UTC,,499,
Hyndburn Central PCN  Deal,,Invoice Sent,,2023-04-12,2023-08-23,,,,,,,,,,,,,,Collected,,,,,,,,,,2023-03-16,,564,https://redmoor-health-company.monday.com/protected_static/13214200/resources/5295186/Invoice%20INV-0564.pdf,2023-03-13 10:55:29 UTC,,20800,
Devon DJP,,Invoice Sent,,2023-04-13,2023-08-23,,,,,,,,,,,,,,Collected,,,,,,,,,,2023-03-20,,0565,https://redmoor-health-company.monday.com/protected_static/13214200/resources/5413369/Invoice%20INV-0565.pdf,2023-03-14 12:57:10 UTC,sbs.apinvoicing@nhs.net,191460,
Haughton Thornley Medical,,Invoice Sent,,2023-04-19,2023-08-23,,,,,,,,,,,,,,Collected,,,,,,,,,,2023-03-21,,0566,https://redmoor-health-company.monday.com/protected_static/13214200/resources/5476502/Invoice%20INV-0566.pdf,2023-03-20 16:57:29 UTC,,1259,
The Grove Medical Centre,,Invoice Sent,,2023-04-15,2023-08-23,,,,,,,,,,,,,,Collected,,,,,,,,,,2023-03-21,,0567,https://redmoor-health-company.monday.com/protected_static/13214200/resources/5496588/Invoice%20INV-0567.pdf,2023-03-16 10:56:18 UTC,,349,
Avon Valley practice,,Invoice Sent,,2023-04-20,2023-08-23,,,,,,,,,,,,,,Collected,,,,,,,,,,2023-03-21,,568,https://redmoor-health-company.monday.com/protected_static/13214200/resources/5497041/Invoice%20INV-0568.pdf,2023-03-21 13:49:11 UTC,,499,
Sarum Pharmacy,,Invoice Sent,,2023-04-20,2023-08-23,,,,,,,,,,,,,,Collected,,,,,,,,,,2023-03-21,,569,https://redmoor-health-company.monday.com/protected_static/13214200/resources/5497267/Invoice%20INV-0569.pdf,2023-03-21 13:49:09 UTC,,499,
Salisbury Walk in centre,,Invoice Sent,,2023-04-20,2023-08-23,,,,,,,,,,,,,,Collected,,,,,,,,,,2023-03-21,,570,https://redmoor-health-company.monday.com/protected_static/13214200/resources/5497502/Invoice%20INV-0570.pdf,2023-03-21 13:49:07 UTC,,499,
SE Region Exemplar (Kent),,Invoice Sent,,2023-03-31,2023-08-23,,,Red 114,,,,,,,,,,,Collected,,,,,,,,,,2023-03-23,,0571,https://redmoor-health-company.monday.com/protected_static/13214200/resources/5592353/Invoice%20INV-0571.pdf,2023-03-01 12:04:18 UTC,,,
East Norfolk Medical Partnership,,Invoice Sent,,2023-04-23,2023-08-23,,,,,,,,,,,,,,Collected,,,,,,,,,,2023-03-27,,600,"https://redmoor-health-company.monday.com/protected_static/13214200/resources/5705904/Invoice%20INV-0575.pdf, https://redmoor-health-company.monday.com/protected_static/13214200/resources/6157938/Credit%20Note%20CN-0599.pdf, https://redmoor-health-company.monday.com/protected_static/13214200/resources/6157937/Invoice%20INV-0600.pdf",2023-03-24 12:25:53 UTC,,349,
Hayling Island and Emsworth PCN,,Invoice Sent,,2023-04-23,2023-08-23,,,,,,,,,,,,,,Collected,,,,,,,,,,2023-03-27,,576,https://redmoor-health-company.monday.com/protected_static/13214200/resources/5722743/Invoice%20INV-0576.pdf,2023-03-24 12:01:23 UTC,,,
BWell renewal,,Invoice Sent,,2023-04-23,2023-08-23,,,,,,,,,,,,,,Collected,,,,,,,,,,2023-03-24,,0572,https://redmoor-health-company.monday.com/protected_static/13214200/resources/5725221/Invoice%20INV-0572.pdf,2023-03-24 09:25:47 UTC,,95000,
Atos 1st year second invoice,,Invoice Sent,,2023-04-26,2023-08-23,,,,,,,,,,,,,,Collected,,,,,,,,,,2023-03-27,,578,https://redmoor-health-company.monday.com/protected_static/13214200/resources/5728298/Invoice%20INV-0578.pdf,2023-03-27 08:01:51 UTC,,63750,
Hydes,,Invoice Sent,,2023-04-26,2023-08-23,,,,,,,,,,,,,,Collected,,,,,,,,,,2023-03-27,,0579,https://redmoor-health-company.monday.com/protected_static/13214200/resources/5732256/Invoice%20INV-0579.pdf,2023-03-27 10:53:33 UTC,,500,
Chobham & West End Medical Practice,,Invoice Sent,,2023-04-26,2023-08-23,,,,,,,,,,,,,,Collected,,,,,,,,,,2023-03-28,,0584,https://redmoor-health-company.monday.com/protected_static/13214200/resources/5793068/Invoice%20INV-0584.pdf,2023-03-27 10:58:12 UTC,,499,
SWL renewal,,Invoice Sent,,2023-04-28,2023-08-23,,,,,,,,,,,,,,Collected,,,,,,,,,,2023-03-29,,0585,https://redmoor-health-company.monday.com/protected_static/13214200/resources/5834628/Invoice%20INV-0585.pdf,2023-03-29 08:00:42 UTC,,120000,
L&SC Worforce retention Phase 4,,Invoice Sent,,2023-04-27,2023-08-23,,,,,,,,,,,,,,Collected,,,,,,,,,,2023-03-24,,574,https://redmoor-health-company.monday.com/protected_static/13214200/resources/5837998/Invoice%20INV-0574.pdf,2023-03-28 09:59:56 UTC,,106000,
Hyndburn Central PCN SMMS,,Invoice Sent,,2023-04-21,2023-08-23,,,,,,,,,,,,,,Collected,,,,,,,,,,2023-03-29,,0586,https://redmoor-health-company.monday.com/protected_static/13214200/resources/5840176/Invoice%20INV-0586.pdf,2023-03-22 16:35:30 UTC,,1549,
North Cumbria Renewal,,Invoice Sent,,2023-04-27,2023-08-23,,,,,,,,,,,,,,Collected,,,,,,,,,,2023-03-29,,0587,https://redmoor-health-company.monday.com/protected_static/13214200/resources/5855128/Invoice%20INV-0587.pdf,2023-03-28 06:34:18 UTC,,46340,
NCL renewal,,Invoice Sent,,2023-04-22,2023-08-23,,,,,,,,,,,,,,Collected,,,,,,,,,,2023-03-30,,0588,https://redmoor-health-company.monday.com/protected_static/13214200/resources/5898315/Invoice%20INV-0588.pdf,2023-03-23 12:00:35 UTC,,180000,
Humber & Vale of York DJP Renewal,,Invoice Sent,,2023-04-23,2023-08-23,,,,,,,,,,,,,,Collected,,,,,,,,,,,,0592,https://redmoor-health-company.monday.com/protected_static/13214200/resources/5915261/Invoice%20INV-0592.pdf,2023-03-24 13:53:22 UTC,,51722,
South Tyneside DJP - 914001692,,Invoice Sent,,2023-04-29,2023-08-23,,,,,,,,,,,,,,Collected,,,,,,,,,,2023-03-28,,0582,https://redmoor-health-company.monday.com/protected_static/13214200/resources/5916071/Invoice%20INV-0582%20(1).pdf,2023-03-30 10:27:30 UTC,,5304,
South Tyneside DJP - 914001693,,Invoice Sent,,2023-04-29,2023-08-23,,,,,,,,,,,,,,Collected,,,,,,,,,,2023-03-28,,0583,https://redmoor-health-company.monday.com/protected_static/13214200/resources/5916374/Invoice%20INV-0583%20(1).pdf,2023-03-30 10:27:32 UTC,,5304.2,
BSOL PCN Telephony/Website Support,,Invoice Sent,,2023-04-30,2023-08-23,,,,,,,,,,,,,,Collected,,,,,,,,,,2023-03-30,,591,https://redmoor-health-company.monday.com/protected_static/13214200/resources/5962556/Invoice%20INV-0591.pdf,2023-03-31 10:03:28 UTC,,71500,
National NHSE DJP creation,,Invoice Sent,,2023-04-13,2023-08-23,,,,,,,,,,,,,,Collected,,,,,,,,,,2023-03-09,,0545,https://redmoor-health-company.monday.com/protected_static/13214200/resources/6048450/Invoice%20INV-0545.pdf,2023-03-14 11:54:22 UTC,,47700,
Jai Medical Centre Brent,,Invoice Sent,,2023-04-29,2023-08-23,,,FY24/0001,,,,,,,,,,,Collected,,,,,,,,,,2023-03-28,,0601,https://redmoor-health-company.monday.com/protected_static/13214200/resources/6373017/Invoice%20INV-0601.pdf,2023-03-30 10:02:16 UTC,,499,
Brockwood Medical Practice,,Invoice Sent,,2023-04-30,2023-08-23,,,FY24/0002,,,,,,,,,,,Collected,,,,,,,,,,2023-04-11,,,https://redmoor-health-company.monday.com/protected_static/13214200/resources/6375743/Invoice%20INV-0602.pdf,2023-03-31 09:34:30 UTC,,349,
Epsom PCN,,Invoice Sent,,2023-04-30,2023-08-23,,,FY24/0003,,,,,,,,,,,Collected,,,,,,,,,,2023-04-11,,603,https://redmoor-health-company.monday.com/protected_static/13214200/resources/6393227/Invoice%20INV-0603.pdf,2023-03-31 09:39:27 UTC,,499,
Wokingham North PCN  Deal,,Invoice Sent,,2023-05-03,2023-08-23,,,FY24/0004,,,,,,,,,,,Collected - DD,,,,,,,,,,2023-04-11,,,https://redmoor-health-company.monday.com/protected_static/13214200/resources/6429156/Quote%20QU0045.pdf,2023-04-03 13:45:12 UTC,,54000,
PHGH Doctors,,Invoice Sent,,2023-05-17,2023-08-23,,,FY24/0005,,,,,,,,,,,Collected,,,,,,,,,,2023-04-18,,0611,"https://redmoor-health-company.monday.com/protected_static/13214200/resources/6739833/Invoice%20INV-0611.pdf, https://redmoor-health-company.monday.com/protected_static/13214200/resources/6739879/INTERMEDIATE%20Redmoor%20Health%20Limited%20Digital%20Managed%20Service%20Service%20Level%20Agreement%20V0.5%20Mar%202023%20FINAL%20VANILLA.pdf",2023-04-17 11:11:43 UTC,,5250,
Springfield Surgery,,Invoice Sent,,2023-05-11,2023-08-23,,,FY24/0006,,,,,,,,,,,Collected,,,,,,,,,,2023-04-17,,0612,https://redmoor-health-company.monday.com/protected_static/13214200/resources/6746048/Invoice%20INV-0612.pdf,2023-04-11 14:12:13 UTC,,349,
Merrow Park Surgery,,Invoice Sent,,2023-05-11,2023-08-23,,,FY24/0007,,,,,,,,,,,Collected,,,,,,,,,,2023-04-17,,613,https://redmoor-health-company.monday.com/protected_static/13214200/resources/6748975/Invoice%20INV-0613.pdf,2023-04-11 09:19:16 UTC,,349,
Hillview Medical Centre,,Invoice Sent,,2023-05-18,2023-08-23,,,FY24/0008,,,,,,,,,,,Collected,,,,,,,,,,2023-04-25,,0614,https://redmoor-health-company.monday.com/protected_static/13214200/resources/7195870/Invoice%20INV-0614.pdf,2023-04-18 17:26:14 UTC,,349,
Leeds GP Confederation,,Invoice Sent,,2023-05-21,2023-08-23,,,FY24/0009,,,,,,,,,,,Collected,,,,,,,,,,2023-04-25,,0615,https://redmoor-health-company.monday.com/protected_static/13214200/resources/7200133/Invoice%20INV-0615.pdf,2023-04-21 08:10:07 UTC,,749,
L&SC Workforce retention Final phase,,Invoice Sent,,2023-05-28,2023-08-23,,,FY24/0010,,,,,,,,,,,Collected,,,,,,,,,,,,618,https://redmoor-health-company.monday.com/protected_static/13214200/resources/7434839/Invoice%20INV-0618.pdf,2023-04-28 08:17:00 UTC,,9000,
Surrey Lodge Group Practice,,Invoice Sent,,2023-05-27,2023-08-23,,,FY24/0011,,,,,,,,,,,Collected,,,,,,,,,,,,0619,https://redmoor-health-company.monday.com/protected_static/13214200/resources/7435598/Invoice%20INV-0619.pdf,2023-04-27 13:55:33 UTC,,749,
Chorley Together PCN  Deal Qtr 1,,Invoice Sent,,2023-05-28,2023-08-23,,,FY24/0012,,,,,,,,,,,Collected,,,,,,,,,,,,620,https://redmoor-health-company.monday.com/protected_static/13214200/resources/7444198/Invoice%20INV-0620.pdf,2023-04-28 09:25:26 UTC,,5250,
Wandsworth Medical Group/Practice -SMMS,,Invoice Sent,,2023-06-10,2023-08-23,,,FY24/0014,,,,,,,,,,,Collected,,,,,,,,,,2023-05-16,,628,https://redmoor-health-company.monday.com/protected_static/13214200/resources/8461781/Invoice%20INV-0628.pdf,2023-05-11 11:40:46 UTC,,499,
Wandsworth Medical Group/Practice -Website Audit,,Invoice Sent,,2023-06-14,2023-08-23,,,FY24/0015,,,,,,,,,,,Collected,,,,,,,,,,2023-05-16,,628,https://redmoor-health-company.monday.com/protected_static/13214200/resources/8461778/Invoice%20INV-0628.pdf,2023-05-15 10:23:07 UTC,,140,
Valens - Patient Brochure,,Invoice Sent,,2023-06-08,2023-08-23,,,FY24/0019,,,,,,,,,,,Collected,,,,,,,,,,2023-05-18,,632,https://redmoor-health-company.monday.com/protected_static/13214200/resources/8640340/Invoice%20INV-0632.pdf,2023-05-09 11:33:15 UTC,,500,
Skelmersdale PCN,,Invoice Sent,,2023-06-02,2023-08-23,,,FY24/0016,,,,,,,,,,,Collected,,,,,,,,,,2023-05-16,,0629,https://redmoor-health-company.monday.com/protected_static/13214200/resources/8493083/Invoice%20INV-0629.pdf,2023-05-03 15:52:55 UTC,,499,
Conexus HTML,,Invoice Sent,,2023-06-04,2023-08-23,,,FY24/0017,,,,,,,,,,,Collected,,,,,,,,,,2023-05-16,,630,https://redmoor-health-company.monday.com/protected_static/13214200/resources/8493675/Invoice%20INV-0630.pdf,2023-05-05 14:21:20 UTC,,5510,
Leyland PCN Branding,,Invoice Sent,,2023-06-04,2023-08-23,,,FY24/0020,,,,,,,,,,,Collected,,,,,,,,,,2023-05-18,,636,https://redmoor-health-company.monday.com/protected_static/13214200/resources/8642108/Invoice%20INV-0636.pdf,2023-05-05 15:38:45 UTC,,550,
Conexus Healthcare GP Fed 2nd payment,,Invoice Sent,,2023-06-21,2023-08-23,,,,,,,,,,,,,,Collected,,,,,,,,,,2023-05-23,,0637,https://redmoor-health-company.monday.com/protected_static/13214200/resources/8860478/Invoice%20INV-0637.pdf,2023-05-22 11:58:28 UTC,,574.5,
NCL Lloyd George April- Sept,,Invoice Sent,,2023-06-23,2023-08-23,,,FY24/0021,,,,,,,,,,,Collected,,,,,,,,,,,,0641,https://redmoor-health-company.monday.com/protected_static/13214200/resources/8980366/Invoice%20INV-0641.pdf,2023-05-24 14:22:17 UTC,,39000,
COCO PCN,,Invoice Sent,,2023-06-23,2023-08-23,,,FY24/0022,,,,,,,,,,,Collected,,,,,,,,,,2023-05-25,,0642,https://redmoor-health-company.monday.com/protected_static/13214200/resources/9016560/Invoice%20INV-0642.pdf,2023-05-24 15:39:37 UTC,,,
Pro Start Pensions Website,,Invoice Sent,,2023-02-08,2023-08-23,,,FY24/0023,,,,,,,,,,,Collected,,,,,,,,,,2023-05-25,,0643,https://redmoor-health-company.monday.com/protected_static/13214200/resources/9055958/Invoice%20INV-0643.pdf,2023-01-09 11:51:48 UTC,,1995,
St James Medical Centre,,Invoice Sent,,2023-06-22,2023-08-23,,,FY24/0024,,,,,,,,,,,Collected,,,,,,,,,,2023-05-25,,0644,https://redmoor-health-company.monday.com/protected_static/13214200/resources/9057367/Invoice%20INV-0644.pdf,2023-05-23 09:53:06 UTC,,499,
Riverside Surgery,,Invoice Sent,,2023-06-22,2023-08-23,,,FY24/0025,,,,,,,,,,,Collected,,,,,,,,,,2023-05-25,,0645,https://redmoor-health-company.monday.com/protected_static/13214200/resources/9058106/Invoice%20INV-0645.pdf,2023-05-23 12:48:13 UTC,,749,
Friarsgate,,Invoice Sent,,2023-05-27,2023-08-23,,,FY24/0026,,,,,,,,,,,Collected,,,,,,,,,,2023-05-25,,646,https://redmoor-health-company.monday.com/protected_static/13214200/resources/9060318/Invoice%20INV-0646.pdf,2023-04-27 14:13:29 UTC,,749,
St Clements Partnership,,Invoice Sent,,2023-05-27,2023-08-23,,,FY24/0027,,,,,,,,,,,Collected,,,,,,,,,,2023-05-25,,0647,https://redmoor-health-company.monday.com/protected_static/13214200/resources/9060896/Invoice%20INV-0647.pdf,2023-04-27 14:12:23 UTC,,,
Washway Road Medical Centre,,Invoice Sent,,2023-06-22,2023-08-23,,,FY24/0028,,,,,,,,,,,Collected,,,,,,,,,,2023-05-25,,0648,https://redmoor-health-company.monday.com/protected_static/13214200/resources/9061186/Invoice%20INV-0648.pdf,2023-05-23 09:56:23 UTC,,499,
Humber and North Yorkshire ICB DJP Renewal,,Invoice Sent,,2023-06-23,2023-08-23,,,FY24/0029,,,,,,,,,,,Collected,,,,,,,,,,2023-06-26,,649,https://redmoor-health-company.monday.com/protected_static/13214200/resources/9436339/Invoice%20INV-0649.pdf,2023-05-24 08:35:06 UTC,,51722,
Lancs Training Hub,,Invoice Sent,,2023-07-12,2023-08-23,,,FY24/0030,,,,,,,,,,,Collected,,,,,,,,,,2023-06-12,,0656,https://redmoor-health-company.monday.com/protected_static/13214200/resources/10089021/Invoice%20INV-0656.pdf,2023-06-12 11:04:04 UTC,,500,
"Balham, Tooting and Furzedown PCN (copy)",,Invoice Sent,,2023-07-01,2023-08-23,,,FY24/0031,,,,,,,,,,,Collected,,,,,,,,,,2023-06-13,,0657,"https://redmoor-health-company.monday.com/protected_static/13214200/resources/10197251/Invoice%20INV-0657.pdf, https://redmoor-health-company.monday.com/protected_static/13214200/resources/12706572/SIGNED%20-%20BTF_%20RMH%20Limited_Digital%20Managed_SLA_Final.pdf",2023-06-01 09:48:34 UTC,,17063,
Staffordshire Renewal,,Invoice Sent,,2023-07-16,2023-08-23,,,FY24/0034,,,,,,,,,,,Collected,,,,,,,,,,2023-06-29,,0665,https://redmoor-health-company.monday.com/protected_static/13214200/resources/11254760/Invoice%20INV-0665.pdf,2023-06-16 07:41:02 UTC,,100000,
Valens Medical Partnership 3-month DMS,,Invoice Sent,,2023-07-27,2023-08-23,,,FY24/0035,,,,,,,,,,,Collected,,,,,,,,,,2023-06-29,,0666,https://redmoor-health-company.monday.com/protected_static/13214200/resources/11271420/Invoice%20INV-0666.pdf,2023-06-27 09:50:24 UTC,,13500,
NENC AHSN Renewal,,Invoice Sent,,2023-07-29,2023-08-23,,,FY24/0036,,,,,,,,,,,Collected,,,,,,,,,,2023-06-30,,0670,https://redmoor-health-company.monday.com/protected_static/13214200/resources/11444111/Invoice%20INV-0670%20(1).pdf,2023-06-29 13:13:10 UTC,,52200,
Atos yr 2 April & May,,Invoice Sent,,2023-06-24,2023-08-23,,,FY24/0037,,,,,,,,,,,Collected,,,,,,,,,,2023-06-29,,0664,https://redmoor-health-company.monday.com/protected_static/13214200/resources/11498745/Invoice%20INV-0664.pdf,2023-05-25 12:32:35 UTC,,47520,
Southport and Formby Health,,Invoice Sent,,2023-08-04,2023-08-23,,,FY24/0038,,,,,,,,,,,Collected,,,,,,,,,,2023-07-11,,0676,https://redmoor-health-company.monday.com/protected_static/13214200/resources/12019701/Invoice%20INV-0676.pdf,2023-07-05 09:54:26 UTC,,,
Integrated Care Partnership PCN,,Invoice Sent,,2023-08-04,2023-08-23,,,FY24/0039,,,,,,,,,,,Collected - DD,,,,,,,,,,,,0677,https://redmoor-health-company.monday.com/protected_static/13214200/resources/12051056/Invoice%20INV-0677.pdf,2023-07-05 08:37:38 UTC,,1149,
Chingford Medical Centre,,Invoice Sent,,2023-07-19,2023-08-23,,,FY24/0042,,,,,,,,,,,Collected - DD,,,,,,,,,,2023-07-14,,0680,https://redmoor-health-company.monday.com/protected_static/13214200/resources/12325106/Invoice%20INV-0680.pdf,2023-06-19 09:58:55 UTC,,39.62,
E4 Network PCN,,Invoice Sent,,2023-07-20,2023-08-23,,,FY24/0043,,,,,,,,,,,Collected,,,,,,,,,,,,0681,https://redmoor-health-company.monday.com/protected_static/13214200/resources/12330834/Invoice%20INV-0681.pdf,2023-06-20 16:43:33 UTC,,499,
Stenhouse Medical Centre,,Invoice Sent,,2023-07-22,2023-08-23,,,FY24/0044,,,,,,,,,,,Collected,,,,,,,,,,2023-07-14,,0682,https://redmoor-health-company.monday.com/protected_static/13214200/resources/12331304/Invoice%20INV-0682.pdf,2023-06-22 07:24:38 UTC,,499,
The North Leeds Medical Practice,,Invoice Sent,,2023-08-10,2023-08-23,,,FY24/0049,,,,,,,,,,,Collected - DD,,,,,,,,,,2023-07-14,,0687,https://redmoor-health-company.monday.com/protected_static/13214200/resources/12340151/Invoice%20INV-0687.pdf,2023-07-11 16:35:36 UTC,,59.25,
South Tyneside DJP - 914001691,,Invoice Sent,,2023-04-29,2023-08-23,,,,,,,,,,,,,,Collected,,,,,,,,,,,,,https://redmoor-health-company.monday.com/protected_static/13214200/resources/5916409/Invoice%20INV-0581%20(2).pdf,2023-03-30 10:27:37 UTC,,5304,
Norfolk batch E,,Invoice Sent,,2023-08-04,2023-08-30,,,FY24/0045,,,,,,,,,,,Collected,,,,,,,,,,2023-07-14,,0683,https://redmoor-health-company.monday.com/protected_static/13214200/resources/12335904/Invoice%20INV-0683.pdf,2023-07-05 11:43:10 UTC,,1047,
Birtley Medical Group,,Invoice Sent,,2023-09-08,,,,FY24/0060,,,,,,,,,,,Collected - DD,,,,,,,,,,2023-08-22,,0726,https://redmoor-health-company.monday.com/protected_static/13214200/resources/15030953/Invoice%20INV-0726.pdf,2023-08-09 13:16:32 UTC,,480,
The Spa Surgery,,Invoice Sent,,2023-09-10,,,,FY24/0061,,,,,,,,,,,Collected - DD,,,,,,,,,,2023-08-22,,727,https://redmoor-health-company.monday.com/protected_static/13214200/resources/15045002/Invoice%20INV-0727.pdf,2023-08-11 14:24:19 UTC,,474,
Shakespeare Road Medical Practice,,Invoice Sent,,2023-08-17,2023-09-08,,,FY24/0053,,,,,,,,,,,Collected,,,,,,,,,,2023-07-25,,702,https://redmoor-health-company.monday.com/protected_static/13214200/resources/13054694/Invoice%20INV-0702.pdf,2023-07-18 14:48:11 UTC,,499,
Norfolk - Heathgate Medical Practice,,Invoice Sent,,2023-09-01,2023-09-08,,,FY24/0064,,,,,,,,,,,Collected,,,,,,,,,,2023-08-22,,730,https://redmoor-health-company.monday.com/protected_static/13214200/resources/15064450/Invoice%20INV-0730.pdf,2023-08-02 09:50:51 UTC,,349,
Norfolk - Wells Health Centre,,Invoice Sent,,2023-09-01,2023-09-08,,,FY24/0064,,,,,,,,,,,Collected,,,,,,,,,,2023-08-22,,730,https://redmoor-health-company.monday.com/protected_static/13214200/resources/15064461/Invoice%20INV-0730.pdf,2023-08-02 09:50:58 UTC,,349,
The Neville Family practice,,Invoice Sent,,2023-09-29,2023-09-08,,,FY24/0071,,,,,,,,,,,Collected,,,,,,,,,,2023-08-30,,739,https://redmoor-health-company.monday.com/protected_static/13214200/resources/15712455/Invoice%20INV-0739.pdf,2023-08-30 11:31:10 UTC,,749,
Branch End Surgery,,Invoice Sent,,2023-10-07,,,,FY24/0074,,,,,,,,,,,Collected - DD,,,,,,,,,,2023-09-11,,763,https://redmoor-health-company.monday.com/protected_static/13214200/resources/16644816/Invoice%20INV-0763.pdf,2023-09-07 09:25:24 UTC,,499,
West Knowsley PCN,,Invoice Sent,,2023-09-21,2023-09-20,,,FY24/0066,,,,,,,,,,,Not Collected,,,,,,,,,,2023-08-22,,0732,https://redmoor-health-company.monday.com/protected_static/13214200/resources/15072373/Invoice%20INV-0732.pdf,2023-08-22 12:17:27 UTC,,21000,
The Caxton Surgery,,Invoice Sent,,2023-10-05,2023-10-02,,,FY24/0076,,,,,,,,,,,Collected,,,,,,,,,,2023-09-14,,766,https://redmoor-health-company.monday.com/protected_static/13214200/resources/17000706/Invoice%20INV-0766.pdf,2023-09-05 07:58:00 UTC,,499,
BWell,,Invoice Sent,,2023-10-21,2023-10-02,,,FY24/0081,,,,,,,,,,,Collected,,,,,,,,,,2023-09-26,,781,https://redmoor-health-company.monday.com/protected_static/13214200/resources/18094234/Invoice%20INV-0781.pdf,2023-09-21 08:24:10 UTC,,66500,
Riverside Surgery,,Invoice Sent,,2023-06-10,2023-10-16,,,FY24/0018,,,,,,,,,,,Collected,,,,,,,,,,2023-05-18,,631,https://redmoor-health-company.monday.com/protected_static/13214200/resources/8637347/Invoice%20INV-0631.pdf,2023-05-11 13:44:30 UTC,,1100,
South Yorkshire Support Program phase 1,,Invoice Sent,,2023-09-10,2023-10-16,,,FY24/0068,,,,,,,,,,,Collected,,,,,,,,,,2023-08-11,,0720,https://redmoor-health-company.monday.com/protected_static/13214200/resources/15075033/Invoice%20INV-0720.pdf,2023-08-11 08:40:47 UTC,,117710,
Conexus/Health Care First comms support,,Invoice Sent,,2023-09-08,2023-10-16,,,FY24/0069,,,,,,,,,,,Collected,,,,,,,,,,2023-08-22,,734,https://redmoor-health-company.monday.com/protected_static/13214200/resources/15077606/Invoice%20INV-0734.pdf,2023-08-09 09:34:21 UTC,,4000,
Middleton and Hunslett PCN + Beeston PCN,,Invoice Sent,,2023-10-05,,,,FY24/0077,,,,,,,,,,,Collected - DD,,,,,,,,,,2023-09-14,,0767,https://redmoor-health-company.monday.com/protected_static/13214200/resources/17003562/Invoice%20INV-0767.pdf,2023-09-05 08:09:03 UTC,,480,
Cornishway Group Practice,,Invoice Sent,,2023-10-18,2023-10-16,,,FY24/0079,,,,,,,,,,,Collected,,,,,,,,,,2023-09-19,,755,https://redmoor-health-company.monday.com/protected_static/13214200/resources/17490391/Invoice%20INV-0775.pdf,2023-09-18 10:43:48 UTC,,499,
Bridgedale PCN South Ribble,,Invoice Sent,,2023-08-27,2023-10-16,,,FY24/0063,,,,,,,,,,,Collected,,,,,,,,,,2023-08-22,,729,https://redmoor-health-company.monday.com/protected_static/13214200/resources/15056432/Invoice%20INV-0729.pdf,2023-07-28 14:02:39 UTC,,3299,
Streatham PCN_SMMS,,Invoice Sent,,2023-09-17,2023-10-16,,,FY24/0065,,,,,,,,,,,Collected,,,,,,,,,,2023-08-22,,0731,https://redmoor-health-company.monday.com/protected_static/13214200/resources/15068623/Invoice%20INV-0731.pdf,2023-08-18 08:19:54 UTC,,5400,
SELGP Group,,Invoice Sent,,2023-10-20,2023-10-16,,,FY24/0083,,,,,,,,,,,Collected,,,,,,,,,,2023-09-29,,0783,https://redmoor-health-company.monday.com/protected_static/13214200/resources/18426166/Invoice%20INV-0783.pdf,2023-09-20 09:50:40 UTC,,499,
The Harlequin Surgery,,Invoice Sent,,2023-08-09,2023-10-18,,,FY24/0048,,,,,,,,,,,Collected,,,,,,,,,,2023-07-14,,0684,https://redmoor-health-company.monday.com/protected_static/13214200/resources/12339523/Invoice%20INV-0684.pdf,2023-07-10 17:08:55 UTC,,39.62,
NCL Strategic Contract,,Invoice Sent,,2023-12-02,2023-11-06,,,,,,,,,,,,,,Collected,,,,,,,,,,2023-10-13,,806,https://redmoor-health-company.monday.com/protected_static/13214200/resources/22133966/Invoice%20INV-0806.pdf,2023-11-02 11:14:30 UTC,,31900,
Sandhills PCN DJP Foundation+,,Invoice Sent,,2023-11-17,2023-11-06,,,FY24/0091,,,,,,,,,,,Collected,,,,,,,,,,2023-10-19,,824,https://redmoor-health-company.monday.com/protected_static/13214200/resources/20406382/Invoice%20INV-0824.pdf,2023-10-18 17:18:24 UTC,,928,
Print Search - Training Guide,,Invoice Sent,,2023-10-22,2023-11-08,,,FY24/0082,,,,,,,,,,,Collected,,,,,,,,,,2023-09-27,,0782,https://redmoor-health-company.monday.com/protected_static/13214200/resources/18221168/Invoice%20INV-0782.pdf,2023-09-22 13:41:41 UTC,,200,
Lionwood Medical Practice,,Invoice Sent,,2023-11-16,2023-11-08,,,FY24/0090,,,,,,,,,,,Collected,,,,,,,,,,2023-10-19,,0823,https://redmoor-health-company.monday.com/protected_static/13214200/resources/20363042/Invoice%20INV-0823.pdf,2023-10-17 13:16:40 UTC,,499,
Norfolk - Quarter 3,,Invoice Sent,,2023-11-05,2023-11-08,,,FY24/0085,,,,,,,,,,,Collected,,,,,,,,,,2023-10-13,,812,https://redmoor-health-company.monday.com/protected_static/13214200/resources/19768989/Invoice%20INV-0812.pdf,2023-10-06 08:05:55 UTC,,15800,
Acle Medical Partnership - Norfolk,,Invoice Sent,,2023-11-16,2023-11-08,,,FY24/0089,,,,,,,,,,,Collected,,,,,,,,,,2023-10-19,,0822,https://redmoor-health-company.monday.com/protected_static/13214200/resources/20359403/Invoice%20INV-0822.pdf,2023-10-17 13:16:40 UTC,,499,
Balham Tooting and Furzedown,,Invoice Sent,,2023-10-07,2023-11-08,,,FY24/0078,,,,,,,,,,,Collected,,,,,,,,,,2023-09-14,,768,https://redmoor-health-company.monday.com/protected_static/13214200/resources/17024582/Invoice%20INV-0768.pdf,2023-09-07 15:09:07 UTC,,2299,
Gosport Central PCN,,Invoice Sent,,2023-10-20,2023-11-08,,,FY24/0084,,,,,,,,,,,Collected,,,,,,,,,,2023-09-29,,0785,https://redmoor-health-company.monday.com/protected_static/13214200/resources/18478657/Invoice%20INV-0785.pdf,2023-09-20 15:34:27 UTC,,2696,
Network 9 PCN Tower Hamlets,,Invoice Sent,,2023-08-09,2023-11-08,,,FY24/0050,,,,,,,,,,,Collected,,,,,,,,,,2023-07-18,,0690,https://redmoor-health-company.monday.com/protected_static/13214200/resources/12574971/Invoice%20INV-0690.pdf,2023-07-10 13:17:10 UTC,,250,
NCL Lloyd George Oct-March,,Invoice Sent,,2023-11-10,2023-11-08,,,,,,,,,,,,,,Collected,,,,,,,,,,2023-10-13,,813,https://redmoor-health-company.monday.com/protected_static/13214200/resources/19774312/Invoice%20INV-0813.pdf,2023-10-11 11:42:10 UTC,,39000,
Hertfordshire - Just Talk campaign,,Invoice Sent,,2023-04-15,2023-11-08,,,FY24/0059,,,,,,,,,,,Collected,,,,,,,,,,2023-08-04,,716,https://redmoor-health-company.monday.com/protected_static/13214200/resources/13844455/Invoice%20INV-0716.pdf,2023-03-16 10:56:41 UTC,,,
Ashley Centre Surgery,,Invoice Sent,,2023-11-11,2023-11-09,,,FY24/0087,,,,,,,,,,,Collected,,,,,,,,,,2023-10-13,,816,https://redmoor-health-company.monday.com/protected_static/13214200/resources/19801724/Invoice%20INV-0816.pdf,2023-10-12 10:57:00 UTC,,499,
NHS Greater Manchester ICB (Oldham) - CPD Training sessions,,Invoice Sent,,2023-10-25,2023-11-14,,,FY24/0088,,,,,,,,,,,Collected,,,,,,,,,,2023-10-16,,817,https://redmoor-health-company.monday.com/protected_static/13214200/resources/20003744/Invoice%20INV-0817.pdf,2023-09-25 09:52:47 UTC,,2000,
The Edlington Practice,,Invoice Sent,,2023-11-18,2023-11-16,,,FY24/0092,,,,,,,,,,,Collected,,,,,,,,,,2023-10-20,,825,https://redmoor-health-company.monday.com/protected_static/13214200/resources/20488465/Invoice%20INV-0825.pdf,2023-10-19 12:50:06 UTC,,499,
Clarendon Medical Practice,,Invoice Sent,,2023-07-08,2023-11-28,,,FY24/0040,,,,,,,,,,,Collected,,,,,,,,,,2023-07-14,,0679,https://redmoor-health-company.monday.com/protected_static/13214200/resources/12324364/Invoice%20INV-0679.pdf,2023-06-08 07:25:55 UTC,,39.62,
Hyndburn ARRS banners - print,,Invoice Sent,,2023-12-01,2023-11-28,,,FY24/0094,,,,,,,,,,,Collected,,,,,,,,,,,,,,2023-11-01 14:59:13 UTC,,275,
Hyndburn PCN Event Flyers,,Invoice Sent,,2023-12-02,2023-11-28,,,FY24/0095,,,,,,,,,,,Collected,,,,,,,,,,,,,,2023-11-02 11:35:52 UTC,,120,
Primary Care Analytics - Branding,,Invoice Sent,,2023-12-01,2023-11-28,,,FY24/0093,,,,,,,,,,,Collected,,,,,,,,,,2023-11-06,,851,https://redmoor-health-company.monday.com/protected_static/13214200/resources/22170973/Invoice%20INV-0851.pdf,2023-11-01 15:00:52 UTC,,550,
North Riding Community Health Network PCN,,Invoice Sent,,2023-10-18,2023-12-11,,,FY24/0080,,,,,,,,,,,Collected,,,,,,,,,,2023-09-19,,0776,https://redmoor-health-company.monday.com/protected_static/13214200/resources/17500826/Invoice%20INV-0776.pdf,2023-09-18 11:56:14 UTC,,1996,
Norfolk practice - Fleggburgh Practice,,Invoice Sent,,2023-12-07,2023-12-11,,,FY24/0097,,,,,,,,,,,Collected,,,,,,,,,,2023-11-09,,0853,https://redmoor-health-company.monday.com/protected_static/13214200/resources/22544911/Invoice%20INV-0853.pdf,2023-11-07 10:10:16 UTC,,499,
Conexus SM campaign,,Invoice Sent,,2023-12-02,2023-12-11,,,FY24/0100,,,,,,,,,,,Collected,,,,,,,,,,2023-11-10,,861,https://redmoor-health-company.monday.com/protected_static/13214200/resources/22716194/Invoice%20INV-0861.pdf,2023-11-02 11:55:00 UTC,,70,
Three Harbours and Bosvena PCN,,Invoice Sent,,2023-12-08,2023-12-11,,,FY24/0102,,,,,,,,,,,Collected,,,,,,,,,,2023-11-10,,863,https://redmoor-health-company.monday.com/protected_static/13214200/resources/22722528/Invoice%20INV-0863.pdf,2023-11-08 17:02:09 UTC,dom.cook@nhs.net,500,
Seacroft PCN,,Invoice Sent,,2023-12-14,2023-12-11,,,FY24/0103,,,,,,,,,,,Collected,,,,,,,,,,2023-11-17,,866,https://redmoor-health-company.monday.com/protected_static/13214200/resources/23452180/Invoice%20INV-0866.pdf,2023-11-14 17:15:33 UTC,,999,
Paradise Medical Centre,,Invoice Sent,,2023-12-31,,,,FY24/0107,,,,,,,,,,,Collected - DD,,,,,,,,,,2023-12-11,,,https://redmoor-health-company.monday.com/protected_static/13214200/resources/25988974/Invoice%20INV-0898.pdf,2023-12-01 16:31:17 UTC,,499,
Marsden and Wawn Street Surgery,,Invoice Sent,,2023-11-18,,,,FY24/0096,,,,,,,,,,,Collected - DD,,,,,2023-12-01,2024-12-01,,,,2023-11-09,,852,https://redmoor-health-company.monday.com/protected_static/13214200/resources/22537810/Invoice%20INV-0852.pdf,2023-10-19 13:24:39 UTC,,480,
Primary Care Analytics Banner,,Invoice Sent,,2023-12-14,2024-01-22,,,FY24/0105,,,,,,,,,,,Collected,,,,,,,,,,2023-11-27,,870,https://redmoor-health-company.monday.com/protected_static/13214200/resources/24485691/Invoice%20INV-0870.pdf,2023-11-14 15:52:14 UTC,,90,
Long Lane Medical Centre,,Invoice Sent,,2023-12-29,2024-01-22,,,FY24/0106,,,,,,,,,,,Collected,,,,,,,,,,2023-12-11,,0897,https://redmoor-health-company.monday.com/protected_static/13214200/resources/25973714/Invoice%20INV-0897.pdf,2023-11-29 09:48:41 UTC,,499,
Princes Gardens Surgery,,Invoice Sent,,2024-01-03,2024-01-22,,,FY24/0108,,,,,,,,,,,Collected,,,,,,,,,,2023-12-11,,899,https://redmoor-health-company.monday.com/protected_static/13214200/resources/25993272/Invoice%20INV-0899.pdf,2023-12-04 11:39:47 UTC,,749,
Whitley Road Medical Centre,,Invoice Sent,,2024-01-05,2024-01-22,,,FY24/0109,,,,,,,,,,,Collected,,,,,,,,,,2023-12-11,,900,https://redmoor-health-company.monday.com/protected_static/13214200/resources/25997307/Invoice%20INV-0900.pdf,2023-12-06 09:03:18 UTC,,499,
Primary Care Analytics - Design Templates,,Invoice Sent,,2024-01-04,2024-01-22,,,FY24/0111,,,,,,,,,,,Collected,,,,,,,,,,2023-12-14,,906,https://redmoor-health-company.monday.com/protected_static/13214200/resources/26476089/Invoice%20INV-0906.pdf,2023-12-05 12:07:46 UTC,,1400,
North Preston Medical Practice,,Invoice Sent,,2024-02-20,,,,FY24/0127,,,,,,,,,,,Collected - DD,,,,,,,,,,2024-01-31,,972,https://redmoor-health-company.monday.com/protected_static/13214200/resources/32029227/Invoice%20INV-0972.pdf,2024-01-21 11:47:22 UTC,,499,
Norfolk - Coastal Village Practice,,Invoice Sent,,2024-01-19,2024-02-09,,,FY24/0112,,,,,,,,,,,Collected,,,,,,,,,,2024-01-02,,931,https://redmoor-health-company.monday.com/protected_static/13214200/resources/27756078/Invoice%20INV-0931.pdf,2023-12-20 12:16:18 UTC,,499,
Bromley Connect PCN,,Invoice Sent,,2024-01-19,2024-02-09,,,FY24/0113,,,,,,,,,,,Collected,,,,,,,,,,2024-01-02,,932,https://redmoor-health-company.monday.com/protected_static/13214200/resources/27774035/Invoice%20INV-0932.pdf,2023-12-20 12:26:56 UTC,,499,
Station House Surgery,,Invoice Sent,,2024-01-19,2024-02-09,,,FY24/0114,,,,,,,,,,,Collected,,,,,,,,,,2024-01-02,,933,https://redmoor-health-company.monday.com/protected_static/13214200/resources/27782271/Invoice%20INV-0933.pdf,2023-12-20 15:42:48 UTC,,749,
Primary Care Analytics - Website,,Invoice Sent,,2024-02-10,2024-02-09,,,FY24/0117,,,,,,,,,,,Collected,,,,,,,,,,2024-01-15,,947,,2024-01-11 09:16:22 UTC,,4100,
The Wellspring Surgery,,Invoice Sent,,2024-01-19,2024-02-09,,,FY24/00118,,,,,,,,,,,Collected,,,,,,,,,,2024-01-15,,948,https://redmoor-health-company.monday.com/protected_static/13214200/resources/29617131/Invoice%20INV-0948.pdf,2023-12-20 18:00:44 UTC,,499,
Norfolk and Waveney SMMS 2024/25,,Invoice Sent,,2024-02-23,2024-02-09,,,FY24/0124,,,,,,,,,,,Collected,,,,,,,,,,2024-01-26,,964,https://redmoor-health-company.monday.com/protected_static/13214200/resources/31403225/Invoice%20INV-0964.pdf,2024-01-24 09:26:53 UTC,,20500,
Ampleforth Surgery - North Riding PCN,,Invoice Sent,,2024-02-21,2024-02-09,,,FY24/0125,,,,,,,,,,,Collected,,,,,,,,,,2024-01-26,,0965,https://redmoor-health-company.monday.com/protected_static/13214200/resources/31406004/Invoice%20INV-0965.pdf,2024-01-22 12:35:37 UTC,,312,
Drake Medical VGC,,Invoice Sent,,2023-12-31,2024-02-09,,,FY24/0126,,,,,,,,,,,Collected,,,,,,,,,,2024-01-31,,0971,https://redmoor-health-company.monday.com/protected_static/13214200/resources/32009063/Invoice%20INV-0971.pdf,2023-12-01 08:02:06 UTC,,550,
High Road Surgery NCL Boosted Campaign,,Invoice Sent,,2024-02-29,2024-02-12,,,FY24/0129,,,,,,,,,,,Collected,,,,,,,,,,,,995,https://redmoor-health-company.monday.com/protected_static/13214200/resources/33010139/Invoice%20INV-0995.pdf,2024-01-30 10:08:59 UTC,,300,
Valens Medical Partnership 3-month DMS,,Invoice Sent,,2024-02-15,2024-02-14,,,,,,,,,,,,,,Collected,,,,,,,,,,,,955,https://redmoor-health-company.monday.com/protected_static/13214200/resources/30264879/Invoice%20INV-0955.pdf,2024-01-16 10:47:58 UTC,,13500,
Hertfordshire CC Drymester Campaign,,Invoice Sent,,2024-01-19,2024-02-15,,,FY24/0116,,,,,,,,,,,Collected,,,,,,,,,,2024-01-15,,946,https://redmoor-health-company.monday.com/protected_static/13214200/resources/29607750/Invoice%20INV-0946.pdf,2023-12-20 10:52:07 UTC,,775,
Barlow Medical Centre,,Invoice Sent,,2024-02-09,2024-02-20,,,FY24/0121,,,,,,,,,,,Collected,,,,,2023-02-01,2024-01-31,,,,2024-01-26,,960,https://redmoor-health-company.monday.com/protected_static/13214200/resources/31388937/Invoice%20INV-0960.pdf,2024-01-10 09:29:10 UTC,,499,
Rural Warwickshire N Branding & Website,,Invoice Sent,,2023-07-28,2024-04-09,,,FY24/0054,,,,,,,,,,,Collected,,,,,,,,,,2023-07-26,,0703,https://redmoor-health-company.monday.com/protected_static/13214200/resources/13130078/Invoice%20INV-0703.pdf,2023-06-28 11:21:08 UTC,,3050,
Warrington Primary Care Networks,,Invoice Sent,,2023-11-29,2024-04-09,,,FY24/0098,,,,,,,,,,,Collected,,,,,,,,,,2023-11-10,,0856,https://redmoor-health-company.monday.com/protected_static/13214200/resources/22684563/Invoice%20INV-0856.pdf,2023-10-30 06:56:29 UTC,,11677,
"Barnsley DMS ""additional digital transformation""",,Invoice Sent,,2023-12-15,2024-04-09,,,FY24/0104,,,,,,,,,,,Collected,,,,,,,,,,2023-11-17,,826,"https://redmoor-health-company.monday.com/protected_static/13214200/resources/23523730/Invoice%20INV-0867.pdf, https://redmoor-health-company.monday.com/protected_static/13214200/resources/32137938/Invoice%20INV-0939.pdf",2023-11-15 12:46:17 UTC,,20769,
SMD Pharmacy,,Invoice Sent,,2024-02-21,2024-04-09,,,FY24/0120,,,,,,,,,,,Collected,,,,,,,,,,2024-01-24,,0959,https://redmoor-health-company.monday.com/protected_static/13214200/resources/31030706/Invoice%20INV-0959.pdf,2024-01-22 12:24:59 UTC,,400,
Chapel Group Medical Centre,,Invoice Sent,,2024-01-07,2024-04-09,,,FY24/0110,,,,,,,,,,,Collected,,,,,,,,,,2023-12-11,,901,https://redmoor-health-company.monday.com/protected_static/13214200/resources/26042066/Invoice%20INV-0901.pdf,2023-12-08 11:42:56 UTC,,749,
Engleton House Surgery and Coventry University Medical Centre,,Invoice Sent,,2024-03-16,2024-04-09,,,FY24/0132,,,,,,,,,,,Collected,,,,,,,,,,2024-02-26,,1001,https://redmoor-health-company.monday.com/protected_static/13214200/resources/35679457/Invoice%20INV-1001.pdf,2024-02-15 09:43:01 UTC,,960,
Higher Folds Community Centre,,Invoice Sent,,2024-03-17,2024-04-09,,,FY24/0133,,,,,,,,,,,Collected,,,,,2023-03-01,2024-02-28,,,,2024-02-27,,1002,https://redmoor-health-company.monday.com/protected_static/13214200/resources/35946968/Invoice%20INV-1002.pdf,2024-02-16 14:57:50 UTC,,349,
Priory Gate Practice,,Invoice Sent,,2024-03-27,2024-04-09,,,FY24/01035,,,,,,,,,,,Collected,,,,,,,,,,2024-03-01,,1034,https://redmoor-health-company.monday.com/protected_static/13214200/resources/36558945/Invoice%20INV-1034.pdf,2024-02-26 13:47:21 UTC,,749,
Chorley Road Network,,Invoice Sent,,2024-03-23,2024-04-09,,,FY24/0134,,,,,,,,,,,Collected,,,,,,,,,,2024-03-01,,1033,https://redmoor-health-company.monday.com/protected_static/13214200/resources/36556825/Invoice%20INV-1033.pdf,2024-02-22 09:53:15 UTC,,3371,
