Store,Subitems,Organisation Name,Work Strand,Pillar,Deal Value,Close date,Business Type,Stage,Kanban Stage,Sales Lead,Customer Type,Lead Source,Confidence Level,Finance Forecast,Loss Reason,Email 1,Created Date,Meeting date,Follow up date,ICB,PCN,ODS Code,CS knows,Contract Start Date,Contract End Date,Board Check,F - Customer Name,Main contact,Email,F - Billing Contact,F - Billing Email,F - Billing Address,F - Billing Mechanic,F - Billing Type,F - Sales Method,🗣  Main Contact,Client_Onboarding_Account_Managers_1633191773,Invoices and Collections,Sales Email,👩🏻‍💼 Individuals,Chase date,link to Renewals,link to Invoices and Collections,Current FTE,Future FTE,Skills Required,monday Doc v2,People
Didsbury Medical,,,SMMS,Patient Communications,120,2027-08-17,New,Initial Discussion,New Opportunity,Richard Stoddart,Practice,Existing customer relations,50%,In forecast,,,2026-08-17,,2027-05-01,,,,,,,,,,,,,,DD,,,,,,,,,,,,,,,
X-On Practices,,,SMMS,Patient Communications,1,2026-10-31,New,Initial Discussion,New Opportunity,Richard Stoddart,Practice,Word of mouth,10%,NOT in forecast,,,2026-07-30,,2026-08-31,,,,,,,,,,,,,,,,,,,,,,,,,,,,,
Haider Practice (Hep C campaign),,,SMMS/AI,Patient Communications,1100,2026-09-30,New,Advanced Discussion,New Opportunity,Liam Wright,Practice,Existing customer relations,10%,NOT in forecast,,,2026-07-28,,,,,,,,,,,,,,,,,,,,,,,,,,,,,,,
South Hermitage Surgery,,,SMMS,Patient Communications,620,2027-07-22,New,Initial Discussion,New Opportunity,Richard Stoddart,Practice,Word of mouth,50%,In forecast,,tara.moylan1@nhs.net,2026-07-22,,2027-04-01,,,,,,,,South Hermitage Surgery,,,Tara Moylan,tara.moylan1@nhs.net,16 South Hermitage Shropshire SY3 7JS,Invoice,Annual,Remote,,,,,,,,,,,,,
Aspire Medical PCN,,,SMMS,Patient Communications,5243,2028-02-11,Renewal,Initial Discussion,New Opportunity,Richard Stoddart,PCN,Existing customer relations,50%,In forecast,,,2025-11-24,,2027-09-01,,,,,2028-02-11,2029-02-09,,Mohammad Halim,,,Mohammad Halim,m.halim1@nhs.net,"Aspire Medical Health
Marlowe Park Medical Practice
Wells Road, Roches
Kent
ME2 2PW",Invoice,Annual,Remote,,,,mukherjee.subhro@nhs.net,,,,,,,,,
Greater Manchester Training Hub - Docman training,,,Training,Deployment & Partnerships,1487,2026-09-04,New,Initial Discussion,New Opportunity,Dillon Sykes,Training Hub,Word of mouth,50%,In forecast,,,2026-04-09,,,,,,,,,,,,,,,,,,,,,,,,,,,,,,,
Fremington,,,SMMS,Patient Communications,300,2027-01-01,Renewal,Initial Discussion,New Opportunity,Richard Stoddart,Practice,Personal email campaign,50%,In forecast,,,2026-04-29,,2026-11-01,,,,,,,,Fremington Medical Centre,,,Kate Graddock,k.graddock@nhs.net,"11-13 Beards Road, Fremington
Barnstaple Devon EX312PG",Invoice,Annual,Remote,,,,,,,,,,,,,
Sefton Park Medical Centre,,,SMMS,Patient Communications,499,2028-03-06,Renewal,Initial Discussion,New Opportunity,Richard Stoddart,Practice,Personal email campaign,50%,In forecast,,,2025-12-02,,2027-12-01,,,,,2028-03-06,2029-03-06,,Simon Turton,,,Simon Turton,simon.turton@livgp.nhs.uk,"Sefton Park Medical Centre
Smithdown Road
Liverpool 
Merseyside
L15 2LQ",Invoice,Annual,Remote,,,,Simon.Turton@livgp.nhs.uk,,,,,,,,,
Dorking Medical Practice,,,SMMS,Patient Communications,500,2027-07-01,Renewal,Initial Discussion,New Opportunity,Richard Stoddart,Practice,Word of mouth,50%,In forecast,,mamta.azad@nhs.net,2026-06-21,,2027-04-01,,,,,,,,Dorking Medical Practice,,,Mamta Azad,mamta.azad@nhs.net,142A South Street Dorking Surrey RH4 2QR,Invoice,Annual,Remote,,,,,,,,,,,,,
"Cambridge & Peterborough ICB (Central East) - NHS HC, MGP, preventino work",,,Strategic,Digital & Transformation,26400,2026-09-30,New,Proposal Sent,New Opportunity,Dillon Sykes,ICB,Existing customer relations,10%,NOT in forecast,,,2026-04-01,,,,,,,,,,,,,emma Turner,emma.turner73@nhs.net,,,,,,,,,,,,,,,,,
NHS Staffs & Shropshire FPP support,,,FPP,Digital & Transformation,120000,2026-09-01,New,Proposal Sent,New Opportunity,Matt Murphy,ICB,Marketing campaign,10%,NOT in forecast,,,2026-04-13,,,,,,,,,,,,,,,,,,,,,,,,,,,,,,,
Lambeth Digital Inclusion Tool - Hosting Jul 25-Jul 26,,,Creative,Patient Communications,600,2027-07-01,Renewal,Initial Discussion,New Opportunity,Richard Stoddart,PCN,Existing customer relations,50%,In forecast,,NA - user@example.com,2026-06-04,,2027-05-01,,,,,,,,,,,,,,Invoice,Annual,Remote,,,,,,,,,,,,,
Smoke Free - Birmingham City Council,,,Public Health,Digital & Transformation,80000,2026-08-14,New,Proposal Sent,New Opportunity,Dillon Sykes,Local Authority,Tender,10%,NOT in forecast,,,2026-06-04,,,,,,,,,,,,,,,,,,,,,,,,,,,,,,,
Merton Medical Practice,,,List Growth,Patient Communications,18000,2026-08-31,New,Proposal Sent,New Opportunity,Tom Owen,Practice,LG2 campaign,10%,NOT in forecast,,g.narayan@nhs.net,2026-07-14,,,,,,,,,,,,,,,,,,,,,,,,,,,,,,,
Swanswell Medical Centre,,,AI,Patient Communications,600,2027-06-30,Renewal,Initial Discussion,New Opportunity,Liam Wright,Practice,Existing customer relations,10%,NOT in forecast,,,2026-06-30,,,,,,,,,,,,,Kerrie Griffiths,kerrie.griffiths@nhs.net,370 Gospel Lane BIRMINGHAM B27 7AL,DD,Monthly,Remote,,,,,,,,,,,,,
OneAdvanced Customer Success PATCHS,,,Partnerships,Deployment & Partnerships,87500,2026-09-11,New,Initial Discussion,New Opportunity,Matt Murphy,Partner,Existing customer relations,50%,In forecast,,,2026-04-09,,,,,,,,,,,,,,,,,,,,,,,,,,,,,,,
Chapelfield - AI Batch VIdeos,,,AI,Patient Communications,550,2026-12-31,Renewal,Initial Discussion,New Opportunity,Richard Stoddart,Practice,Local Event,50%,In forecast,,,2026-04-29,,2027-01-01,,,,,,,,,,,Sam Dye,s.dye@nhs.net,"Chapelfield Medical centre
Mayflower Way, Wombwel",Invoice,One off,Remote,,,,,,,,,,,,,
Southampton West PCN,,,SMMS,Patient Communications,4491,2027-01-01,Renewal,Initial Discussion,New Opportunity,Richard Stoddart,PCN,Existing customer relations,50%,In forecast,,,2025-12-05,,2026-10-01,,,,,2027-01-01,2027-12-31,,Matt Austin-Bailey,,,Matt Austin-Bailey,matt.austin-bailey@nhs.net,"Southampton West PCN Limited
355 Shirley Road
Southampton Hampshire SO153JD",Invoice,Annual,Remote,,,,,,,,,,,,,
Coco PCN 2,,,SMMS,Patient Communications,900,2027-08-10,New,Initial Discussion,New Opportunity,Richard Stoddart,Practice,Cold Email,50%,In forecast,,melissa.shiel@nhs.net,2026-08-10,,2027-05-01,,,,,,,,,,,Coco PCN,melissa.shiel@nhs.net,45 Station Road Addlestone KT15 2BH,DD,Monthly,Remote,,,,,,,,,,,,,
Grayshott Surgery,,,SMMS,Patient Communications,500,2027-06-30,Renewal,Initial Discussion,New Opportunity,Richard Stoddart,Practice,Cold Email,80%,In forecast,,sally.foster2@nhs.net,2026-06-30,,2027-04-01,,,,,,,,Grayshott Surgery,,,Kellie West,kellie.west@nhs.net,Boundary Road Hindhead Surrey GU26 6TY,Invoice,Annual,Remote,,,,,,,,,,,,,
Collingham Pharmacy,,,SMMS/AI,Patient Communications,630,2026-11-30,New,Initial Discussion,New Opportunity,Liam Wright,Practice,Existing customer relations,50%,In forecast,,,2025-09-09,,,,,,,,,,,,,,,,,,,,,,,,,,,,,,,
COCO PCN,,,SMMS,Patient Communications,499,2027-05-21,Renewal,Initial Discussion,New Opportunity,Richard Stoddart,PCN,Existing customer relations,50%,In forecast,,,2025-11-28,,2027-02-01,,,,,2026-05-22,2027-05-21,,Melissa Shiel,,,Melissa Shiel,melissa.shiel@nhs.net,"Coco PCN
STepgates
Chertsey surrey KT168hz",Invoice,Annual,Remote,,,,melissa.shiel@nhs.net,,,,,,,,,
Herts Health Check Resources,,,Creative,Patient Communications,5000,2026-12-31,Renewal,Initial Discussion,New Opportunity,Richard Stoddart,Local Authority,Existing customer relations,10%,NOT in forecast,,,2026-04-29,,2026-10-31,,,,,,,,,,,,,,,,,,,,,,,,,,,,,
Rustlings Road Medical Centre,,,SMMS,Patient Communications,480,2027-05-01,Renewal,Initial Discussion,New Opportunity,Richard Stoddart,Practice,Existing customer relations,80%,In forecast,,annie.stones@nhs.net,2026-05-11,,2027-03-01,,,,,,,,Rustlings Road Surger,,,Annie Stones,annie.stones@nhs.net,"105 Rustlings Road
Sheffield South Yorkshire S11 7AB",Invoice,Annual,Remote,,,,,,,,,,,,,
Lovemead Group Practice,,,SMMS/AI,Patient Communications,1250,2027-03-31,Renewal,Initial Discussion,New Opportunity,Richard Stoddart,Practice,Local Event,50%,In forecast,,,2026-04-29,,2026-10-01,,,,,,,,Lovemead Group Practice,,,Suzanne Petty,bswicb.roundstone.accounts@nhs.net,"Roundstone Surgery, Polebarn Circus, 
Trowbridge Wiltshire BA14 7EH",Invoice,Annual,Remote,,,,,,,,,,,,,
Derry GP Federation - Prevention Engagement,,,Public Health,Digital & Transformation,5000,2026-09-30,New,Initial Discussion,New Opportunity,Dillon Sykes,GP Federation,Marketing campaign,10%,NOT in forecast,,,2026-01-26,,,,,,,,,,,,,,,,,,,,,,,,,,,,,,,
Parcliffe Medical Centre,,,SMMS/AI,Patient Communications,630,2026-08-31,New,Proposal Sent,New Opportunity,Liam Wright,Practice,Existing customer relations,50%,In forecast,,,2025-08-01,,,,,,,,,,,,,,,,,,,,,,,,,,,,,,,
Northhumerland House Surgery,,,SMMS,Patient Communications,1,2026-10-31,New,Initial Discussion,New Opportunity,Richard Stoddart,Practice,Cold Email,10%,NOT in forecast,,ruth.pitman1@nhs.net,2026-06-29,,2026-10-31,,,,,,,,,,,,,,,,,,,,,,,,,,,,,
Operose - FB,,,SMMS,Patient Communications,2400,2026-10-31,New,Proposal Sent,New Opportunity,Richard Stoddart,Practice,Existing customer relations,10%,In forecast,,ruth.shaw@operosehealth.co.uk,2026-05-22,,2026-08-31,,,,,,,,,,,,,,,,,,,,,,,,,,,,,
Cobham Health Centre,,,SMMS/AI,Patient Communications,630,2026-11-30,New,Initial Discussion,New Opportunity,Liam Wright,Practice,Existing customer relations,10%,NOT in forecast,,,2025-08-01,,,,,,,,,,,,,,,,,,,,,,,,,,,,,,,
Operose,,,SMMS/AI,Patient Communications,25000,2026-12-31,New,Advanced Discussion,New Opportunity,Richard Stoddart,Private Practice,Word of mouth,10%,In forecast,,NA - user@example.com,2026-01-28,,2026-09-30,,,,,,,,,,,,,,,,,,,,,,,,,,,,,
Doncaster North PCN,,,SMMS,Patient Communications,1800,2027-03-01,Renewal,Initial Discussion,New Opportunity,Richard Stoddart,Practice,Personal email campaign,50%,In forecast,,ashley.crowson@nhs.net,2026-04-29,,2027-01-01,,,,,,,,Doncaster North PCN,,,Nikki Errington,nikki.errington@nhs.net,"Park View Surgery, Newton Lane, Sprotbrough Doncaster South Yorkshire DN5 8D",Invoice,Annual,Remote,,,,,,,,,,,,,
Jai Medical Centre Brent,,,SMMS,Patient Communications,900,2027-05-01,Renewal,Initial Discussion,New Opportunity,Richard Stoddart,Practice,Existing customer relations,50%,In forecast,,suresh.vaghela@nhs.net,2026-05-11,,2027-03-01,,,,,2026-05-15,2027-05-14,,Suresh Suresh Vaghela,,,Suresh Vaghela,suresh.vaghela@nhs.net,"Jai Medical Centre (Brent)
82 Staglane
Edgware
Middlesex
HA8 5LP",Invoice,Annual,Remote,,,,suresh.vaghela@nhs.net,,,,,,,,,
Rother Valley South PCN,,,SMMS,Patient Communications,500,2027-07-31,Renewal,Initial Discussion,New Opportunity,Richard Stoddart,PCN,Existing customer relations,50%,In forecast,,katie.smith61@nhs.net,2026-07-27,,2027-05-01,,,,,2026-07-31,2027-07-30,,Rother Valley South PCN Ltd,,,Katie Smith,katie.smith61@nhs.net,"Rother Valley South PCN Ltd
Dinnington Surgery, New Street
Sheffield Yorkshire S81 8HF",Invoice,Annual,Remote,,,,katie.smith61@nhs.net,,,,,,,,,
Ellison View Surgery,,,SMMS/AI,Patient Communications,630,2026-08-31,New,Proposal Sent,New Opportunity,Liam Wright,Practice,Existing customer relations,50%,In forecast,,,2025-08-01,,,,,,,,,,,,,,,,,,,,,,,,,,,,,,,
Norfolk and Waveney ICB,,,SMMS,Patient Communications,30000,2027-04-01,Renewal,Initial Discussion,New Opportunity,Richard Stoddart,ICB,Existing customer relations,50%,In forecast,,,2026-01-30,,2027-01-01,,,,,2027-04-01,2028-03-31,,,,,,,,Invoice,Annual,Remote,,,,,,,,,,,,,
Hill Brow Partnership,,,SMMS,Patient Communications,720,2027-05-31,Renewal,Initial Discussion,New Opportunity,Richard Stoddart,Practice,Existing customer relations,50%,In forecast,,samson.shikabonga@nhs.net,2026-05-22,,2027-03-01,,,,,,,,Hill Brow Partnership,,,Samson Shikabonga,fiona.bankes1@nhs.net,"Hill Brow Surgery,
Longcroft South Yorkshire S75 6FH",Invoice,Annual,Remote,,,,,,,,,,,,,
Chapel Group Medical Centre,,,SMMS,Patient Communications,749,2028-12-12,Renewal,Initial Discussion,New Opportunity,Richard Stoddart,Practice,Existing customer relations,50%,In forecast,,,2025-12-09,,2028-09-01,,,,Yes,2028-12-12,2029-12-12,,Clare Richardson,,,Clare Richardson,clare.richardson@nhs.net,"Chapel Group Medical Centre
220 Liverpool Road
Irlam
Manchester
M44 6FE",Invoice,Annual,Remote,,,,clare.richardson@nhs.net,,,,,,,,,
Herts Smoke Free,,,Creative,Patient Communications,20000,2026-12-31,Renewal,Initial Discussion,New Opportunity,Richard Stoddart,Local Authority,Existing customer relations,10%,NOT in forecast,,,2026-04-29,,2026-11-01,,,,,,,,,,,,,,,,,,,,,,,,,,,,,
Amicus Health,,,List Growth,Patient Communications,24000,2026-10-30,New,Proposal Sent,Proposal Sent,Cameron Booth,Practice,LG2 campaign,10%,NOT in forecast,,,2026-08-06,2026-07-10,,,,,,,,,,,,,,,DD,Monthly,Remote,,,,,,,,,,,,,
James Wigg Group Practice,,,SMMS,Patient Communications,1500,2026-10-31,Renewal,Initial Discussion,New Opportunity,Richard Stoddart,PCN,BP Birmingham,10%,NOT in forecast,,qaes.rustame@nhs.net,2026-04-29,,2026-08-31,,,,,,,,James Wigg Group Practice,,,Mr Pal Bhambra,pbhambra1@nhs.net,"2 Bartholomew Road
Kentish Town Health Centre London NW5 2BX",Invoice,Two Payments,Remote,,,,,,,,,,,,,
GPS Healthcare - List Growth,,,SMMS,Patient Communications,1127,2026-11-13,Renewal,Initial Discussion,New Opportunity,Richard Stoddart,PCN,Personal email campaign,50%,In forecast,,,2025-11-14,,2026-10-01,,,,,2026-11-13,2027-11-12,,Rachel Simonczyk,,,Rachel Simonczyk,rachel.simonczyk@nhs.net,"GPS Healthcare
198 Tanworth Lane
Solihull West Midlands B90 4DD",Invoice,Annual,Remote,,,,,,,,,,,,,
"NORTH ROAD SUITE,RAVENSTHORPE HEALTH CTR",,,SMMS,Patient Communications,600,2027-06-08,Renewal,Initial Discussion,New Opportunity,Richard Stoddart,Practice,Existing customer relations,50%,In forecast,,justin.wood@nhs.net,2026-06-08,,2027-04-01,,,,,,,,North Road Suite,,,Justin Wood,justin.wood@nhs.net,Ravensthorpe Health Centre Netherfield Road West Yorkshire WF13 3JY,Invoice,Annual,Remote,,,,,,,,,,,,,
Moat House Surgery,,,SMMS,Patient Communications,600,2026-08-31,New,Advanced Discussion,New Opportunity,Richard Stoddart,Practice,Existing customer relations,10%,NOT in forecast,,samantha.jones3@nhs.net,2026-05-26,,2026-09-04,,,,,,,,,,,,,,,,,,,,,,,,,,,,,
Cranleigh Medical Centre,,,SMMS,Patient Communications,500,2027-06-30,Renewal,Initial Discussion,New Opportunity,Richard Stoddart,Practice,Cold Email,50%,In forecast,,sandra.reeves@nhs.net,2026-06-30,,2027-03-01,,,,,,,,Cranleigh Medical Practice,,,Sandra Reeves,syheartlandsicb.cranleighfinance@nhs.net,18 High Street Cranleigh Surrey GU6 8AE,Invoice,Annual,Remote,,,,,,,,,,,,,
Wandsworth Medical Centre - Insta,,,SMMS,Patient Communications,200,2027-05-01,Renewal,Initial Discussion,New Opportunity,Richard Stoddart,Practice,Existing customer relations,50%,In forecast,,tania.schroeder@nhs.net,2026-05-12,,2027-02-26,,,,,,,,Wandsworth Medical Centre,,,Tauseef Ahmed,tauseef.ahmed@capshire.com,"90-92 Garratt Lane Wandsworth London
SW18 4DD",Invoice,Annual,Remote,,,,,,,,,,,,,
Derry GP Federation NI - Digital FD,,,DTMS,Digital & Transformation,5000,2026-09-25,New,Initial Discussion,New Opportunity,Dillon Sykes,GP Federation,Marketing campaign,10%,NOT in forecast,,,2026-01-23,,,,,,,,,,,,,,,,,,,,,,,,,,,,,,,
Pearl Medical Centre,,,SMMS,Patient Communications,600,2027-05-08,Renewal,Advanced Discussion,New Opportunity,Richard Stoddart,Practice,Existing customer relations,50%,In forecast,,paritamehta@nhs.net,2026-05-11,,2027-03-10,,,,,,,,,,,,,,,,,,,,,,,,,,,,,
Brundall Medical Partnership,,,SMMS,Patient Communications,900,2027-07-14,Renewal,Initial Discussion,New Opportunity,Richard Stoddart,Practice,Word of mouth,100%,In forecast,,lorraine.youngs@nhs.net,2026-07-14,,2027-04-01,,,,,,,,Brundall Medical Partnership,,,Lorraine Youngs,lorraine.youngs@nhs.net,The Dales Brundall Norfolk NR13 5RP,Invoice,Annual,Remote,,,,,,,,,,,,,
Hertfordshire - Smoke Free Campaign Part 2,,,Creative,Patient Communications,6000,2026-12-31,Renewal,Initial Discussion,New Opportunity,Richard Stoddart,Local Authority,Existing customer relations,10%,NOT in forecast,,,2026-04-29,,2026-11-01,,,,,,,,,,,,,,,,,,,,,,,,,,,,,
Jai Medical NCL,,,SMMS,Patient Communications,900,2027-05-01,Renewal,Initial Discussion,New Opportunity,Richard Stoddart,Practice,Existing customer relations,50%,In forecast,,suresh.vaghela@nhs.net,2026-05-11,,2027-03-01,,,,,2026-05-15,2027-05-14,,Suresh Suresh Vaghela,,,Suresh Vaghela,suresh.vaghela@nhs.net,"Jai Medical Centre
114 Edgwarebury Lane
Edgwaare
Middlesex
HA8 8NB",Invoice,Annual,Remote,,,,suresh.vaghela@nhs.net,,,,,,,,,
Brixton Hill Group Practice,,,List Growth,Patient Communications,30000,2026-08-31,New,Proposal Sent,New Opportunity,Tom Owen,Practice,LG2 webinar,50%,In forecast,,,2026-06-30,,,,,,,,,,,,,,,,,,,,,,,,,,,,,,,
Health Checks - Birmingham City Council,,,Public Health,Digital & Transformation,70000,2026-08-14,New,Proposal Sent,New Opportunity,Dillon Sykes,Local Authority,Tender,10%,NOT in forecast,,,2026-06-04,,,,,,,,,,,,,,,,,,,,,,,,,,,,,,,
Wyvern Health PCN,,,SMMS,Patient Communications,600,2027-08-31,Renewal,Initial Discussion,New Opportunity,Richard Stoddart,PCN,Existing customer relations,50%,In forecast,,renata.smolskyte1@nhs.net,2026-08-23,,2027-06-01,,,,,2026-09-23,2027-09-23,,Renata Smolskyte,,,Renata Smolskyte,renata.smolskyte1@nhs.net,"Wyvern Health PCN
Priory Road Medical Centre
Priory Road
Wiltshire
SN3 2EZ",Invoice,Annual,Remote,,,,renata.smolskyte1@nhs.net,,,,,,,,,
NW Leadership Academy Q3,,,Creative,Patient Communications,2500,2026-09-30,Renewal,Initial Discussion,New Opportunity,Richard Stoddart,Local Authority,Local Event,10%,NOT in forecast,,,2026-04-29,,2026-09-30,,,,,,,,,,,,,,,,,,,,,,,,,,,,,
Garstang Medical,,,SMMS,Patient Communications,300,2027-01-01,Renewal,Initial Discussion,New Opportunity,Richard Stoddart,Practice,Personal email campaign,50%,In forecast,,,2026-04-29,,2026-11-01,,,,,,,,Garstang Medical Practice,,,Julie Riding,julie.riding1@nhs.net,Kepple Lane Garstang PR3 1PB,Invoice,Annual,Remote,,,,,,,,,,,,,
Gosport Central PCN,,,SMMS,Patient Communications,3140,2027-09-30,New,Initial Discussion,New Opportunity,Richard Stoddart,PCN,Existing customer relations,50%,In forecast,,rachel.hunter@southernhealth.nhs.uk,2026-08-14,,2027-07-01,,,,,2026-09-23,2027-09-23,,Gosport Central PCN,,,Rachel Hunter,rachel.hunter@southernhealth.nhs.uk,Brune Medical Centre 10 Rowner Road Gosport PO13 0EW,Invoice,Annual,Remote,,,,Rachel.Hunter@southernhealth.nhs.uk,,,,,,,,,
Central East ICB -Digital Front Door Support,,,Strategic,Digital & Transformation,65000,2026-09-30,New,Proposal Sent,New Opportunity,Dillon Sykes,ICB,Existing customer relations,10%,NOT in forecast,,,2026-04-15,,,,,,,,,,,,,Emma Turner,emma.turner73@nhs.net,,,,,,,,,,,,,,,,,
Falcon Road Website,,,Creative,Patient Communications,500,2026-10-31,New,Proposal Sent,New Opportunity,Richard Stoddart,Practice,Existing customer relations,10%,In forecast,,NA - user@example.com,2026-02-06,,2026-09-04,,,,,,,,,,,,,,,,,,,,,,,,,,,,,
Sid Valley Practice,,,SMMS,Patient Communications,480,2027-05-28,New,Initial Discussion,New Opportunity,Richard Stoddart,Practice,Personal email campaign,50%,In forecast,,jessie.hay@nhs.net,2026-05-28,,2027-03-01,,,,,,,,Sid Valley Practice,,,Jessie Hay,jessie.hay@nhs.net,"Beacon Medical Practice, Sedemuda Road,
Sidmouth Devon EX10 9YA",Invoice,Monthly,Remote,,,,,,,,,,,,,
Bridge Road Surgery,,,List Growth,Patient Communications,18000,2026-10-30,New,Proposal Sent,Proposal Sent,Cameron Booth,Practice,LG2 campaign,10%,NOT in forecast,,,2026-07-08,2026-07-03,,,,,,,,,,,,,,,DD,Monthly,Remote,,,,,,,,,,,,,
Richmondshire PCN,,,SMMS,Patient Communications,4800,2026-09-30,New,Advanced Discussion,New Opportunity,Richard Stoddart,PCN,Word of mouth,10%,NOT in forecast,,k.wade2@nhs.net,2026-05-27,,2026-10-01,,,,,,,,,,,,,,,,,,,,,,,,,,,,,
North West Leadership - Animations,,,Creative,Patient Communications,1800,2026-09-30,Renewal,Initial Discussion,New Opportunity,Richard Stoddart,ICB,Existing customer relations,10%,NOT in forecast,,,2026-04-29,,2026-11-01,,,,,,,,,,,,,,,,,,,,,,,,,,,,,
Crocus Medical Practice,,,SMMS,Patient Communications,660,2027-06-30,Renewal,Initial Discussion,New Opportunity,Richard Stoddart,Practice,Cold Email,50%,In forecast,,s.machale@nhs.net,2026-06-24,,2027-03-01,,,,,,,,Crocus Medical Practice,,,Samantha Organ,samantha.organ@nhs.net,Radwinter Road Saffron Walden Essex CB11 3HY,Invoice,Annual,Remote,,,,,,,,,,,,,
Kensington Partnership,,,AI,Patient Communications,630,2026-11-30,New,Initial Discussion,New Opportunity,Liam Wright,Practice,BP Birmingham,10%,NOT in forecast,,,2025-10-17,,,,,,,,,,,,,,,,,,,,,,,,,,,,,,,
Sunderland Health and Wellness Hub,,,SMMS,Patient Communications,720,2028-01-01,Renewal,Initial Discussion,New Opportunity,Richard Stoddart,GP Federation,Personal email campaign,50%,In forecast,,,2025-12-18,,2027-08-01,,,,,2028-01-21,2029-01-23,,,,,,,"Sunderland GP Alliance
Business & Innovation Centre,
Wearfield, Sunderland SR5 2TA",Invoice,Annual,Remote,,,,david.gunion@nhs.net,,,,,,,,,
Ashley Centre Surgery,,,SMMS,Patient Communications,500,2027-07-01,Renewal,Initial Discussion,New Opportunity,Richard Stoddart,Practice,Existing customer relations,50%,In forecast,,nichola.delacy@nhs.net,2026-06-10,,2027-04-01,,,,,,,,Ashley Centre Surgery,,,,Sallybayliss@nhs.net,"Windsor Court, Ashley Road Epsom Surrey KT18 5AQ",Invoice,Annual,Remote,,,,,,,,,,,,,
Swan Surgery,,,SMMS,Patient Communications,400,2026-10-01,Renewal,Initial Discussion,New Opportunity,Richard Stoddart,Practice,BP Birmingham,50%,In forecast,,,2026-04-29,,2026-09-01,,,,,,,,Swan Surgery,,,Kevin Whomes,kevin.whomes@nhs.net,"Northgate Business Park, Northgate Street
Bury St Edmunds Suffolk IP33 1AE",Invoice,Annual,Remote,,,,,,,,,,,,,
EMIS Web (Wales) or Pop Health,,,Partnerships,Deployment & Partnerships,50000,2026-09-30,New,Initial Discussion,New Opportunity,Dillon Sykes,Partner,Employee Referral,10%,NOT in forecast,,,2024-09-30,,,,,,,2025-01-13,,Likely with greater value,EMIS Health,,,,,,Invoice,Monthly,Both,,,,,,,,,,,,,
Taunton Central PCN,,,AI,Patient Communications,630,2026-12-31,New,Initial Discussion,New Opportunity,Liam Wright,PCN,BP Birmingham,10%,NOT in forecast,,,2025-10-17,,,,,,,,,,,,,,,,,,,,,,,,,,,,,,,
GP Reg - NHSE (SoW 2 thru Hippo),,,Strategic,Digital & Transformation,480000,2026-09-30,New,Initial Discussion,New Opportunity,Dillon Sykes,National NHS,Existing customer relations,80%,In forecast,,,2026-07-02,,,,,,,,,,,,,,,,,,,,,,,,,,,,,,,
Merrow Park,,,SMMS,Patient Communications,500,2027-07-31,Renewal,Initial Discussion,New Opportunity,Richard Stoddart,Practice,Cold Email,50%,In forecast,,shalini.barnard1@nhs.net,2026-07-03,,2027-04-01,,,,,,,,Merrow Park Surgery,,,Shalini Barnard,syheartlandsicb.accounts.merrowparksurgery@nhs.net,Merrow Park Surgery Kingfisher Drive Surrey GU4 7EP,Invoice,Annual,Remote,,,,,,,,,,,,,
OneAdvanced Customer Success Docman,,,Partnerships,Deployment & Partnerships,250000,2026-09-30,New,Initial Discussion,New Opportunity,Matt Murphy,Partner,Existing customer relations,50%,In forecast,,,2026-06-09,,,,,,,,,,,,,,,,,,,,,,,,,,,,,,,
South Fulham PCN,,,SMMS,Patient Communications,2880,2026-12-17,Renewal,Initial Discussion,New Opportunity,Richard Stoddart,PCN,Personal email campaign,80%,In forecast,,,2025-12-17,,2026-10-01,,,,,2025-12-17,2026-12-17,,Ross Lambdon,,,Ross Lambdon,r.lambdon1@nhs.net,"South Fulham PCN Ltd
5-7 Parsons Green
London London SW6 4UL",Invoice,Annual,Remote,,,,,,,,,,,,,
Humber Coast &N Yorks- N3i,,,D&T Hub,Digital & Transformation,50000,2026-09-30,New,Initial Discussion,New Opportunity,Dillon Sykes,ICB,Partner,10%,NOT in forecast,,,2024-09-30,2025-12-17,,,,,,,,will happen,,,,,,,,,,,,,,,,,,,,,,
Aspiro Healthcare,,,SMMS,Patient Communications,660,2027-03-01,Renewal,Initial Discussion,New Opportunity,Richard Stoddart,Practice,Existing customer relations,50%,In forecast,,,2026-04-29,,2027-01-01,,,,,,,,Aspiro Healthcare Woodsend Medical Centre,,,Aspiro Healthcare Woodsend Medical Centre,claire.allen34@nhs.net,"School Place
Corby Northants NN18 0Q",Invoice,Monthly,Remote,,,,,,,,,,,,,
Archway Medical Centre,,,AI,Patient Communications,600,2026-12-31,New,Initial Discussion,New Opportunity,Liam Wright,Practice,Existing customer relations,50%,In forecast,,,2026-02-19,,,,,,,,,,,,,,,,,,,,,,,,,,,,,,,
Filey and Scarborough Healthier Communities Network,,,SMMS,Patient Communications,2000,2027-07-31,Renewal,Initial Discussion,New Opportunity,Richard Stoddart,PCN,Existing customer relations,50%,In forecast,,james@locumpm.co.uk,2026-05-27,,2027-05-01,,,,Yes,2026-08-21,2027-08-20,,James Bowman,,,James Bowman,james.bowman@nhs.net,"Filey and Scarborough Healthier Communities Network
C/O Filey Surgery, Station Avenue
Filey
North Yorkshire
YO14 9AE",Invoice,Annual,Remote,,,,james.bowman@nhs.net,,,,,,,,,
Tone Valley PCN,,,SMMS/AI,Patient Communications,440,2026-11-30,Renewal,Initial Discussion,New Opportunity,Richard Stoddart,PCN,BP Birmingham,50%,In forecast,,,2026-04-29,,2026-10-01,,,,,,,,Tone Valley PCN,,,Kathryn Kyle,KYLkathryn.kyle@nhs.net,"C/O Lyngford Park Surgery, Fletcher Close
Taunton Somerset TA28SQ",Invoice,Annual,Remote,,,,,,,,,,,,,
Newcastle Outer West PCN,,,SMMS,Patient Communications,3960,2027-08-31,New,Initial Discussion,New Opportunity,Richard Stoddart,PCN,Personal email campaign,80%,In forecast,,lisa.wooton@nhs.net,2026-05-12,,2027-03-01,,,,,,,,,,,,,,,,,,,,,,,,,,,,,
Stockwell Group Practice,,,AI,Patient Communications,600,2026-08-31,New,Initial Discussion,New Opportunity,Liam Wright,Practice,Existing customer relations,50%,In forecast,,,2026-02-19,,,,,,,,,,,,,,,,,,,,,,,,,,,,,,,
Somerset Gardens Family Health Care Centre,,,List Growth,Patient Communications,24000,2027-08-17,Renewal,Initial Discussion,New Opportunity,Cameron Booth,Practice,LG1 campaign,50%,In forecast,,,2026-08-03,2026-04-30,,,,,,2027-08-17,2028-08-17,,Kamal Gunawardana,,,Kamal Gunawardana,kamal.gunawardana@nhs.net,"Somerset Gardens Family Health Care Centre / Tottenham Health Centre 
4 Creighton Road
Tottenham
London
N17 8NW",DD,Monthly,Remote,,,,,,,,,,,,,
Fairfield Medical Centre,,,SMMS,Patient Communications,500,2027-07-01,Renewal,Initial Discussion,New Opportunity,Richard Stoddart,Practice,Cold Email,50%,In forecast,,audrey.lynas1@nhs.net,2026-07-03,,2027-04-01,,,,,,,,Fairfield Medical Centre,,,Audrey Lynas,audrey.lynas1@nhs.net,Lowe rRoad Great Bookham Leatherhead KT23 4DH,Invoice,Annual,Remote,,,,,,,,,,,,,
Shiregreen Medical Centre,,,SMMS,Patient Communications,480,2027-06-01,Renewal,Initial Discussion,New Opportunity,Richard Stoddart,Practice,Existing customer relations,50%,In forecast,,lisariches@nhs.net,2026-05-28,,2027-04-01,,,,,,,,Shiregreen Medical Centre,,,Lisa Riches,lisariches@nhs.net,492 Bellhouse Road sheffield south Yorkshire S5 0RG,Invoice,Annual,Remote,,,,,,,,,,,,,
Kent and Medway AI Avatars,,,AI,Patient Communications,1500,2026-10-31,Renewal,Initial Discussion,New Opportunity,Richard Stoddart,Practice,Personal email campaign,50%,In forecast,,,2026-04-29,,2026-11-01,,,,,,,,NHS KENT & MEDWAY ICB,,,ASIA PAINE,asia.paine@nhs.net,"NHS KENT AND MEDWAY ICB
QKS000 PAYABLES N115
PO BOX 312
LEEDS
LS11 1HP",Invoice,One off,Remote,,,,,,,,,,,,,
Lane Ends Surgery,,,List Growth,Patient Communications,21000,2027-04-30,Renewal,Initial Discussion,New Opportunity,Cameron Booth,Practice,LG1 campaign,50%,In forecast,,,2026-07-08,,,,,,,2027-04-30,2028-04-28,,Natalie Blackburn,,,Natalie Blackburn,n.blackburn1@nhs.net,"200 Tulketh Brow, Ashton-on-Ribble, Preston PR2 2JJ, United Kingdom",DD,Monthly,Remote,,,,,,,,,,,,,
Queenswood Medical Practice,,,List Growth,Patient Communications,30000,2027-05-07,Renewal,Initial Discussion,New Opportunity,Cameron Booth,Practice,LG1 campaign,50%,In forecast,,,2026-07-08,,,,,,,2027-05-11,2028-05-11,,Shannon Hanbury,,,Shannon Hanbury,shannon.hanbury@nhs.net,"Queenswood Medical Practice
151 Park Road
London
N8 8JD",DD,Monthly,Remote,,,,,,,,,,,,,
Abbeywell Surgery,,,List Growth,Patient Communications,22000,2027-05-11,Renewal,Initial Discussion,New Opportunity,Cameron Booth,Practice,LG1 webinar,50%,In forecast,,,2026-07-08,,,,,,,2027-05-11,2028-05-11,,Leanne Barter,,,Leanne Barter,leanne.barter@nhs.net,"The Abbey, Romsey, SO51 8EN, United Kingdom",DD,Monthly,Remote,,,,,,,,,,,,,
SMS Medical,,,List Growth,Patient Communications,7200,2027-04-29,Renewal,Initial Discussion,New Opportunity,Cameron Booth,Practice,LG1 webinar,50%,In forecast,,,2026-07-08,,,,,,,2027-04-29,2028-04-28,,Shahla Jamal,,,Shahla Jamal,shahlajamal@nhs.net,"SMS Medical Practice, 
Wembley Centre for Health and Care,
116 Chaplin Road,
Wembley,
Middx,
HA0 4UZ",DD,Monthly,Remote,,,,,,,,,,,,,
Hill View Medical Centre,,,SMMS,Patient Communications,500,2027-05-31,Renewal,Initial Discussion,New Opportunity,Richard Stoddart,Practice,Existing customer relations,50%,In forecast,,jess.collins3@nhs.net,2026-07-21,,2027-04-01,,,,,,,,Hillview Medical Centre,,,Jess Collins,jess.collins3@nhs.net,3 Heathside Road Woking Surrey GU22 7QP,Invoice,Annual,Remote,,,,,,,,,,,,,
Fleet PCN,,,SMMS,Patient Communications,499,2026-12-17,Renewal,Initial Discussion,New Opportunity,Richard Stoddart,PCN,Personal email campaign,50%,In forecast,,,2025-12-19,,2027-08-01,,,,,2027-12-17,2028-12-19,,Donna Brennan,,,Donna Brennan,donnabrennan@nhs.net,,Invoice,Annual,Remote,,,,,,,,,,,,,
Boundary House Surgery,,,SMMS,Patient Communications,300,2027-01-01,Renewal,Initial Discussion,New Opportunity,Richard Stoddart,Practice,Personal email campaign,50%,In forecast,,,2026-04-29,,2026-11-01,,,,,,,,Boundary House Surger,,,Madge Jones,madge.jones2@nhs.net,"Forest Primary Care Centre, 308a Hertford Road, Edmonton
London N9 7HD",Invoice,Annual,Remote,,,,,,,,,,,,,
Birtley Medical Group,,,AI,Patient Communications,630,2026-12-31,New,Initial Discussion,New Opportunity,Liam Wright,Practice,Existing customer relations,10%,NOT in forecast,,,2025-10-28,,,,,,,,,,,,,,,,,,,,,,,,,,,,,,,
Operose - List size,,,List Growth,Patient Communications,10000,2026-09-25,New,Proposal Sent,Proposal Sent,Dillon Sykes,Private Practice,Word of mouth,10%,NOT in forecast,,ruth.shaw@operosehealth.co.uk,2026-05-29,,,,,,,,,,,,,,,,,,,,,,,,,,,,,,,
Coventry & Rugby GP Alliance ATP Practices,,,SMMS,Patient Communications,2495,2027-01-01,Renewal,Initial Discussion,New Opportunity,Richard Stoddart,GP Federation,Existing customer relations,50%,In forecast,,,2026-01-05,,2027-03-01,,,,Yes,2027-07-02,2028-06-30,,Rebecca Haughton,,,Rebecca Haughton,Rebecca.Haughton2@nhs.net,"Coventry & Rugby GP Alliance,
Unit 1, Boiler House,
Sandy Lane, 
Coventry/ West Midlands,
CV1 4JU",Invoice,Annual,Remote,,,,rebecca.haughton2@nhs.net,,,,,,,,,
Tudor Lodge Health Centre,,,List Growth,Patient Communications,24000,2027-05-14,Renewal,Initial Discussion,New Opportunity,Cameron Booth,Practice,LG1 campaign,50%,In forecast,,,2026-07-08,,,,,,,2027-05-25,2028-05-25,,Prash THURAIRATNAM,,,Prash THURAIRATNAM,p.thurairatnam@nhs.net,"8C Victoria Dr, London SW19 6AE, United Kingdom",DD,Monthly,Remote,,,,,,,,,,,,,
Aspiro Healthcare 2,,,SMMS,Patient Communications,600,2027-05-13,Renewal,Initial Discussion,New Opportunity,Richard Stoddart,Practice,Word of mouth,80%,In forecast,,sam.harper6@nhs.net,2026-05-13,,2027-03-01,,,,,,,,Aspiro Healthcare,,,Sam Mahon,northantsicb.woodsend.finance@nhs.net,"Hollybrook Medical Centre, Hollybrook Way, Littleover
Derby Derbyshire DE233TX",,,,,,,,,,,,,,,,
SWL Renewal 2026,,,Strategic,Digital & Transformation,75000,2026-09-30,Renewal,Initial Discussion,New Opportunity,Tom Owen,ICB,Existing customer relations,10%,NOT in forecast,,,2025-11-04,,,,,,,,,,,,,,,,,,,,,,,,,,,,,,,
Integrated Care Partnership,,,SMMS/AI,Patient Communications,630,2026-09-30,New,Proposal Sent,New Opportunity,Liam Wright,Practice,Existing customer relations,80%,In forecast,,,2025-07-31,,,,,,,,,,,,,,,,,,,,,,,,,,,,,,,
Health Care First,,,List Growth,Patient Communications,36000,2027-05-14,Renewal,Initial Discussion,New Opportunity,Cameron Booth,Practice,LG1 campaign,50%,In forecast,,,2026-07-08,,,,,,,2027-05-14,2028-05-12,,Jyoti Mehan,,,Jyoti Mehan,jyoti.mehan1@nhs.net,"Pinfold Surgery, 
Pinfold Lane,
Methley, 
LS26 9AA",DD,Monthly,Remote,,,,,,,,,,,,,
Hornsey Park Surgery,,,Creative,Patient Communications,1000,2026-08-31,New,Advanced Discussion,New Opportunity,Richard Stoddart,Practice,Personal email campaign,50%,In forecast,,,2026-03-17,,,,,,,,,,,,,,,,,,,,,,,,,,,,,,,
One Advanced Scotland Pilot,,,Partnerships,Deployment & Partnerships,33750,2026-08-07,New,Proposal Sent,New Opportunity,Dillon Sykes,Partner,Existing customer relations,80%,In forecast,,,2026-07-08,,,,,,,,,,,,,,,,,,,,,,,,,,,,,,,
Matt Orr Medical Ltd,,,AI,Patient Communications,600,2026-10-01,Renewal,Initial Discussion,New Opportunity,Richard Stoddart,Practice,Existing customer relations,10%,NOT in forecast,,admin@orrmedical.co.uk,2026-05-14,,2026-12-01,,,,,,,,Orr Medical Ltd,,,Matt Orr,m.raji1@nhs.net - admin@orrmedical.co.uk,"48 Cross Keys Drive, Chorley, PR6 7TF",Invoice,Annual,Remote,,,,,,,,,,,,,
Woodville Surgery,,,SMMS,Patient Communications,600,2027-06-04,New,Initial Discussion,New Opportunity,Richard Stoddart,Practice,Existing customer relations,50%,In forecast,,danielle.marratt@nhs.ne,2026-06-04,,2027-04-01,,,,,,,,Woodville Surgery,,,Danielle Marratt,danielle.marratt@nhs.net,71 Burton Road Woodville Derbyshire DE11 7JE,Invoice,Annual,Remote,,,,,,,,,,,,,
Riverside Practice,,,SMMS,Patient Communications,1200,2027-07-09,Renewal,Initial Discussion,New Opportunity,Richard Stoddart,Practice,Cold Email,50%,In forecast,,yusuf.soni@nhs.net,2026-07-03,,2027-04-01,,,,,,,,Riverside medical practice,,,Anita Fisher,anita.fisher@nhs.net,Alma street Stocktob Cleveland TS18 2AP,Invoice,Annual,Remote,,,,,,,,,,,,,
Enderley Road Medical Centre,,,SMMS,Patient Communications,240,2027-06-15,New,Initial Discussion,New Opportunity,Liam Wright,Practice,Existing customer relations,50%,In forecast,,,2026-06-15,,,,,,,,,,Enderley Road Medical Centre,,,Mostafa Raji,m.raji1@nhs.net,41-45 Enderley Road Harrow UK HA3 5HF,DD,Monthly,Remote,,,,,,,,,,,,,
Brookside Group Practice,,,List Growth,Patient Communications,30000,2026-09-25,New,Proposal Sent,In Conversation,Dillon Sykes,Practice,LG2 webinar,50%,In forecast,,,2026-07-08,,,,,,,,,,,,,,,,Invoice,Monthly,Remote,,,,,,,,,,,,,
The Grove Medial Practice,,,SMMS,Patient Communications,500,2027-06-14,Renewal,Initial Discussion,New Opportunity,Richard Stoddart,Practice,Cold Email,50%,In forecast,,michelle.thompson26@nhs.net,2026-06-15,,2027-03-01,,,,,,,,MMN&R Limited,,,Michelle Thompson,michelle.thompson26@nhs.net,124-126 Park Grove Barnsley South Yorkshire S70 1QP,Invoice,Annual,Remote,,,,,,,,,,,,,
Pharmacy social media - Parvesh,,,SMMS,Patient Communications,500,2026-08-31,New,Initial Discussion,New Opportunity,marc@redmoorhealth.co.uk,Pharmacy,Shilpa Shah Referral,10%,NOT in forecast,,,2025-07-31,,,,,,,,,,,,,,,,,,,,,,,,,,,,,,,
Tarleton Group Practice,,,SMMS,Patient Communications,440,2026-10-01,Renewal,Initial Discussion,New Opportunity,Richard Stoddart,Practice,BP Birmingham,50%,In forecast,,,2026-04-29,,2026-09-01,,,,,,,,Tarleton Group Practice,,,Judie Rowlands,judie.rowlands@nhs.net,"The Health Centre
Gorse Lane Tarleton Pr4 6UJ",Invoice,Annual,Face to Face,,,,,,,,,,,,,
Moorcroft Medical Centre & Holmcroft Surgery,,,SMMS,Patient Communications,1200,2027-09-01,Renewal,Initial Discussion,New Opportunity,Richard Stoddart,Practice,Existing customer relations,50%,In forecast,,Thomas.Egginton@stoke.nhs.uk,2026-06-26,,2027-07-01,,,,,2026-09-30,2027-09-30,,Thomas Egginton,,,Thomas Egginton,thomas.egginton@stoke.nhs.uk,"NORTH STAFFORDSHIRE COMBINED HEAL THCARE NHS TRUST
BENNETT HOUSE, 2ND FLOOR EAST, TOWN ROAD
STOKE-ON-TRENT STOKE-ON-TRENT ST1 2QB",Invoice,Annual,Remote,,,,,,,,,,,,,
Norfolk Park Health Centre,,,SMMS,Patient Communications,480,2027-06-01,Renewal,Initial Discussion,New Opportunity,Richard Stoddart,Practice,Existing customer relations,50%,In forecast,,helen.deakin1@nhs.net,2026-06-01,,2027-04-01,,,,,,,,Norfolk Park Medical Practice,,,Helen Deakin,helen.deakin1@nhs.net,"227 Park Grange Road,
Park Grange Road Sheffield S2 3TA",Invoice,Annual,Remote,,,,,,,,,,,,,
Black Country ICB,,,Strategic,Digital & Transformation,30000,2026-09-25,New,Proposal Sent,In Conversation,Dillon Sykes,ICB,Existing customer relations,50%,In forecast,,,2026-06-03,,,,,,,,,,,,,,,,,,,,,,,,,,,,,,,
Hart Health Partnership,,,SMMS,Patient Communications,600,2027-07-10,Renewal,Initial Discussion,New Opportunity,Richard Stoddart,Practice,Cold Email,50%,In forecast,,s.cardwell@nhs.net,2026-07-10,,2027-04-01,,,,,,,,Hart Health Partnership,,,Steve Cardwell,s.cardwell@nhs.net,Fleet Medical Centre Church Road Hampshire GU51 4PE,Invoice,Annual,Remote,,,,,,,,,,,,,
Firsway Health Centre,,,SMMS,Patient Communications,600,2027-06-30,Renewal,Initial Discussion,New Opportunity,Richard Stoddart,Practice,Existing customer relations,50%,In forecast,,helen.eames@nhs.net,2026-05-19,,2027-02-01,,,,,,,,Firsway Health Centre,,,Danielle Hinds,daniellehinds@nhs.net,121 Firsway Sale Cheshire M33 4BR,Invoice,Annual,Remote,,,,,,,,,,,,,
Penzance Chiropractic Clinic - Left the service,,,SMMS,Patient Communications,1,2026-10-31,Renewal,Initial Discussion,New Opportunity,Richard Stoddart,Private Practice,Existing customer relations,10%,NOT in forecast,,boscarnekhealth@gmail.com,2026-05-11,,2026-08-31,,,,,,,,,,,,,,,,,,,,,,,,,,,,,
Limestone Surgery,,,List Growth,Patient Communications,18000,2026-10-30,New,Proposal Sent,Proposal Sent,Cameron Booth,Practice,LG2 campaign,10%,NOT in forecast,,,2026-08-06,2026-07-10,,,,,,,,,,,,,,,DD,Monthly,Remote,,,,,,,,,,,,,
Enderley Road Medical Centre,,,SMMS,Patient Communications,600,2027-05-14,Renewal,Initial Discussion,New Opportunity,Richard Stoddart,Practice,Website,80%,In forecast,,m.raji1@nhs.net,2026-05-14,,2027-03-01,,,,,,,,Enderley Road Medical Centr,,,Mostafa Raji,m.raji1@nhs.net,"41-45 Enderley Road
Harrow UK HA3 5HF",Invoice,Annual,Remote,,,,,,,,,,,,,
NI,,,SMMS,Patient Communications,2000,2026-10-31,New,Initial Discussion,New Opportunity,Richard Stoddart,ICB,Website,10%,NOT in forecast,,Leeann.Monk-ozgul@westernfsu.co.uk,2026-05-21,,2026-09-09,,,,,,,,,,,,,,,,,,,,,,,,,,,,,
Surrey Lodge Group Practice,,,List Growth,Patient Communications,18000,2026-09-25,New,Proposal Sent,In Conversation,Dillon Sykes,Practice,LG1 campaign,80%,In forecast,,,2026-05-21,,,,,,,,,,,,,,,,Invoice,Monthly,Remote,,,,,,,,,,,,,
Peel GPS,,,List Growth,Patient Communications,18000,2026-09-25,New,Proposal Sent,2nd Follow-up,Dillon Sykes,Practice,Existing customer relations,10%,NOT in forecast,,,2026-05-19,,,,,,,,,,,,,,,,Invoice,Monthly,Remote,,,,,,,,,,,,,
Beechwood Surgery,,,SMMS,Patient Communications,300,2027-01-01,Renewal,Initial Discussion,New Opportunity,Richard Stoddart,Practice,Personal email campaign,50%,In forecast,,,2026-04-29,,2026-11-01,,,,,,,,Beechwood Surger,,,Clare Mulhall,clare.mulhall3@nhs.net,"155 Victoria Road East
Thornton Cleveleys Lancs FY5 5HH",Invoice,Annual,Remote,,,,,,,,,,,,,
Lancashire County Council -Sakthi phase 2,,,Public Health,Digital & Transformation,500000,2026-10-30,New,Initial Discussion,In Conversation,Dillon Sykes,Local Authority,Existing customer relations,10%,NOT in forecast,,,2026-01-16,,,,,,,,,,,,,,,,,,Face to Face,,,,,,,,,,,,,
The Royton Crompton Family Practice,,,SMMS/AI,Patient Communications,630,2026-12-31,New,Initial Discussion,New Opportunity,Liam Wright,Practice,Existing customer relations,10%,NOT in forecast,,,2025-08-01,,,,,,,,,,,,,,,,,,,,,,,,,,,,,,,
Priory Fields Surgery,,,List Growth,Patient Communications,24000,2027-05-11,Renewal,Initial Discussion,New Opportunity,Cameron Booth,Practice,LG1 webinar,50%,In forecast,,,2026-07-08,,,,,,,2027-04-30,2028-05-01,,Chelsea Wilson,,,Chelsea Wilson,chelsea.wilson@nhs.net,"Priory Fields Partnership
Doctors Surgery, Nursery Road
Huntingdon Cambs PE29 3RL",DD,Monthly,Remote,,,,,,,,,,,,,
Westgate Surgery,,,SMMS/AI,Patient Communications,630,2026-10-31,New,Initial Discussion,New Opportunity,Liam Wright,Practice,Existing customer relations,10%,NOT in forecast,,,2025-08-01,,,,,,,,,,,,,,,,,,,,,,,,,,,,,,,
Streatham High Practice Renewal,,,AI,Patient Communications,3000,2026-10-31,Renewal,Initial Discussion,New Opportunity,Richard Stoddart,Practice,Existing customer relations,10%,NOT in forecast,,,2026-02-17,2025-06-27,2026-08-31,,,,,,,,,,,Katie Rack,katie.rack@nhs.net,STREATHAM HIGH PRACTICE 2-8 GRACEFIELD GARDENS LONDON SW16 2ST,Invoice,One off,Remote,,,,,,,,,,,,,
ASA Medical Group,,,SMMS,Patient Communications,300,2027-03-01,Renewal,Initial Discussion,New Opportunity,Richard Stoddart,Practice,Personal email campaign,50%,In forecast,,,2026-04-29,,2027-01-01,,,,,,,,ASA Medical Group,,,Claire Oxley,claire.oxley4@nhs.net,"Mere Lane, Armthorpe
Doncaster South Yorkshire DN3 2DB",Invoice,One off,Remote,,,,,,,,,,,,,
Fairlands Medical Practice,,,SMMS,Patient Communications,500,2027-07-01,Renewal,Initial Discussion,New Opportunity,Richard Stoddart,Practice,Word of mouth,50%,In forecast,,sarah.boltwood@nhs.net,2026-06-08,,2027-04-01,,,,,,,,Fairlands Medical Practice,,,Benedic Taguba,simpliciobenedic.taguba@nhs.net,"Fairlands Medical Centre, Fairlands Avenue Guildford Surrey GU3 £NA",Invoice,Annual,Remote,,,,,,,,,,,,,
Seaton & Colyton Medical Practice,,,SMMS/AI,Patient Communications,630,2026-09-30,New,Proposal Sent,New Opportunity,Liam Wright,Practice,Existing customer relations,50%,In forecast,,,2025-07-31,,,,,,,,,,,,,,,,,,,,,,,,,,,,,,,
Avicenna Medical Practice,,,SMMS,Patient Communications,880,2026-12-01,Renewal,Initial Discussion,New Opportunity,Richard Stoddart,Practice,Personal email campaign,50%,In forecast,,,2026-04-29,,2026-10-01,,,,,,,,,,,,,,,,,,,,,,,,,,,,,
Lancashire&South Cumbria (FP),,,FPP,Digital & Transformation,120000,2026-09-30,New,Proposal Sent,New Opportunity,Dillon Sykes,ICB,Marketing campaign,10%,NOT in forecast,,,2026-04-14,,,,,,,,,,,,,,,,Invoice,Monthly,Remote,,,,,,,,,,,,,
Hodge Hill Family,,,SMMS,Patient Communications,440,2026-12-01,Renewal,Initial Discussion,New Opportunity,Richard Stoddart,Practice,Personal email campaign,50%,In forecast,,,2026-04-29,,2026-10-01,,,,,,,,Hodge Hill Family Practice,,,Jacqueline James,crgpa.finance@nhs.net,"Unit 1, The Boiler House, Electric Wharf, CV1 4JU",Invoice,Annual,Remote,,,,,,,,,,,,,
Lancashire & South Cumbria (Contract compliance support),,,Strategic,Digital & Transformation,150000,2026-10-30,New,Proposal Sent,New Opportunity,Dillon Sykes,ICB,Employee Referral,10%,NOT in forecast,,,2026-04-14,,,,,,,,,,,,,,,,,,,,,,,,,,,,,,,
North West Commissioning Hub,,,SMMS/AI,Patient Communications,630,2026-11-30,New,Proposal Sent,New Opportunity,Liam Wright,Practice,Existing customer relations,50%,In forecast,,,2025-07-31,,,,,,,,,,,,,,,,,,,,,,,,,,,,,,,
Blinx neighbourhood Partnership,,,Partnerships,Deployment & Partnerships,20000,2026-08-31,New,Advanced Discussion,New Opportunity,Matt Murphy,Partner,Employee Referral,50%,In forecast,,,2025-10-29,,,,,,,,,unlikely,,,,,,,,,,,,,,,,,,,,,,
Hythe Medical Centre,,,SMMS,Patient Communications,500,2027-07-01,Renewal,Initial Discussion,New Opportunity,Richard Stoddart,Practice,Cold Email,50%,In forecast,,anniecrowhurst@nhs.net,2026-07-02,,2027-04-01,,,,,,,,Hythe Medical Centre,,,Val Thomas,val.thomas4@nhs.net,83 Rochester Road Staines Surrey TW18 3HN,Invoice,Annual,Remote,,,,,,,,,,,,,
Together First CIC SMMS,,,SMMS,Patient Communications,1800,2027-07-24,Renewal,Initial Discussion,New Opportunity,Richard Stoddart,GP Federation,Existing customer relations,50%,In forecast,,nazifa.kamal1@nhs.net,2026-07-24,,2027-05-01,,,,,2025-07-29,2026-07-29,,Together First CIC,,,Nazifa Kamal,nazifa.kamal1@nhs.net,"Together First CIC
Laburnum Health Centre, Althorne Way
Dagenham London RM10 7DF",Invoice,Annual,Remote,,,,,,,,,,,,,
Sunderland GP Alliance,,,SMMS,Patient Communications,2840,2026-09-30,New,Advanced Discussion,New Opportunity,Liam Wright,GP Federation,Existing customer relations,50%,In forecast,,,2026-05-12,,,,,,,,,,,,,,,,,,,,,,,,,,,,,,,
Higherfolds Community Centre,,,SMMS,Patient Communications,499,2027-01-01,Renewal,Initial Discussion,New Opportunity,Richard Stoddart,Neighbourhood,Personal email campaign,50%,In forecast,,,2026-04-29,,2026-11-01,,,,,,,,Higher Folds Community Centre and Early Years Nursery,,,Mr David Rainford,dave@higherfolds.co.uk,"Stirling Close
Higher Folds Leigh WN7 2UB",Invoice,Annual,Remote,,,,,,,,,,,,,
SMS Medical,,,SMMS,Patient Communications,900,2027-07-31,Renewal,Initial Discussion,New Opportunity,Richard Stoddart,Practice,Cold Email,50%,In forecast,,shahlajamal@nhs.net,2026-07-20,,2027-05-01,,,,,,,,SMS medical practice,,,Shahla Jamal,shahlajamal@nhs.net,Wembley centre for health & care 116 Chaplin road Wembley HA0 4UZ,Invoice,Monthly,Remote,,,,,,,,,,,,,
Ashville Surgery,,,SMMS/AI,Patient Communications,1300,2026-12-31,New,Initial Discussion,New Opportunity,Liam Wright,Practice,Website,10%,NOT in forecast,,,2025-10-17,,,,,,,,,,,,,,,,,,,,,,,,,,,,,,,
Station Lane Medical Centre,,,SMMS,Patient Communications,660,2027-05-12,Renewal,Initial Discussion,New Opportunity,Richard Stoddart,Practice,Existing customer relations,80%,In forecast,,amanda.baxter@nhs.net,2026-05-12,,2027-03-18,,,,,,,,Station Lane Medical Centr,,,Amanda Baxter,amanda.baxter@nhs.net,"Station Lane
Featherstone West Yorkshire WF7 6J",Invoice,Annual,Remote,,,,,,,,,,,,,
Eason Pharmacy,,,Pharmacy SMMS,Patient Communications,600,2027-06-19,Renewal,Initial Discussion,New Opportunity,Richard Stoddart,Pharmacy,Employee Referral,50%,In forecast,,info@easonpharmacy.com,2026-05-12,,2027-03-01,,,,,2025-06-16,,,Kilcrona Ltd,,,Kieran Eason,info@easonpharmacy.com,"215a Watling Street, Tamworth, B775BB",Invoice,Annual,Remote,,,,,,,,,,,,,Richard Stoddart
Garstang Medical Practice,,,SMMS/AI,Patient Communications,480,2026-12-31,New,Initial Discussion,New Opportunity,Liam Wright,Practice,Existing customer relations,50%,In forecast,,,2025-09-23,,,,,,,,,,,,,,,,,,,,,,,,,,,,,,,
Northumberland House Surgery,,,AI,Patient Communications,630,2026-12-31,New,Initial Discussion,New Opportunity,Liam Wright,Practice,BP Birmingham,10%,NOT in forecast,,,2025-10-17,,,,,,,,,,,,,,,,,,,,,,,,,,,,,,,
Richmond Surgery,,,SMMS,Patient Communications,499,2027-12-17,Renewal,Initial Discussion,New Opportunity,Richard Stoddart,Practice,Personal email campaign,50%,In forecast,,,2025-12-15,,2027-08-01,,,,,2027-12-17,2028-12-19,,Donna Brennan,,,Donna Brennan,donnabrennan@nhs.net,,Invoice,Annual,Remote,,,,,,,,,,,,,
Re:Cognition Health - Life science,,,Partnerships,Deployment & Partnerships,20000,2026-09-25,New,Proposal Sent,New Opportunity,Dillon Sykes,Partner,Employee Referral,50%,In forecast,,,2026-04-24,,,,,,,,,,,,,,,,,,,,,,,,,,,,,,,
Sutton Coalfield Group Practice,,,List Growth,Patient Communications,18000,2026-09-25,New,Proposal Sent,Proposal Sent,Dillon Sykes,Practice,LG1 webinar,10%,NOT in forecast,,,2026-04-29,,,,,,,,,,,,,,,,Invoice,Monthly,Remote,,,,,,,,,,,,,
Upper Gordon Road Surgery,,,SMMS,Patient Communications,480,2027-01-01,Renewal,Initial Discussion,New Opportunity,Richard Stoddart,GP Federation,Personal email campaign,50%,In forecast,,,2026-04-29,2025-08-06,2026-12-01,,,,,,,,,,,,,,,,,,,,,,,,,,,,,
Ecclesfield Group Practice,,,SMMS,Patient Communications,480,2027-05-31,Renewal,Initial Discussion,New Opportunity,Richard Stoddart,Practice,Existing customer relations,50%,In forecast,,michelle.payling@nhs.net,2026-05-29,,2027-03-01,,,,,,,,Ecclesfield Group Practice,,,Michelle Payling,michelle.payling@nhs.net,96a Mill Road South Yorkshire S35 9XQ,Invoice,Annual,Remote,,,,,,,,,,,,,
Jayjay/Ailisha,,,SMMS/AI,Patient Communications,960,2026-09-30,New,Proposal Sent,New Opportunity,Liam Wright,Practice,Existing customer relations,10%,NOT in forecast,,,2025-07-31,,,,,,,,,,,,,,,,,,,,,,,,,,,,,,,
Opto,,,Partnerships,Deployment & Partnerships,30000,2026-09-30,New,Proposal Sent,New Opportunity,Dillon Sykes,,,10%,NOT in forecast,,,2026-06-25,,,,,,,,,,,,,,,,,,,,,,,,,,,,,,,
Hill View Medical Centre,,,AI,Patient Communications,600,2026-10-31,New,Initial Discussion,New Opportunity,Liam Wright,Practice,Existing customer relations,50%,In forecast,,,2026-02-17,,,,,,,,,,,,,,,,,,,,,,,,,,,,,,,
Knowle Green Medical,,,SMMS,Patient Communications,500,2027-07-01,New,Initial Discussion,New Opportunity,Richard Stoddart,Practice,Existing customer relations,50%,In forecast,,melissa.roe4@nhs.net,2026-06-10,,2027-04-01,,,,,,,,Knowle Green Medical,,,Melissa Roe,melissa.roe4@nhs.net,Burges Way Staines Middlesex TW18 1XD,Invoice,Annual,Remote,,,,,,,,,,,,,
Washway Road Medical,,,SMMS,Patient Communications,600,2027-05-31,Renewal,Initial Discussion,New Opportunity,Richard Stoddart,Practice,Existing customer relations,50%,In forecast,,tanya.burton2@nhs.net,2026-05-28,,2027-04-01,,,,,,,,Washway Road Medical Centre,,,Tanya Burton,tanya.burton2@nhs.net,Washway Road Medical Centre 67 Washway Road Sale M33 7SS,Invoice,Annual,Remote,,,,,,,,,,,,,
Lovemead Group Practice,,,List Growth,Patient Communications,24000,2026-10-30,New,Proposal Sent,Proposal Sent,Cameron Booth,Practice,LG2 webinar,10%,NOT in forecast,,,2026-07-08,2026-06-18,,,,,,,,,,,,,,,DD,Monthly,Remote,,,,,,,,,,,,,
Holt Medical Practice,,,SMMS,Patient Communications,480,2026-12-31,New,Initial Discussion,New Opportunity,Richard Stoddart,Practice,Existing customer relations,10%,NOT in forecast,,nwicb.holt-it@nhs.net,2025-11-04,,2027-01-31,,,,,,,,,,,,,,DD,Monthly,Remote,,,,,,,,,,,,,
Swan Surgery 2026,,,SMMS,Patient Communications,400,2026-12-01,Renewal,Initial Discussion,New Opportunity,Richard Stoddart,Practice,BP Birmingham,50%,In forecast,,,2026-04-29,,2026-10-01,,,,,,,,Swan Surgery,,,Kevin Whomes,kevin.whomes@nhs.net,"Northgate Business Park, Northgate Street
Bury St Edmunds Suffolk IP33 1AE",Invoice,Annual,Remote,,,,,,,,,,,,,
Molebridge Practice,,,SMMS,Patient Communications,500,2027-05-31,Renewal,Initial Discussion,New Opportunity,Richard Stoddart,Practice,Cold Email,50%,In forecast,,eleni.mantzari@nhs.net,2026-07-15,,2027-04-01,,,,,,,,Molebridge Practice,,,Eleni Mantzari,syheartlandsicb.molebridgepractice@nhs.net,148-154 Kingston Road Leatherhead Surrey KT22 7PZ,Invoice,Annual,Remote,,,,,,,,,,,,,
NHS South East renewal 2026,,,Strategic,Digital & Transformation,40000,2026-09-30,Renewal,Initial Discussion,New Opportunity,Matt Sweeney,Regional Team,Existing customer relations,50%,In forecast,,,2025-11-04,,,,,,,,,,,,,,,,,,,,,,,,,,,,,,,
Suffolk GP Federation - D&T Hub £99 licences,,,DTMS,Digital & Transformation,10000,2026-09-25,New,Initial Discussion,New Opportunity,Dillon Sykes,GP Federation,Marketing campaign,10%,NOT in forecast,,,2026-01-07,,,,,,,,,,,,,,,,,,,,,,,,,,,,,,,
The Clanfield Practice,,,SMMS,Patient Communications,300,2027-01-01,Renewal,Initial Discussion,New Opportunity,Richard Stoddart,Practice,Personal email campaign,50%,In forecast,,,2026-04-29,,2026-11-01,,,,,,,,The Clanfield Practice,,,Claire Jelley,claire.jelley@nhs.net,"2 White Dirt Lane, Clanfield
Waterlooville Hants PO8 0Q",Invoice,Annual,Remote,,,,,,,,,,,,,
Huma (Lothian),,,Partnerships,Deployment & Partnerships,20000,2026-09-25,New,Proposal Sent,New Opportunity,Dillon Sykes,Partner,Partner,80%,In forecast,,,2026-05-06,,,,,,,,,,,,,,,,,,,,,,,,,,,,,,,
CP social media,,,SMMS,Patient Communications,500,2026-08-31,New,Initial Discussion,New Opportunity,marc@redmoorhealth.co.uk,ICB,Employee Referral,10%,NOT in forecast,,,2025-07-31,,,,,,,,,,,,,,,,,,,,,,,,,,,,,,,
Carn to Coast,,,List Growth,Patient Communications,18000,2026-09-25,New,Proposal Sent,In Conversation,Dillon Sykes,Practice,LG1 campaign,10%,NOT in forecast,,,2026-04-30,,,,,,,,,,,,,,,,,,,,,,,,,,,,,,,
Southport and Formby PCN,,,SMMS,Patient Communications,600,2027-04-01,Renewal,Initial Discussion,New Opportunity,Richard Stoddart,PCN,Existing customer relations,50%,In forecast,,,2026-03-03,,2027-01-01,,,,,2027-04-01,2028-03-31,,Matty Smith,,,Matty Smith,matthew.smith147@nhs.net,"Southport and Formby Health
3 Wight Moss Way, Southport Business Park
Southport Merseyside PR84HQ",Invoice,Annual,Remote,,,,,,,,,,,,,
Gloucestershire County Council - NHS HC,,,Public Health,Digital & Transformation,24600,2026-09-26,New,Proposal Sent,New Opportunity,Dillon Sykes,Local Authority,Word of mouth,10%,NOT in forecast,,,2026-03-04,,,,,,,,,,Badri.Padmanabhan@gloucestershire.gov.uk,,,,,,,,,,,,,,,,,,,,,
North Brink Practice,,,List Growth,Patient Communications,24000,2027-07-15,Renewal,Initial Discussion,New Opportunity,Cameron Booth,Practice,LG2 campaign,50%,In forecast,,,2026-07-07,2026-06-30,,,,,,2027-07-15,2028-07-14,,Matthew Skells,,,Matthew Skells,matthew.skells@nhs.net,"North Brink Practice
7-9 North Brink
Wisbech
PE13 1JU",DD,Monthly,Remote,,,,,,,,,,,,,
PARADISE MEDICAL CENTRE,,,SMMS,Patient Communications,720,2027-01-01,Renewal,Initial Discussion,New Opportunity,Richard Stoddart,Practice,Personal email campaign,50%,In forecast,,,2026-04-29,,2026-12-01,,,,,,,,,,,,,,,,,,,,,,,,,,,,,
Pharmacy social media - Faruque,,,SMMS,Patient Communications,500,2026-08-31,New,Initial Discussion,New Opportunity,marc@redmoorhealth.co.uk,Pharmacy,Shilpa Shah Referral,10%,NOT in forecast,,,2025-07-31,,,,,,,,,,,,,,,,,,,,,,,,,,,,,,,
Private Practice,,,SMMS,Patient Communications,2000,2026-12-31,New,Proposal Sent,New Opportunity,Richard Stoddart,Practice,Word of mouth,10%,NOT in forecast,,mamta.azad@nhs.net,2026-07-09,,2026-11-30,,,,,,,,,,,,,,,,,,,,,,,,,,,,,
SWL PH,,,Public Health,Digital & Transformation,25000,2026-09-30,New,Initial Discussion,New Opportunity,Tom Owen,ICB,Word of mouth,10%,NOT in forecast,,,2026-03-17,,,,,,,,,,,,,,,,,,,,,,,,,,,,,,,
X-On (AVT Deployment),,,Partnerships,Deployment & Partnerships,50000,2026-09-30,New,Proposal Sent,New Opportunity,Dillon Sykes,Partner,Partner,50%,In forecast,,,2025-11-21,2026-03-31,,,,,,,,,,,,,,,,,,,,,,,,,,,,,,
Bowling Highfield Medical Practice,,,AI,Patient Communications,840,2027-06-01,Renewal,Initial Discussion,New Opportunity,Liam Wright,Practice,Existing customer relations,50%,In forecast,,,2026-07-15,,,,,,,,,,Bowling High Medical Practice,,,Sian Nicholson,sian.nicholson@bradford.nhs.uk,"Rooley Lane, Bradford, BD47SS",DD,Monthly,Remote,,,,,,,,,,,,,
KINGSWELL SURGERY PMS PRACTICE,,,SMMS,Patient Communications,480,2027-05-07,Renewal,Initial Discussion,New Opportunity,Richard Stoddart,Practice,Existing customer relations,50%,In forecast,,joanne.swift14@nhs.net,2026-05-07,,2027-02-01,,,,,2026-05-29,2027-05-28,,Jo Swift,,,Jo Swift,joanne.swift14@nhs.net,"40 Shrewsbury Road
Penistone South Yorkshire S36 6DY",Invoice,Annual,Remote,,,,,,,,,,,,,
ChapelGreen Pracrtice,,,SMMS,Patient Communications,480,2027-05-31,Renewal,Initial Discussion,New Opportunity,Richard Stoddart,Practice,Existing customer relations,50%,In forecast,,michelle.lockey@nhs.net,2026-05-26,,2027-03-01,,,,,,,,Chapel Green Practice,,,Michelle Lockey,michelle.lockey@nhs.net,1 Bevan Way Sheffield South Yorkshire S35 1RN,Invoice,Annual,Remote,,,,,,,,,,,,,
Aldershot PCN,,,SMMS,Patient Communications,2694,2027-03-24,Renewal,Initial Discussion,New Opportunity,Richard Stoddart,PCN,Personal email campaign,50%,In forecast,,,2025-03-31,,2026-12-01,,,,,2027-03-24,2029-03-23,,Sarah Beech,,,,,"Aldershot Health PCN
C/O Salus 4th Floor Aldershot Centre for Health
Hospital Hill
Hampshire
GU11 1AY",Invoice,Annual,Remote,,,,sarah.beech10@nhs.net,,,,,,,,,
Falkland House Surgery,,,SMMS,Patient Communications,600,2027-05-01,Renewal,Initial Discussion,New Opportunity,Richard Stoddart,Practice,Existing customer relations,50%,In forecast,,zoey.hall@nhs.net,2026-05-08,,2027-03-01,,,,,,,,Falkland House Surgery,,,Zoey Hall,zoey.hall@nhs.net,"2a,  Falkland Road Yorkshire S11 7P",Invoice,Annual,Remote,,,,,,,,,,,,,
North West Leicestershire GP Federation/PCN,,,SMMS,Patient Communications,2000,2028-03-10,Renewal,Initial Discussion,New Opportunity,Richard Stoddart,PCN,BP Birmingham,50%,In forecast,,,2026-01-05,2024-11-15,2027-12-01,,,,Yes,2028-03-10,2029-03-09,,Clare Fountain,,,Clare Fountain,clare.fountain1@nhs.net,"NWL GP Federation
Whitwick Health Centre
67 North Street 
LE67 5HX",Invoice,Annual,Remote,,,,clare.fountain1@nhs.net,,,,,,,,,
Hippo Digital PDS Tender,,,Partnerships,Deployment & Partnerships,100000,2026-09-30,New,Initial Discussion,New Opportunity,Dillon Sykes,Partner,Tender,50%,NOT in forecast,,,2026-02-12,,,,,,,,,,,,,,,,,,,,,,,,,,,,,,,
Taunton Vale Healthcare,,,List Growth,Patient Communications,24000,2026-09-25,New,Proposal Sent,In Conversation,Dillon Sykes,Practice,LG1 campaign,10%,NOT in forecast,,,2026-06-03,,,,,,,,,,,,,,,,Invoice,Monthly,Remote,,,,,,,,,,,,,
Channel 3 MoD SystmOne training project,,,Training,Deployment & Partnerships,100000,2026-08-31,New,Initial Discussion,New Opportunity,Matt Murphy,Partner,Partner,10%,NOT in forecast,,,2026-04-28,,,,,,,,,,,,,,,,,,,,,,,,,,,,,,,
Portsdown Group Practice,,,List Growth,Patient Communications,24000,2027-07-16,Renewal,Initial Discussion,New Opportunity,Cameron Booth,Practice,LG2 webinar,50%,In forecast,,,2026-06-26,2026-06-24,,,,,,2027-07-16,2028-07-14,,Christina Cleworth,,,Christina Cleworth,christina.cleworth@nhs.net,"Kingston Crescent Surgery
92 Kingston Crescent
Portsmouth
PO2 8AL",DD,Monthly,Remote,,,,,,,,,,,,,
PRIORY FIELDS SURGERY,,,SMMS,Patient Communications,360,2027-03-19,Renewal,Initial Discussion,New Opportunity,Richard Stoddart,Practice,Existing customer relations,50%,In forecast,,,2026-05-11,,2027-03-01,,,,,2026-04-01,2027-04-01,,Emily Ross,,,Emily Ross,emily.ross@nhs.net,"Priory Fields Partnership
Doctors Surgery, Nursery Road
Huntingdon Cambs PE29 3RL",DD,Monthly,Remote,,,,,,,,,,,,,
Wyresdale Road Surgery,,,SMMS/AI,Patient Communications,630,2026-09-30,New,Initial Discussion,New Opportunity,Liam Wright,Practice,Existing customer relations,50%,In forecast,,,2025-08-01,,,,,,,,,,,,,,,,,,,,,,,,,,,,,,,
Colchester Medical Group (PCN Nat Test Site) (copy),,,DTMS,Digital & Transformation,10000,2027-03-26,Renewal,Initial Discussion,New Opportunity,Dillon Sykes,PCN,BP Birmingham,10%,NOT in forecast,,,2026-01-16,,,,,,,,,,,,,,,,,,Remote,,,,joe.oxley2@nhs.net,,,,,,,,,
Aylmer Lodge Cookley Partnership,,,AI,Patient Communications,630,2026-10-31,New,Initial Discussion,New Opportunity,Liam Wright,Practice,BP Birmingham,10%,NOT in forecast,,,2025-10-17,,,,,,,,,,,,,,,,,,,,,,,,,,,,,,,
The Red Practice,,,SMMS/AI,Patient Communications,630,2026-10-31,New,Proposal Sent,New Opportunity,Liam Wright,Practice,Existing customer relations,50%,In forecast,,,2025-07-31,,,,,,,,,,,,,,,,,,,,,,,,,,,,,,,
OneAdvanced Scotland (Docman Training),,,Partnerships,Deployment & Partnerships,96000,2026-08-31,New,Proposal Sent,New Opportunity,Dan H,Partner,Existing customer relations,10%,NOT in forecast,,,2026-01-09,,,,,,,,,,,,,,,,,,,,,,,,,,,,,,,
Boroughbury Medical Centre,,,SMMS,Patient Communications,1440,2027-05-07,Renewal,Initial Discussion,New Opportunity,Richard Stoddart,Practice,Social Media,80%,In forecast,,k.remedios@nhs.net,2026-05-07,,2027-02-01,,,,,,,,Boroughbury Medical Centr,,,Ms Julie Trig,julie.trigg@nhs.net,"Craig Street
Peterborough Cambs PE1 2EJ",DD,Monthly,Remote,,,,,,,,,,,,,
Manchester Council - NHS Health Checks,,,Public Health,Digital & Transformation,24600,2026-09-25,New,Initial Discussion,New Opportunity,Dillon Sykes,Local Authority,Personal email campaign,10%,NOT in forecast,,,2026-01-09,2026-01-22,,,,,,,,,,,,,,,,,,,,,,,,,,,,,,
Church Stretton Medical Practice,,,SMMS/AI,Patient Communications,300,2026-10-31,New,Proposal Sent,New Opportunity,Liam Wright,Practice,Existing customer relations,50%,In forecast,,,2025-07-31,,,,,,,,,,,,,,,,,,,,,,,,,,,,,,,
Wigan Council -D&T Managed Service,,,Public Health,Digital & Transformation,80000,2026-09-25,New,Advanced Discussion,New Opportunity,Dillon Sykes,Local Authority,Marketing campaign,80%,In forecast,,,2026-03-24,2026-08-19,,,,,,,,,,,,Amy Dunne,Amy.Dunne@wigan.gov.uk,,,,,,,,,,,,,,,,,
Merrow Park Surgery,,,List Growth,Patient Communications,18000,2027-04-27,Renewal,Initial Discussion,New Opportunity,Cameron Booth,Practice,LG1 webinar,50%,In forecast,,,2026-07-08,,,,,,,2027-06-01,2028-06-01,,Shalini Barnard,,,Shalini Barnard,shalini.barnard1@nhs.net,"Merrow Park Surgery,
Kingfisher Drive,
Merrow,
Guildford,
Surrey,
GU4 7EP",DD,Monthly,Remote,,,,,,,,,,,,,
Hatfield Health Centre,,,SMMS,Patient Communications,480,2027-06-01,Renewal,Initial Discussion,New Opportunity,Richard Stoddart,Practice,Existing customer relations,50%,In forecast,,timothy.johns4@nhs.net,2026-06-02,,2027-04-01,,,,,,,,Hatfield Health Centre,,,Timothy Johns,timothy.johns4@nhs.net,"The Heathfield Centre, Ash Hill Road, Hatfield Doncaster South Yorkshire DN76JH",Invoice,Annual,Remote,,,,,,,,,,,,,
OneAdvanced CSO services scope expansion,,,Partnerships,Deployment & Partnerships,50000,2026-12-31,New,Initial Discussion,New Opportunity,Matt Murphy,Partner,Partner,10%,NOT in forecast,,,2026-03-30,,,,,,,,,,,,,,,,,,,,,,,,,,,,,,,
Huma (national - long term),,,Partnerships,Deployment & Partnerships,140000,2027-01-01,New,Advanced Discussion,New Opportunity,Dillon Sykes,Partner,Partner,50%,In forecast,,,2025-08-01,,,,,,,,,,,,,,,,,,,,,,,,,,,,,,,
Stanmore House Surgery,,,SMMS/AI,Patient Communications,480,2026-10-31,New,Proposal Sent,New Opportunity,Liam Wright,Practice,Existing customer relations,80%,In forecast,,,2025-07-31,,,,,,,,,,,,,,,,,,,,,,,,,,,,,,,
Second Street Surgery,,,SMMS/AI,Patient Communications,630,2026-11-30,New,Initial Discussion,New Opportunity,Liam Wright,Practice,Existing customer relations,10%,NOT in forecast,,,2025-07-31,,,,,,,,,,,,,,,,,,,,,,,,,,,,,,,
The Village Surgery Formby,,,SMMS/AI,Patient Communications,630,2026-09-30,New,Proposal Sent,New Opportunity,Liam Wright,Practice,Existing customer relations,50%,In forecast,,,2025-07-31,,,,,,,,,,,,,,,,,,,,,,,,,,,,,,,
Thorpe Practice,,,SMMS,Patient Communications,480,2027-05-31,Renewal,Initial Discussion,New Opportunity,Richard Stoddart,Practice,Existing customer relations,50%,In forecast,,helen.lenthall@nhs.net,2026-05-22,,2027-03-01,,,,,,,,The Thorpe Practice,,,Helen Lenthall,helen.lenthall@nhs.net,"Moorthorpe Bank, Moorthorpe Way, Owlthorpe Sheffield South Yorkshire S20 6PD",Invoice,Annual,Remote,,,,,,,,,,,,,
Albion Street,,,SMMS/AI,Patient Communications,1100,2027-01-09,Renewal,Initial Discussion,New Opportunity,Richard Stoddart,Practice,Personal email campaign,50%,In forecast,,,2026-04-29,,2026-10-01,,,,,,,,Albion Health Centre,,,Mr Sham Noor,shamsun.noor@nhs.net,"333 Whitechapel Road
Whitechapel London E1 1BU",Invoice,Annual,Remote,,,,,,,,,,,,,
Sheffield University Health Service,,,SMMS,Patient Communications,499,2027-05-31,Renewal,Initial Discussion,New Opportunity,Richard Stoddart,Practice,Existing customer relations,50%,In forecast,,,2025-12-19,,2027-02-01,,,,,2027-05-31,2028-05-31,,Hayley E Martin,,,Hayley E Martin,h.martin@sheffield.ac.uk,"PO Number:

4501446352

University of Sheffield, University Health Service
53 Gell Street
Sheffield South Yorkshire S3 7QP",Invoice,Annual,Remote,,,,,,,,,,,,,
Bramley Village,,,SMMS,Patient Communications,880,2026-12-01,Renewal,Initial Discussion,New Opportunity,Richard Stoddart,Practice Group,BP Birmingham,50%,In forecast,,,2026-04-29,2025-10-22,2026-10-01,,,,,,,,Bramley Village Health and Wellbeing Centre,,,Adam Bolton,d-icb.rgp.finance@nhs.net,"16 Highfield Road, Bramley
Leeds West Yorkshire LS13 2BL",Invoice,Annual,Face to Face,,,,,,,,,,,,,
Budleigh Salterton Medical,,,SMMS,Patient Communications,300,2026-10-01,Renewal,Initial Discussion,New Opportunity,Richard Stoddart,Practice,Personal email campaign,50%,In forecast,,,2026-04-29,,2026-08-31,,,,,,,,Budleigh Salterton Medical Centre,,,Mrs Deborah Mitchell,debbie.mitchell3@nhs.net,"1 The Lawn
Budleigh Salterton Devon EX9 6LS",Invoice,One off,,,,,,,,,,,,,,
Centre Practice,,,SMMS,Patient Communications,300,2027-01-01,Renewal,Initial Discussion,New Opportunity,Richard Stoddart,Practice,Personal email campaign,50%,In forecast,,,2026-04-29,,2026-11-01,,,,,,,,Centre Practice,,,Sue Crowley,sue.crowley@nhs.net,"Centre Practice, The Health Centre, Osborn Road
Fareham Hampshire PO16 7ER",Invoice,Annual,Remote,,,,,,,,,,,,,
East Harling & Kenninghall Medical Practice,,,SMMS,Patient Communications,600,2026-11-30,New,Proposal Sent,New Opportunity,Liam Wright,Practice,Word of mouth,80%,In forecast,,,2026-03-04,,,,,,,,,,East Harling & Kenninghall Medical Practice,,,Charlie McDowell,c.mcdowell2@nhs.net,,,,,,,,,,,,,,,,,
Haselmere Health,,,SMMS,Patient Communications,500,2027-07-01,Renewal,Initial Discussion,New Opportunity,Richard Stoddart,Practice,Cold Email,50%,In forecast,,alison.gilpin@nhs.net,2026-07-03,,2027-04-01,,,,,,,,Haslemere Health Center,,,Alison Gilpin,alison.gilpin@nhs.net,Church Lane Haslemere Surrey GU27 2BQ,Invoice,Annual,Remote,,,,,,,,,,,,,
"Balham, Tooting & Furzedown",,,SMMS,Patient Communications,2250,2027-01-01,Renewal,Initial Discussion,New Opportunity,Richard Stoddart,PCN,Personal email campaign,50%,In forecast,,,2026-04-29,,2026-11-01,,,,,,,,"Balham, Tooting & Furzedown",,,Shelby Lawrence,shelby.lawrence@nhs.net,"120 Bedford Hill
London Greater London SW12 9HS",Invoice,Annual,Remote,,,,,,,,,,,,,
Rockcliffe Court Surgery,,,SMMS,Patient Communications,300,2027-01-01,Renewal,Initial Discussion,New Opportunity,Richard Stoddart,Practice,Personal email campaign,50%,In forecast,,,2026-04-29,,2026-11-01,,,,,,,,Rockliffe Court Surgery,,,Lucy Calvert,lcalvert@nhs.net,"Hurworth PLace
Darlington Co Durham DL2 2DS",Invoice,Annual,Remote,,,,,,,,,,,,,
Southview,,,SMMS,Patient Communications,500.0,2027-07-01,Renewal,Initial Discussion,New Opportunity,Richard Stoddart,Practice,Cold Email,50%,In forecast,,Sarah.roberts42@nhs.net,2026-07-10,,2027-04-01,,,,,,,,Southview Medical Practice,,,Sarah Roberts,sarah.roberts42@nhs.net,Guildford Road Woking Surrey GU22 7RR,Invoice,Annual,Remote,,,,,,,,,,,,,
Herts Smoke Free -  Part 2,,,Creative,Patient Communications,14000,2026-12-31,Renewal,Initial Discussion,New Opportunity,Richard Stoddart,Local Authority,Existing customer relations,10%,NOT in forecast,,,2026-04-29,,2026-11-01,,,,,,,,,,,,,,,,,,,,,,,,,,,,,
Springfield Surgery,,,SMMS,Patient Communications,500.0,2027-07-01,Renewal,Initial Discussion,New Opportunity,Richard Stoddart,Practice,Cold Email,50%,In forecast,,tracyruane@nhs.net,2026-07-08,,2027-04-01,,,,,,,,Springfield Surgery,,,Tracy Ruane,ann.gregory1@nhs.net,Springfield Elstead Surrey GU8 6EG,Invoice,Annual,Remote,,,,,,,,,,,,,
North East and North Cumbria ICB (FP),,,FPP,Digital & Transformation,148000,2026-09-30,New,Proposal Sent,New Opportunity,Dillon Sykes,ICB,Personal email campaign,10%,NOT in forecast,,,2026-03-31,,,,,,,,,,,,,,,,,,,,,,,,,,,,,,,
Milehouse Medical Practice,,,List Growth,Patient Communications,18000,2026-09-25,New,Proposal Sent,1st Follow-up,Dillon Sykes,Practice,LG1 campaign,10%,NOT in forecast,,latif.hussain@staffs.nhs.uk,2026-05-14,,,,,,,,,,,,,,,,Invoice,Monthly,Remote,,,,,,,,,,,,,
Orient Road Medical Practice,,,SMMS,Patient Communications,660,2026-10-31,Renewal,Initial Discussion,New Opportunity,Richard Stoddart,Practice,BP Birmingham,50%,In forecast,,,2026-04-29,,2026-09-01,,,,,,,,Orient Road Medical Practice,,,Dr. V Selvaraasan,v.selvaraasan@nhs.net,"37 Orient Road
Salford Lancashire M68LE",Invoice,One off,Remote,,,,,,,,,,,,,
NI Confed - Website review work,,,DTMS,Digital & Transformation,20000,2026-09-25,New,Proposal Sent,Proposal Sent,Dillon Sykes,GP Federation,Employee Referral,10%,NOT in forecast,,,2026-07-29,,,,,,,,,,,,,,,,,,,,,,,,,,,,,,,
Kildonan House Practice,,,List Growth,Patient Communications,18000,2026-09-25,New,Proposal Sent,Proposal Sent,Dillon Sykes,Practice,LG2 campaign,50%,NOT in forecast,,,2026-08-27,,,,,,,,,,,,,,,,Invoice,Monthly,Remote,,,,,,,,,,,,,
Website Hosting,,,Creative,Patient Communications,3360,2027-04-01,New,Initial Discussion,New Opportunity,Richard Stoddart,Practice,Word of mouth,50%,In forecast,,,2026-07-22,,2027-03-01,,,,,,,,,,,,,,,,,,,,,,,,,,,,,
Hyndburn PCN,,,SMMS/AI,Patient Communications,2700,2027-03-31,Renewal,Initial Discussion,New Opportunity,Richard Stoddart,PCN,Word of mouth,50%,In forecast,,ruby.ali@nhs.net,2026-07-23,,2027-01-08,,,,,,,,Hyndburn Central PCN,,,Ruby Ali,ruby.ali@nhs.net,1 Paradise St Accrington Lancashire BB% 1RT,Invoice,Annual,Remote,,,,,,,,,,,,,
Bolton GP Fed,,,SMMS,Patient Communications,3000,2027-08-31,New,Initial Discussion,New Opportunity,Richard Stoddart,GP Federation,Word of mouth,50%,In forecast,,jack.ayling@boltongpfed.co.uk,2026-08-20,,2027-06-01,,,,,,,,Bolton GP Federation,,,Victoria Westwood,jack.ayling@boltongpfed.co.uk,The primary Care Hub Chorley Street Bolton BL1 4AL,Invoice,Annual,Remote,,,,,,,,,,,,,
The Ridge Medical Practice,,,SMMS,Patient Communications,900,2027-09-30,Renewal,Initial Discussion,New Opportunity,Richard Stoddart,Practice,Word of mouth,50%,In forecast,,elizabeth.brook@bradford.nhs.uk,2026-07-27,,2027-08-01,,,,,,,,The Ridge Medical Practice,,,Liz Brook,Elizabeth.Brook@bradford.nhs.uk,"Cousen Road,
Bradford West Yorkshire BD7 3JX",Invoice,Annual,Remote,,,,,,,,,,,,,
Pendle East PCN,,,SMMS,Patient Communications,3000,2026-10-31,Renewal,Initial Discussion,New Opportunity,Richard Stoddart,PCN,Word of mouth,10%,NOT in forecast,,heather.porter8@nhs.net,2026-07-27,,2026-09-04,,,,,2024-10-01,2024-12-31,,Pendle East PCN,,,,,,Invoice,Monthly,Both,,,,,,,,,,,,,
Bosvena Health,,,SMMS,Patient Communications,300,2026-10-31,New,Proposal Sent,New Opportunity,Richard Stoddart,Practice,Word of mouth,50%,In forecast,,michelle.hill33@nhs.net,2026-08-03,,2026-08-31,,,,,,,,,,,,,,,,,,,,,,,,,,,,,
Heathbridge Practice - Instagram,,,SMMS,Patient Communications,300,2026-12-31,New,Initial Discussion,New Opportunity,Richard Stoddart,Practice,Word of mouth,50%,NOT in forecast,,paulhallett@nhs.net,2026-08-26,,2026-10-29,,,,,,,,,,,,,,,,,,,,,,,,,,,,,
Islington GP Federation,,,SMMS/AI,Patient Communications,1,2026-09-30,New,Proposal Sent,New Opportunity,Richard Stoddart,Practice,Webinar,10%,NOT in forecast,,phoebe.alexander@nhs.net,2026-08-04,,2026-09-30,,,,,,,,,,,,,,,,,,,,,,,,,,,,,
EBPC Social Media,,,SMMS,Patient Communications,900,2026-10-31,New,Initial Discussion,Meeting Booked,Richard Stoddart,NHS Trust,Cold Email,50%,In forecast,,patrick.rogan@nhs.net,2026-08-06,,2026-08-31,,,,,,,,,,,,,,,,,,,,,,,,,,,,,
Moreton Group Practice,,,AI,Patient Communications,600,2026-12-31,New,Initial Discussion,New Opportunity,Richard Stoddart,Practice,Webinar,10%,NOT in forecast,,colette.smith3@nhs.net,2026-08-06,,2026-10-31,,,,,,,,,,,,,,,,,,,,,,,,,,,,,
Thatcham Health Centre,,,List Growth,Patient Communications,18000,2026-09-30,New,Proposal Sent,New Opportunity,Tom Owen,Practice,LG2 campaign,10%,NOT in forecast,,,2026-08-06,,,,,,,,,,,,,,,,,,,,,,,,,,,,,,,
Cheetham Hill Medical Centre,,,List Growth,Patient Communications,30000,2026-09-30,New,Proposal Sent,New Opportunity,Tom Owen,Practice,LG2 campaign,10%,NOT in forecast,,,2026-08-06,,,,,,,,,,,,,,,,,,,,,,,,,,,,,,,
Upper Norwood Group Practice,,,List Growth,Patient Communications,18000,2026-09-30,New,Advanced Discussion,New Opportunity,Tom Owen,Practice,LG2 campaign,10%,NOT in forecast,,,2026-08-06,,,,,,,,,,,,,,,,,,,,,,,,,,,,,,,
Laurel House Surgery,,,List Growth,Patient Communications,18000,2026-10-30,New,Proposal Sent,Proposal Sent,Cameron Booth,Practice,LG2 webinar,50%,In forecast,,,2026-08-06,2026-08-04,,,,,,,,,,,,,,,DD,Monthly,Remote,,,,,,,,,,,,,
Aspiro Healthcare,,,List Growth,Patient Communications,18000,2026-10-30,New,Proposal Sent,Proposal Sent,Cameron Booth,Practice,LG2 campaign,50%,In forecast,,,2026-08-06,2026-08-10,,,,,,,,,,,,,,,DD,Monthly,Remote,,,,,,,,,,,,,
The Allan Practice,,,SMMS,Patient Communications,1200,2026-10-31,New,Initial Discussion,New Opportunity,Richard Stoddart,Practice,Cold Email,50%,In forecast,,jennifer.haynes@nhs.net,2026-08-10,,2026-09-04,,,,,,,,,,,,,,,,,,,,,,,,,,,,,
Atherley House Surgery,,,List Growth,Patient Communications,18000,2026-10-30,New,Proposal Sent,Proposal Sent,Cameron Booth,Practice,LG2 campaign,50%,In forecast,,,2026-08-06,2026-08-11,,,,,,,,,,,,,,,DD,Monthly,Remote,,,,,,,,,,,,,
Copsewood Medical,,,SMMS,Patient Communications,480,2027-08-13,Renewal,Initial Discussion,New Opportunity,Richard Stoddart,Practice,Cold Email,50%,In forecast,,nafisa.suleman@nhs.net,2026-08-17,,2027-06-01,,,,,,,,Copeswood Medical Centre,,,Nafisa Suleman,nafisa.suleman@nhs.net,95 Momus Boulevard West midlands CV2 5NB,DD,Monthly,Remote,,,,,,,,,,,,,
Bradford Care Alliance,,,SMMS,Patient Communications,20000,2026-10-31,New,Initial Discussion,New Opportunity,Richard Stoddart,Neighbourhood,Cold Email,10%,In forecast,,Richard.Haddad@bradford.nhs.uk,2026-08-14,,2026-09-03,,,,,,,,,,,,,,,,,,,,,,,,,,,,,
Adderley Green Surgery,,,List Growth,Patient Communications,18000,2026-10-30,New,Proposal Sent,Proposal Sent,Cameron Booth,Practice,LG2 campaign,50%,In forecast,,,2026-08-20,2026-08-19,,,,,,,,,,,,,,,DD,Monthly,Remote,,,,,,,,,,,adderleygreen@stoke.nhs.uk,,
Willow Bank Surgery,,,List Growth,Patient Communications,18000,2026-10-30,New,Proposal Sent,New Opportunity,Cameron Booth,Practice,LG2 campaign,50%,In forecast,,,2026-08-20,2026-08-19,,,,,,,,,,,,,,,DD,Monthly,Remote,,,,,,,,,,,willowbanksurgery@stoke.nhs.uk,,
The Bolton Family Practice,,,SMMS,Patient Communications,600,2026-10-31,New,Initial Discussion,Meeting Booked,Richard Stoddart,Practice,Webinar,10%,NOT in forecast,,juliedowling@nhs.net,2026-08-20,,2026-09-09,,,,,,,,,,,,,,,,,,,,,,,,,,,,,
Northdown and Dashwood Surgery,,,List Growth,Patient Communications,24000,2026-10-30,New,Proposal Sent,Proposal Sent,Cameron Booth,Practice,LG2 webinar,50%,In forecast,,,2026-08-20,2026-08-20,,,,,,,,,,,,,,,DD,Monthly,Remote,,,,,,,,,,,,,
The Wilson Practice,,,List Growth,Patient Communications,18000,2026-10-30,New,Proposal Sent,Proposal Sent,Cameron Booth,Practice,LG2 campaign,50%,In forecast,,,2026-08-20,2026-08-21,,,,,,,,,,,,,,,DD,Monthly,Remote,,,,,,,,,,,,,
Forest Health Care,,,SMMS,Patient Communications,1,2026-10-31,New,Initial Discussion,New Opportunity,Richard Stoddart,Practice,Word of mouth,10%,NOT in forecast,,caroline.cinderey1@nhs.net,2026-08-22,,2026-09-16,,,,,,,,,,,,,,,,,,,,,,,,,,,,,
Re: Wensum Valley Medical Practice,,,SMMS,Patient Communications,600,2026-10-31,New,Initial Discussion,New Opportunity,Richard Stoddart,Practice,Webinar,10%,NOT in forecast,,bonnie.wickham@nhs.net,2026-08-24,,2026-09-04,,,,,,,,,,,,,,,,,,,,,,,,,,,,,
Sunderland GP Alliance,,,Training,Digital & Transformation,1,2026-11-30,New,Initial Discussion,New Opportunity,Richard Stoddart,GP Federation,Webinar,10%,NOT in forecast,,leanne.rowell1@nhs.net,2026-08-24,,2026-09-30,,,,,,,,,,,,,,,,,,,,,,,,,,,,,
Fed Bucks,,,SMMS,Patient Communications,1,2026-10-31,New,Initial Discussion,New Opportunity,Richard Stoddart,Practice,Word of mouth,10%,NOT in forecast,,laura-jayne.morgan@nhs.net,2026-08-24,,2026-09-04,,,,,,,,,,,,,,,,,,,,,,,,,,,,,
Woodbridge Hill Surgery,,,SMMS,Patient Communications,600,2026-09-30,New,Initial Discussion,New Opportunity,Richard Stoddart,Practice,Word of mouth,,NOT in forecast,,m.harcus@nhs.net,2026-08-26,,2026-08-31,,,,,,,,,,,,,,,,,,,,,,,,,,,,,
Heathbridge Practice,,,SMMS,Patient Communications,600,2026-08-27,New,Won (100%),Closed Won,Richard Stoddart,Practice,Word of mouth,100%,NOT in forecast,,paulhallett@nhs.net,2026-08-03,,2026-08-31,,,,,,,,Heathbridge Practice,,,Dr Paul Hallet,paulhallett@nhs.net,125 Upper Richmond Road Putney London SW15 2TL,DD,Monthly,Remote,,,,,,,,,,,,,
Melrose Surgery,,,SMMS,Patient Communications,600,2026-10-31,New,Initial Discussion,New Opportunity,Richard Stoddart,Practice,Word of mouth,50%,In forecast,,aparnabalaji@nhs.net,2026-08-27,,2026-09-04,,,,,,,,,,,,,,,,,,,,,,,,,,,,,
Ampleforth Surgery,,,Websites,Patient Communications,1,2026-10-31,New,Initial Discussion,New Opportunity,Richard Stoddart,Practice,Cold Email,10%,NOT in forecast,,fionapeckitt@nhs.net,2026-08-28,,2026-09-02,,,,,,,,,,,,,,,,,,,,,,,,,,,,,
Shipston Medical Centre,,,SMMS,Patient Communications,1,2026-10-31,New,Initial Discussion,New Opportunity,Richard Stoddart,Practice,Word of mouth,10%,NOT in forecast,,rachel.vial@shipstonmc.nhs.uk,2026-08-31,,2026-09-04,,,,,,,,,,,,,,,,,,,,,,,,,,,,,
Cornwall House Surgery,,,List Growth,Patient Communications,9000,2026-10-31,New,Initial Discussion,New Opportunity,Tom Owen,Practice,,10%,NOT in forecast,,,2026-09-01,,,,,,,,,,,,,,,,,,,,,,,,,,,,,,,
Fw: ACPCN and Redmoor introduction,,,SMMS,Patient Communications,1,2026-10-31,New,Initial Discussion,New Opportunity,Richard Stoddart,Practice Group,Word of mouth,,,,tvicb.ac.pcn.clinicaldirector@nhs.net,2026-09-01,,2026-09-03,,,,,,,,,,,,,,,,,,,,,,,,,,,,,
East Riding LA - NHS HC Opp,,,Public Health,Digital & Transformation,60000,2026-12-31,New,Initial Discussion,New Opportunity,Dillon Sykes,Local Authority,Tender,10%,NOT in forecast,,,2026-09-02,,,,,,,,,,,,,,,,,,,,,,,,,,,,,,,
Bradford PCN 5,,,SMMS,Patient Communications,4000,2026-10-31,New,Initial Discussion,New Opportunity,Richard Stoddart,PCN,Word of mouth,50%,,,naeem.iqbal@bradford.nhs.uk,2026-09-02,,2026-09-04,,,,,,,,,,,,,,,,,,,,,,,,,,,,,
SMS Medical Practice,,,SMMS,Patient Communications,720,2026-07-31,Renewal,Initial Discussion,New Opportunity,Richard Stoddart,Practice,Website,50%,In forecast,,shahlajamal@nhs.net,2026-07-20,,2026-07-31,,,,,2024-09-17,2025-09-17,,Shahla Jamal,,,Shahla Jamal,shahlajamal@nhs.net,"SMS MEDICAL PRACTICE
WEMBLEY CENTRE FOR HEALTH AND CARE
116 CHAPLIN ROAD, WEMBLEY
MIDDLESEX
HA0 4UZ",DD,Monthly,Remote,,,,shahlajamal@nhs.net,,,,,,,,,
OneAdvanced England Backlog,,,Partnerships,Deployment & Partnerships,10000,2026-01-05,New,Won (100%),Closed Won,Matt Murphy,Partner,Partner,100%,In forecast,,,2025-08-01,,,,,,,,,,,,,,,,,,,,,,,,,,,,,,,
Sheffield University Health Service,,,SMMS,Patient Communications,440,2026-01-05,New,Won (100%),Closed Won,Cameron Booth,Practice,Existing customer relations,100%,In forecast,,,2025-11-20,,,,,,,2026-05-31,2027-05-31,,Hayley E Martin,,,Hayley E Martin,h.martin@sheffield.ac.uk,"PO Number:

4501446352

University of Sheffield, University Health Service
53 Gell Street
Sheffield South Yorkshire S3 7QP",Invoice,Annual,Remote,,,,,,,,,,,,,
Fleet PCN,,,SMMS,Patient Communications,960,2026-01-05,New,Won (100%),Closed Won,Cameron Booth,PCN,Personal email campaign,100%,In forecast,,,2025-12-19,,,,,,,2025-12-19,2027-12-17,,Donna Brennan,,,Donna Brennan,donnabrennan@nhs.net,"Fleet Primary Care Network
Richmond Close
Fleet Hampshire GU527US",Invoice,Annual,Remote,,,,,,,,,,,,,
Richmond Surgery,,,SMMS,Patient Communications,960,2026-01-05,New,Won (100%),Closed Won,Cameron Booth,Practice,Personal email campaign,100%,In forecast,,,2025-12-19,,,,,,,2025-12-19,2027-12-17,,Donna Brennan,,,Donna Brennan,donnabrennan@nhs.net,"Richmond Surgery
Richmond Close
Fleet Hants GU52 7US",Invoice,Annual,Remote,,,,,,,,,,,,,
Coventry & Rugby GP Alliance ATP Practices,,,SMMS,Patient Communications,2495,2026-01-05,Renewal,Won (100%),Closed Won,Cameron Booth,GP Federation,Existing customer relations,100%,In forecast,,,2025-07-31,,,,,,Yes,2026-04-02,2027-07-02,,Rebecca Haughton,,,Rebecca Haughton,Rebecca.Haughton2@nhs.net,"Coventry & Rugby GP Alliance,
Unit 1, Boiler House,
Sandy Lane, 
Coventry/ West Midlands,
CV1 4JU",Invoice,Annual,Remote,,,,rebecca.haughton2@nhs.net,,,,,,,,,
The Scott Practice,,,SMMS,Patient Communications,480,2026-01-05,New,Won (100%),Closed Won,Cameron Booth,Practice,Existing customer relations,100%,In forecast,,,2026-01-05,,,,,,,2026-05-29,2027-05-28,,Rose Fells,,,Rose Fells,rose.fells@nhs.net,"The Scott Practice
Greenfield Lane
Doncaster South Yorkshire DN4 0TG",DD,Monthly,Remote,,,,,,,,,,,,,
North West Leicestershire GP Federation/PCN,,,SMMS,Patient Communications,4000,2026-01-06,Renewal,Won (100%),Closed Won,Cameron Booth,PCN,BP Birmingham,100%,In forecast,,,2025-03-31,2024-11-15,,,,,Yes,2026-03-12,2028-03-10,,Clare Fountain,,,Clare Fountain,clare.fountain1@nhs.net,"NWL GP Federation
Whitwick Health Centre
67 North Street 
LE67 5HX",Invoice,Annual,Remote,,,,clare.fountain1@nhs.net,,,,,,,,,
The Edlington Practice,,,SMMS,Patient Communications,480,2026-01-06,New,Won (100%),Closed Won,Cameron Booth,Practice,Existing customer relations,100%,In forecast,,,2026-01-05,,,,,,,2026-05-29,2027-05-28,,Angela Dean,,,Angela Dean,angela.dean@nhs.net,"The Edlington Practice
The Martinwells Centre, Thompson Avenue, Edlington
Doncaster South Yorkshire DN12 1JD",DD,Monthly,Remote,,,,,,,,,,,,,
Darlington PCN,,,SMMS,Patient Communications,480,2026-01-09,New,Won (100%),Closed Won,Cameron Booth,PCN,Personal email campaign,100%,In forecast,,,2025-07-31,,,,,,,2026-01-09,2027-01-08,,Rachel Gault,,,Rachel Gault,rachel.gault@nhs.net,"Darlington Primary Care Netwok
Forsyth House, 20 Woodlands Road,
Darlington County Durham DL3 7PL",DD,Monthly,Remote,,,,,,,,,,,,,
Avicenna Medical Practice,,,SMMS,Patient Communications,880,2026-01-15,New,Won (100%),Closed Won,Richard Stoddart,Practice,Personal email campaign,100%,In forecast,,,,,,,,,,,,,,,,,,,,,,,,,,,,,,,,,,
Farnworth + Kearsley PCN,,,Creative,Patient Communications,2850,2026-01-20,New,Won (100%),Closed Won,Paul Galley,PCN,Existing customer relations,100%,In forecast,,,2026-01-20,,,,,,,,,,Farnworth + Kearsley PCN,,,Alana Hall,alana.hall@nhs.net,"Piggott St, Farnworth, Bolton BL4 9QZ",Invoice,Annual,Remote,,,,,,,,,,,,,
Hodge Hill Family,,,SMMS,Patient Communications,440,2026-01-21,New,Won (100%),Closed Won,Richard Stoddart,Practice,Personal email campaign,100%,In forecast,,,,,,,,,,,,,Hodge Hill Family Practice,,,Jacqueline James,crgpa.finance@nhs.net,"Unit 1, The Boiler House, Electric Wharf, CV1 4JU",Invoice,Annual,Remote,,,,,,,,,,,,,
The Chapel Medical Centre Slough,,,SMMS/AI,Patient Communications,1440,2026-01-22,New,Won (100%),Closed Won,Cameron Booth,Practice,Personal email campaign,100%,In forecast,,,2025-11-17,,,,,,,2026-01-15,2027-01-15,,Patrick Rogan,,,Patrick Rogan,patrick.rogan@nhs.net,"East Berkshire Primary Care Out of Hours Services
Inspired
Easthampstead Road Bracknell Berkshire RG12 IYQ",DD,Monthly,Remote,,,,,,,,,,,,,
Stockwell Group Practice,,,SMMS,Patient Communications,720,2026-01-22,New,Won (100%),Closed Won,Cameron Booth,Practice,Personal email campaign,100%,In forecast,,,2025-12-18,,,,,,,2026-01-21,2027-01-21,,Rebecca Lawrence,,,Rebecca Lawrence,rlawrence@nhs.net,"Stockwell Group practice
107 Stockwell Road
Stockwell road london SW9 9TJ",DD,Monthly,Remote,,,,,,,,,,,,,
Stockwell Group Practice Boosted Campaign,,,SMMS,Patient Communications,150,2026-01-22,New,Won (100%),Closed Won,Cameron Booth,Practice,Personal email campaign,100%,In forecast,,,2026-01-21,,,,,,,,,,Rebecca Lawrence,,,Rebecca Lawrence,rlawrence@nhs.net,"Stockwell Group practice
107 Stockwell Road
Stockwell road london SW9 9TJ",Invoice,One off,Remote,,,,,,,,,,,,,
Ealing  Training Hub - Understanding Data work with GP practices,,,DTMS,Digital & Transformation,9166.67,2026-01-27,New,Won (100%),Closed Won,Dillon Sykes,GP Federation,Employee Referral,100%,In forecast,,,2026-01-05,,,,,,,,,,Fionnuala O'Donnell,,,fionn,fionnuala.odonnell@nhs.net,,,,,,,,,,,,,,,,,
Carrfield Medical Centre,,,SMMS,Patient Communications,480,2026-01-28,New,Won (100%),Closed Won,Cameron Booth,Practice,Existing customer relations,100%,In forecast,,,2026-01-27,,,,,,,2026-05-29,2027-05-28,,Sandra Taylor,,,Sandra Taylor,s.taylor75@nhs.net,"Carrfield Medical Centre, 
Carrfield Street,
Sheffield, 
South Yorkshire, 
S89SG",DD,Monthly,Remote,,,,,,,,,,,,,
SMS Medical Practice,,,SMMS,Patient Communications,240,2026-01-28,New,Won (100%),Closed Won,Liam Wright,Practice,Existing customer relations,100%,In forecast,,,2026-01-28,,,,,,,,,,,,,,,,,,,,,,,,,,,,,,,
Y2 payment Norfolk and Waveney ICB,,,SMMS,Patient Communications,27369.05,2026-01-30,Renewal,Won (100%),Closed Won,Cameron Booth,ICB,Existing customer relations,100%,In forecast,,,2025-03-31,,,,,,Yes,2025-06-27,2026-03-27,will happen,,,,,,,Invoice,Annual,Remote,,,,vicky.naylor@nhs.net,,,,,,,,,
Archway Medical Centre,,,SMMS,Patient Communications,720,2026-02-02,New,Won (100%),Closed Won,Cameron Booth,Practice,Personal email campaign,100%,In forecast,,,2025-11-19,,,,,,,2026-01-28,2027-01-28,,HARSHAL MOTAWAR,,,HARSHAL MOTAWAR,harshal.motawar@nhs.net,"Archway Medical Centre
652 Holloway Road
London UK N19 3NU",DD,Monthly,Remote,,,,,,,,,,,,,
Branch End Surgery branding,,,Creative,Patient Communications,350,2026-02-04,New,Won (100%),Closed Won,Paul Galley,Practice,Website,100%,In forecast,,,2026-02-04,,,,,,,,,,Branch End Surgery,,,Jessica Wilkinson,jessica.wilkinson@nhs.net,"Practice Operations Lead
Branch End Surgery
Stocksfield 
NE43 7LL",Invoice,Annual,Remote,,,,,,,,,,,,,
Farnworth + Kearsley PCN - Hosting renewal,,,Creative,Patient Communications,250,2026-02-01,Renewal,Won (100%),Closed Won,Paul Galley,PCN,Existing customer relations,100%,In forecast,,,2026-01-20,,,,,,,,,,,,,,,,,,,,,,,,,,,,,,,
Leek and Biddulph PCN,,,SMMS,Patient Communications,300,2026-02-04,New,Won (100%),Closed Won,Cameron Booth,PCN,Existing customer relations,100%,In forecast,,,2026-02-04,,,,,,,2026-02-04,2027-02-04,,Claire Knight,,,Claire Knight,claire.knight2@staffs.nhs.uk,"Leek and Biddulph PCN
Wharf Road
Biddulph Staffordshire ST8 6AG",DD,Monthly,Remote,,,,,,,,,,,,,
Barking & Dagenham NNHIP comms support,,,Strategic,Digital & Transformation,5000,2026-02-05,New,Won (100%),Closed Won,Matt Murphy,Neighbourhood,Word of mouth,100%,In forecast,,,2026-01-26,,,,,,,,,,,,,,,,,,,,,,,,,,,,,,,
The Densham Surgery,,,SMMS,Patient Communications,600,2026-02-06,New,Won (100%),Closed Won,Cameron Booth,Practice,Existing customer relations,100%,In forecast,,,2026-02-04,,,,,,,2026-02-05,2027-02-05,,Nesin Robson,,,Nesin Robson,nesin.robson2@nhs.net,"Densham Surgery
Lawson Street Health Center
Stockton-in-Tees Co Durham TS18 1HU",DD,Monthly,Remote,,,,,,,,,,,,,
Penistone Group Practice,,,SMMS,Patient Communications,480,2026-02-09,New,Won (100%),Closed Won,Cameron Booth,Practice,Existing customer relations,100%,In forecast,,,2026-01-06,,,,,,,2026-05-29,2027-05-28,,Donna Parker,,,Donna Parker,donna.parker26@nhs.net,"Penistone Group Practice
19 High St. Penistone
Barnsley South Yorkshire S36 6BR",DD,Monthly,Remote,,,,,,,,,,,,,
"CFH - market access, service delivery partnership",,,Partnerships,Deployment & Partnerships,2000,2026-02-10,New,Won (100%),Closed Won,Dillon Sykes,Partner,Employee Referral,100%,In forecast,,,2025-11-12,,,,,,,,,,,,,,,,,,,,,,,,,,,,,,,
St Clements Surgery,,,SMMS,Patient Communications,900,2026-02-10,New,Won (100%),Closed Won,Cameron Booth,Practice,Existing customer relations,100%,In forecast,,,2026-02-10,,,,,,,2026-02-10,2027-02-10,,Tania Houghton,,,Tania Houghton,tania.houghton@nhs.net,"St Clements Surgery, 
28 Upper Brook Street, 
Winchester, 
Hampshire
SO23 8DG",DD,Monthly,Remote,,,,,,,,,,,,,
Wigan Council - Public Health work,,,Public Health,Digital & Transformation,24600,2026-02-17,New,Won (100%),Closed Won,Dillon Sykes,Local Authority,Employee Referral,100%,In forecast,,,2025-11-21,,,,,,,,,,,,,,,,,,,,,,,,,,,,,,,
OneAdvanced N Ireland (Docman Delivery),,,Partnerships,Deployment & Partnerships,542246,2026-02-18,New,Won (100%),Closed Won,Dan H,Partner,Partner,100%,In forecast,,,2025-09-01,,,,,,,,,,,,,,,,,,,,,,,,,,,,,,,
OneAdvanced N Ireland (Docman Training),,,Partnerships,Deployment & Partnerships,48600,2026-02-18,New,Won (100%),Closed Won,Dan H,Partner,Partner,100%,In forecast,,,2025-12-17,,,,,,,,,,,,,,,,,,,,,,,,,,,,,,,
Creggan Family Practice,,,SMMS,Patient Communications,600,2026-02-20,New,Won (100%),New Opportunity,Cameron Booth,Practice,Existing customer relations,100%,In forecast,,,2026-02-19,,,,,,,2026-02-20,2027-02-19,,Ryan Power,,,Ryan Power,ryanpower03@gmail.com,"CREGGAN FAMILY PRACTICE
RATH MOR CENTRE
DERRY DERRY BT480LZ",DD,Monthly,Remote,,,,,,,,,,,,,
Thorndike Partnership,,,SMMS,Patient Communications,1200,2026-02-23,New,Won (100%),New Opportunity,Cameron Booth,Practice,Existing customer relations,100%,In forecast,,,2026-02-11,,,,,,,2026-02-23,2027-02-23,,Ashley Wilton,,,Ashley Wilton,ashley.wilton3@nhs.net,"Thorndike Partnership, 
Thorndike Medical Centre, 
Longley Road, Rochester, Kent, ME1 2TH.",DD,Monthly,Remote,,,,,,,,,,,,,
Engage Health - Market Access Network,,,Partnerships,Deployment & Partnerships,2000,2026-02-24,New,Won (100%),Closed Won,Dillon Sykes,Partner,Word of mouth,100%,In forecast,,,2026-02-12,,,,,,,,,,,,,Claire Flynn,claire.flynn@engagehealth.uk,,,,,,,,,,,,,,,,,
Herts Health Check Resources,,,Creative,Patient Communications,5000,2026-02-25,New,Won (100%),New Opportunity,Richard Stoddart,Local Authority,Existing customer relations,100%,In forecast,,,2026-02-23,,,,,,,,,,,,,,,,,,,,,,,,,,,,,,,
Hertfordshire - Smoke Free Camaign Part 2,,,Creative,Patient Communications,6000,2026-02-25,New,Won (100%),New Opportunity,Richard Stoddart,Local Authority,Existing customer relations,100%,In forecast,,,2025-11-11,,,,,,,,,,,,,,,,,,,,,,,,,,,,,,,
NW Leadership Academy 2,,,Creative,Patient Communications,685,2026-02-26,Renewal,Won (100%),New Opportunity,Richard Stoddart,Local Authority,Local Event,100%,In forecast,,,2026-02-26,,,,,,,,,,,,,,,,,,,,,,,,,,,,,,,
Carn to Coast Health Centres,,,SMMS,Patient Communications,960,2026-02-27,New,Won (100%),New Opportunity,Cameron Booth,Practice,Personal email campaign,100%,In forecast,,,2026-02-10,,,,,,,2026-03-09,2028-03-09,,Wendy George,,,Wendy George,wendy.george3@nhs.net,"Carn to Coast Health Centres
Station Road
Pool Cornwall TR15 3DU",DD,Monthly,Remote,,,,,,,,,,,,,
Budleigh Salterton Medical,,,SMMS,Patient Communications,300,2026-02-27,New,Won (100%),New Opportunity,Richard Stoddart,Practice,Personal email campaign,100%,In forecast,,,2026-02-27,,,,,,,,,,Budleigh Salterton Medical Centre,,,Mrs Deborah Mitchell,debbie.mitchell3@nhs.net,"1 The Lawn
Budleigh Salterton Devon EX9 6LS",Invoice,One off,,,,,,,,,,,,,,
SMS Medical Practice,,,AI,Patient Communications,240,2026-03-03,New,Won (100%),New Opportunity,Liam Wright,Practice,Existing customer relations,100%,In forecast,,,2026-01-28,,,,,,,,,,,,,,,,,,,,,,,,,,,,,,,
Southport and Formby PCN,,,SMMS,Patient Communications,600,2026-03-03,New,Won (100%),New Opportunity,Cameron Booth,PCN,Existing customer relations,100%,In forecast,,,2026-03-03,,,,,,,2026-04-01,2027-04-01,,Matty Smith,,,Matty Smith,matthew.smith147@nhs.net,"Southport and Formby Health
3 Wight Moss Way, Southport Business Park
Southport Merseyside PR84HQ",Invoice,Annual,Remote,,,,,,,,,,,,,
SE Shropshire PCN,,,DTMS,Digital & Transformation,61112,2026-03-05,New,Won (100%),Closed Won,Dillon Sykes,PCN,Help Desk,100%,In forecast,,,2026-02-19,,,,,,,,,,,,,Amanda Lloyd,,,,,,,,,,,,,,,,,,
Kingsway Medical Practice,,,SMMS,Patient Communications,960,2026-03-05,New,Won (100%),New Opportunity,Cameron Booth,Practice,Personal email campaign,100%,In forecast,,,2026-01-28,,,,,,,2026-02-24,2028-02-24,,Jane Winstanley,,,Jane Winstanley,jane.winstanley@nhs.net,"Dr Sharon Whitehead and Dr Rehana Jan t/a Kingsway Medical Practice
720 Burnage Lane
Manchester Greater Manchester M19 1UG",DD,Monthly,Remote,,,,,,,,,,,,,
Moorlands Surgery,,,SMMS,Patient Communications,480,2026-03-05,New,Won (100%),New Opportunity,Cameron Booth,Practice,Existing customer relations,100%,In forecast,,,2026-01-09,,,,,,,2026-03-05,2027-03-05,,Lucy Smith,,,Lucy Smith,lucy.smith25@nhs.net,"Moorlands Surgery, 
139a Willow Road, 
Darlington, 
Co Durham, 
DLZ 2DZ",DD,Monthly,Remote,,,,,,,,,,,,,
Rockcliffe Court Surgery,,,SMMS,Patient Communications,300,2026-03-09,New,Won (100%),New Opportunity,Richard Stoddart,Practice,Personal email campaign,100%,In forecast,,,2026-03-09,,,,,,,,,,Rockliffe Court Surgery,,,Lucy Calvert,lcalvert@nhs.net,"Hurworth PLace
Darlington Co Durham DL2 2DS",Invoice,Annual,Remote,,,,,,,,,,,,,
Kent and Medway AI Avatars,,,AI,Patient Communications,1500,2026-03-09,New,Won (100%),Contract Sent,Richard Stoddart,Practice,Personal email campaign,100%,In forecast,,,2026-03-04,,,,,,,,,,NHS KENT & MEDWAY ICB,,,ASIA PAINE,asia.paine@nhs.net,"NHS KENT AND MEDWAY ICB
QKS000 PAYABLES N115
PO BOX 312
LEEDS
LS11 1HP",Invoice,One off,Remote,,,,,,,,,,,,,
Centre Practice,,,SMMS,Patient Communications,300,2026-03-09,New,Won (100%),Contract Sent,Richard Stoddart,Practice,Personal email campaign,100%,In forecast,,,2026-03-09,,,,,,,,,,Centre Practice,,,Sue Crowley,sue.crowley@nhs.net,"Centre Practice, The Health Centre, Osborn Road
Fareham Hampshire PO16 7ER",Invoice,Annual,Remote,,,,,,,,,,,,,
Lower Farm Health Centre & Ambar Medical Centre,,,SMMS,Patient Communications,1200,2026-03-09,New,Won (100%),New Opportunity,Cameron Booth,Practice,Website,100%,In forecast,,,2026-02-26,,,,,,,2026-03-09,2027-03-09,,Shamraze Zeb,,,Shamraze Zeb,zeb.shamraze@nhs.net,"Ambar Medical Centre
Milton House
151 Wednesbury Road West Midlands 
WS14JQ",DD,Monthly,Remote,,,,,,,,,,,,,
Roehampton Surgery,,,SMMS,Patient Communications,600,2026-03-09,New,Won (100%),New Opportunity,Cameron Booth,Practice,Website,100%,In forecast,,,2026-03-09,,,,,,,2026-03-31,2027-03-31,,Praj Nirmalan,,,Praj Nirmalan,p.nirmalan@nhs.net,"The Roehampton Surgery
191 Roehampton Lane
London London SW15 4HN",DD,Monthly,Remote,,,,,,,,,,,,,
Suvera partnership,,,Partnerships,Deployment & Partnerships,1400,2026-03-10,New,Won (100%),Closed Won,Dillon Sykes,Partner,BP Birmingham,100%,In forecast,,,2025-11-12,,,,,,,,,,,,,,,,,,,,,,,,,,,,,,,
Garstang Medical,,,SMMS,Patient Communications,300,2026-03-10,New,Won (100%),Contract Sent,Richard Stoddart,Practice,Personal email campaign,100%,In forecast,,,2026-03-10,,,,,,,,,,Garstang Medical Practice,,,Julie Riding,julie.riding1@nhs.net,Kepple Lane Garstang PR3 1PB,Invoice,Annual,Remote,,,,,,,,,,,,,
Derry GP Federation,,,SMMS,Patient Communications,2400,2026-03-12,New,Won (100%),New Opportunity,Cameron Booth,Practice,Existing customer relations,100%,In forecast,,,2026-01-23,,,,,,,2026-03-09,2027-03-09,,Jacintha Okane,,,Jacintha Okane,jacintha.okane@Westernfsu.co.uk,"Derry GP Federation,
Unit 7 Glenaden Complex, 
Altnagelvin Industria, Derry/LDerry, 
BT472ED",DD,Monthly,Remote,,,,,,,,,,,,,
Mosaic PCN,,,D&T Core Support,Digital & Transformation,1000,2026-03-12,New,Won (100%),Proposal Sent,Tom Owen,PCN,Marketing campaign,100%,In forecast,,,2025-03-31,,,,,,,2025-03-17,2027-03-31,,,,,,,,Invoice,,,,,,karla.higgs1@nhs.net,,,,,,,,,
Theatre Royal Pharmacy & Cosmas Pharmacy,,,SMMS,Patient Communications,1440,2026-03-12,New,Won (100%),New Opportunity,Cameron Booth,Pharmacy,Existing customer relations,100%,In forecast,,,2026-03-09,,,,,,,2026-03-09,2027-03-09,,Sarah Falkingham,,,Sarah Falkingham,s.falkingham@nhs.net,"Theatre Royal Pharmacy,
27 Theatre Street, 
Dereham, 
Norfolk, 
NR19 2EN",DD,Monthly,Remote,,,,,,,,,,,,,
Herts Smoke Free,,,Creative,Patient Communications,20000,2026-03-12,New,Won (100%),New Opportunity,Richard Stoddart,Local Authority,Existing customer relations,100%,In forecast,,,2026-03-06,,,,,,,,,,,,,,,,,,,,,,,,,,,,,,,
Falcon Rd Medical Centre - Practice Branding,,,Creative,Patient Communications,350,2026-03-13,New,Won (100%),New Opportunity,Paul Galley,Practice,Personal email campaign,100%,In forecast,,,2026-03-13,,,,,,,,,,,,,,,,,,,,,,,,,,,,,,,
Wansford Surgery,,,SMMS,Patient Communications,360,2026-03-13,New,Won (100%),New Opportunity,Cameron Booth,Practice,Existing customer relations,100%,In forecast,,,2026-03-13,,,,,,,2026-04-01,2027-04-01,,Annette Johnson,,,Annette Johnson,annette.johnson3@nhs.net,"Wansford and Kings Cliffe Practice
Yarwell Road
Wansford Cambs PE8 6PL",DD,Monthly,Remote,,,,,,,,,,,,,
Chapelfield Medical Centre,,,SMMS,Patient Communications,600,2026-03-16,New,Won (100%),New Opportunity,Cameron Booth,Practice,Existing customer relations,100%,In forecast,,,2026-03-05,,,,,,,2026-05-29,2027-05-31,,Joanne Perry,,,Joanne Perry,joanne.perry2@nhs.net,"Chapelfield Medical Centre
Mayflower Way, Wombwell
Barnsley South Yorkshire S73 0AJ",DD,Monthly,Remote,,,,,,,,,,,,,
Boundary House Surgery,,,SMMS,Patient Communications,300,2026-03-16,New,Won (100%),Contract Sent,Richard Stoddart,Practice,Personal email campaign,100%,In forecast,,,2026-03-16,,,,,,,,,,Boundary House Surger,,,Madge Jones,madge.jones2@nhs.net,"Forest Primary Care Centre, 308a Hertford Road, Edmonton
London N9 7HD",Invoice,Annual,Remote,,,,,,,,,,,,,
"Balham, Tooting & Furzedown",,,SMMS,Patient Communications,2250,2026-03-16,New,Won (100%),Contract Sent,Richard Stoddart,PCN,Personal email campaign,100%,In forecast,,,,,,,,,,,,,"Balham, Tooting & Furzedown",,,Shelby Lawrence,shelby.lawrence@nhs.net,"120 Bedford Hill
London Greater London SW12 9HS",Invoice,Annual,Remote,,,,,,,,,,,,,
North West Leadership - Animations,,,Creative,Patient Communications,1800,2026-03-19,New,Won (100%),New Opportunity,Richard Stoddart,ICB,Existing customer relations,100%,In forecast,,,2026-03-06,,,,,,,,,,,,,,,,,,,,,,,,,,,,,,,
Doncaster NW PCN - BHF Bid,,,Public Health,Digital & Transformation,62500,2026-03-19,New,Won (100%),Closed Won,Dillon Sykes,PCN,Existing customer relations,100%,In forecast,,,2025-10-23,,,,,,,,,,,,,,,,,,,,,,,,,,,,,,,
Cherry Hinton & Maple Surgery,,,SMMS,Patient Communications,720,2026-03-19,New,Won (100%),New Opportunity,Cameron Booth,Practice,Existing customer relations,100%,In forecast,,,2026-03-19,,,,,,,2026-04-01,2027-04-01,,Andrew Lowe,,,Andrew Lowe,andrew.lowe2@nhs.net,"Cambs GP Network
Unit F1 - Stirling House, Cambridge Innovation Park, Denny End Road
Waterbeach Cambridgeshire CB25 9PB",DD,Monthly,Remote,,,,,,,,,,,,,
Selnash PCN,,,SMMS,Patient Communications,2880,2026-03-19,New,Won (100%),New Opportunity,Cameron Booth,PCN,Existing customer relations,100%,In forecast,,,2026-02-19,,,,,,,2026-04-01,2027-04-01,,Tracy Ford,,,Tracy Ford,tracy.ford1@nhs.net,"Selnash PCN
53 Farley Road
South Croydon Surrey CR2 7NG",DD,Monthly,Remote,,,,,,,,,,,,,
Bowling Hall Medical Practice,,,SMMS,Patient Communications,720,2026-03-20,New,Won (100%),New Opportunity,Cameron Booth,Practice,Website,100%,In forecast,,,2026-03-18,,,,,,,2026-03-18,2027-03-18,,Sian Nicholson,,,Sian Nicholson,Sian.Nicholson@bradford.nhs.uk  - Sian.Nicholson@bradford.nhs.uk,"Bowling Highfield Medical Practice
Rooley Lane
rooley lane Bradford BD47SS",DD,Monthly,Remote,,,,,,,,,,,,,
St Mary’s Surgery and Priors Field Surgery,,,SMMS,Patient Communications,720,2026-03-20,New,Won (100%),New Opportunity,Cameron Booth,Practice,Existing customer relations,100%,In forecast,,,2026-03-20,,,,,,,2026-04-01,2027-04-01,,Tony Davies,,,Tony Davies,tony.davies7@nhs.net,"St Marys Surgery
37 St Mary's Street
Ely Cambs CB6 3DX",DD,Monthly,Remote,,,,,,,,,,,,,
Mereside Medical,,,SMMS,Patient Communications,450,2026-03-20,New,Won (100%),New Opportunity,Cameron Booth,Practice,Existing customer relations,100%,In forecast,,,2026-03-17,,,,,,,2026-04-01,2027-04-01,,Ellie Cousins,,,Ellie Cousins,cpicb.meresideaccounts@nhs.net,"Mereside Medical
Staploe Medical Centre
Brewhouse Lane Soham CB7 5JD",DD,Monthly,Remote,,,,,,,,,,,,,
GP Reg - NHSE (TPP Wave 1),,,Strategic,Digital & Transformation,166000,2026-03-20,New,Won (100%),Closed Won,Dillon Sykes,National NHS,Word of mouth,100%,In forecast,,,2026-01-20,,,,,,,,,,,,,,,,,,,,,,,,,,,,,,,
The Clanfield Practice,,,SMMS,Patient Communications,300,2026-03-22,New,Won (100%),Contract Sent,Richard Stoddart,Practice,Cold Email,100%,In forecast,,,2026-03-17,,,,,,,,,,The Clanfield Practice,,,Claire Jelley,claire.jelley@nhs.net,"2 White Dirt Lane, Clanfield
Waterlooville Hants PO8 0Q",Invoice,Annual,Remote,,,,,,,,,,,,,
ALMOND ROAD SURGERY,,,SMMS,Patient Communications,300,2026-03-24,New,Won (100%),New Opportunity,Cameron Booth,Practice,Existing customer relations,100%,In forecast,,,2026-03-23,,,,,,,2026-04-01,2027-04-01,,Louise Crisp,,,Louise Crisp,louise.crisp@nhs.net,"ALMOND ROAD SURGERY
ALMOND ROAD
ST NEOTS CAMBRIDGESHIRE PE19 1DZ",DD,Monthly,Remote,,,,,,,,,,,,,
Mercheford House,,,SMMS,Patient Communications,300,2026-03-24,New,Won (100%),New Opportunity,Cameron Booth,Practice,Existing customer relations,100%,In forecast,,,2026-03-24,,,,,,,2026-04-01,2027-04-01,,Tracey Clarke,,,Tracey Clarke,traceyclarke@nhs.net,"Mercheford House
28 Elwyn Road
March Cambridgeshire PE15 9BY",DD,Monthly,Remote,,,,,,,,,,,,,
Bourn Surgery,,,SMMS,Patient Communications,300,2026-03-25,New,Won (100%),New Opportunity,Cameron Booth,Practice,Existing customer relations,100%,In forecast,,,2026-03-24,,,,,,,2026-04-01,2027-04-01,,Samantha Sales,,,Samantha Sales,samantha.sales1@nhs.net,"Bourn Surgery
25 Alms Hill
Bourn Cambridge CB23 2SH",DD,Monthly,Remote,,,,,,,,,,,,,
Tone Valley PCN,,,SMMS/AI,Patient Communications,3000,2026-03-25,New,Won (100%),New Opportunity,Liam Wright,PCN,BP Birmingham,100%,In forecast,,,2026-02-03,,,,,,,,,,Kathryn Kyle,,,Kathryn Kyle,kathryn.kyle@nhs.net,,,,,,,,,,,,,,,,,
PRIORY FIELDS SURGERY,,,SMMS,Patient Communications,360,2026-03-25,New,Won (100%),New Opportunity,Cameron Booth,Practice,Existing customer relations,100%,In forecast,,,2026-03-25,,,,,,,2026-04-01,2027-04-01,,Emily Ross,,,Emily Ross,emily.ross@nhs.net,"Priory Fields Partnership
Doctors Surgery, Nursery Road
Huntingdon Cambs PE29 3RL",DD,Monthly,Remote,,,,,,,,,,,,,
Higherfolds Community Centre,,,SMMS,Patient Communications,499,2026-03-26,New,Won (100%),New Opportunity,Richard Stoddart,Neighbourhood,Cold Email,100%,In forecast,,,2026-03-26,,,,,,,,,,Higher Folds Community Centre and Early Years Nursery,,,Mr David Rainford,dave@higherfolds.co.uk,"Stirling Close
Higher Folds Leigh WN7 2UB",Invoice,Annual,Remote,,,,,,,,,,,,,
MERCHEFORD HOUSE,,,SMMS,Patient Communications,450,2026-03-26,New,Won (100%),New Opportunity,Cameron Booth,Practice,Existing customer relations,100%,In forecast,,,2026-03-26,,,,,,,2026-04-01,2027-04-01,,Tracey Clarke,,,Tracey Clarke,traceyclarke@nhs.net,"Mercheford House
28 Elwyn Road
March Cambridgeshire PE15 9BY",DD,Monthly,Remote,,,,,,,,,,,,,
Herts Smoke Free -  Part 2,,,Creative,Patient Communications,14000,2026-03-26,New,Won (100%),New Opportunity,Richard Stoddart,Local Authority,Existing customer relations,100%,In forecast,,,2026-02-25,,,,,,,,,,,,,,,,,,,,,,,,,,,,,,,
Bretton Park Healthcare,,,SMMS,Patient Communications,360,2026-03-26,New,Won (100%),New Opportunity,Cameron Booth,PCN,Existing customer relations,100%,In forecast,,,2026-03-26,,,,,,,2026-04-01,2027-04-01,,Baiba Jirgensone,,,Baiba Jirgensone,baiba.jirgensone@nhs.net,"Bretton Park Healthcare
Rightwell East, Bretton
Peterborough Cambs PE3 8DT",DD,Monthly,Remote,,,,,,,,,,,,,
Trinity Surgery,,,SMMS,Patient Communications,450,2026-03-26,New,Won (100%),New Opportunity,Cameron Booth,Practice,Existing customer relations,100%,In forecast,,,2026-03-26,,,,,,,2026-04-01,2027-04-01,,Kate Wing,,,Kate Wing,kate.wing@nhs.net,"Trinity Surgery
29 St Augustines Road
Wisbech Cambs PE13 3UZ",DD,Monthly,Remote,,,,,,,,,,,,,
KIMBOLTON MEDICAL CENTRE,,,SMMS,Patient Communications,300,2026-03-27,New,Won (100%),New Opportunity,Cameron Booth,Practice,Existing customer relations,100%,In forecast,,,2026-03-25,,,,,,,2026-04-01,2027-04-01,,Nikki Yeoman,,,Nikki Yeoman,nikkiyeoman@nhs.net,"Kimbolton Medical Centre
Hunters Way
Kimbolton Cambridgshire PE28 0JF",DD,Monthly,Remote,,,,,,,,,,,,,
Milton Surgery,,,SMMS,Patient Communications,300,2026-03-27,New,Won (100%),New Opportunity,Cameron Booth,Practice,Existing customer relations,100%,In forecast,,,2026-03-26,,,,,,,2026-04-01,2027-04-01,,Catherine White,,,Catherine White,catherine.white47@nhs.net,"Milton surgery
87 Coles Road
Milton Cambridge CB24 6BL",DD,Monthly,Remote,,,,,,,,,,,,,
CLIFTON MEDICAL CENTRE,,,SMMS,Patient Communications,600,2026-03-27,New,Won (100%),New Opportunity,Cameron Booth,Practice,Existing customer relations,100%,In forecast,,,2026-03-27,,,,,,,2026-06-01,2027-06-01,,Denise Hicks,,,Denise Hicks,denise.hicks2@nhs.net,"Clifton Medical Centre
Doncaster Gate
Rotherham South Yorkshire S65 1DA",DD,Monthly,Remote,,,,,,,,,,,,,
Riverport Medical Practice,,,SMMS,Patient Communications,600,2026-03-27,New,Won (100%),New Opportunity,Cameron Booth,Practice,Existing customer relations,100%,In forecast,,,2026-03-26,,,,,,,2026-04-01,2027-04-01,,Andy Stephens,,,Andy Stephens,andy.stephens1@nhs.net,"Riverport Medical Practice, 
Constable Road, 
St Ives, Cambridgeshire, PE27 3ER.",DD,Monthly,Remote,,,,,,,,,,,,,
Beechwood Surgery,,,SMMS,Patient Communications,300,2026-03-30,New,Won (100%),Contract Sent,Richard Stoddart,Practice,Cold Email,100%,In forecast,,,2026-03-30,,,,,,,,,,Beechwood Surger,,,Clare Mulhall,clare.mulhall3@nhs.net,"155 Victoria Road East
Thornton Cleveleys Lancs FY5 5HH",Invoice,Annual,Remote,,,,,,,,,,,,,
Fremington,,,SMMS,Patient Communications,300,2026-03-30,New,Won (100%),Contract Sent,Richard Stoddart,Practice,Cold Email,100%,In forecast,,,2026-03-26,,,,,,,,,,Fremington Medical Centre,,,Kate Graddock,k.graddock@nhs.net,"11-13 Beards Road, Fremington
Barnstaple Devon EX312PG",Invoice,Annual,Remote,,,,,,,,,,,,,
Alconbury & Brampton Surgeries,,,SMMS,Patient Communications,510,2026-03-30,New,Won (100%),New Opportunity,Cameron Booth,Practice,Existing customer relations,100%,In forecast,,,2026-03-27,,,,,,,2026-04-01,2027-04-01,,Melanie Gearing,,,Melanie Gearing,melanie.gearing@nhs.net,"Alconbury & Brampton Surgeries
The Surgery
school lane cambridgeshire pE28 4EQ",DD,Monthly,Remote,,,,,,,,,,,,,
3 Lower Broughton Medical Practice,,,SMMS,Patient Communications,720,2026-03-31,New,Won (100%),New Opportunity,Cameron Booth,Practice,Personal email campaign,100%,In forecast,,,2026-01-06,,,,,,,2026-03-06,2027-03-05,,Debbie Regan,,,Debbie Regan,debbie.regan@nhs.net,"Dr A Chaudrhy & Dr I Jheet,
Lower Broughton Health Centre, 
Great Clowes Street, 
Lancs,
M7 1RD",DD,Monthly,Remote,,,,,,,,,,,,,
SHIREGREEN MEDICAL CENTRE,,,SMMS,Patient Communications,600,2026-03-31,New,Won (100%),New Opportunity,Cameron Booth,Practice,Existing customer relations,100%,In forecast,,,2026-03-27,,,,,,,2026-06-01,2027-06-01,,Rachel Crossley,,,Rachel Crossley,rachel.crossley4@nhs.net,"Shiregreen Medical Centre
492 Bellhouse Rd
Shiregreen, 
South Yorkshire, 
S5 0RG.",DD,Monthly,Remote,,,,,,,,,,,,,
Wellside Surgery,,,SMMS,Patient Communications,300,2026-04-01,New,Won (100%),New Opportunity,Cameron Booth,Practice,Existing customer relations,100%,In forecast,,,2026-04-01,,,,,,,2026-04-01,2027-04-01,,Claire Wright,,,Claire Wright,claire.wright2@nhs.net,"Wellside Surgery, 
45 High Street, 
Huntingdon, 
Cambs,
PE28 5SU.",DD,Monthly,Remote,,,,,,,,,,,,,
PRIORY FIELDS SURGERY,,,SMMS,Patient Communications,360,2026-03-25,New,Won (100%),New Opportunity,Cameron Booth,Practice,Existing customer relations,100%,In forecast,,,2026-05-11,,,,,,,2026-04-01,2027-04-01,,Emily Ross,,,Emily Ross,emily.ross@nhs.net,"Priory Fields Partnership
Doctors Surgery, Nursery Road
Huntingdon Cambs PE29 3RL",DD,Monthly,Remote,,,,,,,,,,,,,
The Spinney Surgery,,,SMMS,Patient Communications,300,2026-04-01,New,Won (100%),New Opportunity,Cameron Booth,Practice,Existing customer relations,100%,In forecast,,,2026-04-01,,,,,,,2026-04-01,2027-04-01,,Rachel Smith,,,Rachel Smith,rachel.smith226@nhs.net,"Spinney Surgery
Ramsey Road
St Ives Cambridgeshire PE27 3TP",DD,Monthly,Remote,,,,,,,,,,,,,
Derry GP Fed 3 x additional practices,,,SMMS,Patient Communications,1440,2026-04-01,New,Won (100%),New Opportunity,Cameron Booth,GP Federation,Existing customer relations,100%,In forecast,,,2026-03-31,,,,,,,2026-03-31,2027-03-31,,Leeann Monk-Özgül,,,Leeann Monk-Özgül,Leeann.Monk-ozgul@westernfsu.co.uk,"Derry GP Federation
Altnagelvin business park
Derry Derry BT482DE",DD,Monthly,Remote,,,,,,,,,,,,,
ELC Branding,,,Creative,Patient Communications,350,2026-04-02,New,Won (100%),New Opportunity,Richard Stoddart,Practice,Employee Referral,100%,In forecast,,,2026-04-02,,,,,,,,,,,,,,,,,,,,,,,,,,,,,,,
ASA Medical Group,,,SMMS,Patient Communications,300,2026-04-02,New,Won (100%),Contract Sent,Richard Stoddart,Practice,Cold Email,100%,In forecast,,,2026-03-31,,,,,,,,,,ASA Medical Group,,,Claire Oxley,claire.oxley4@nhs.net,"Mere Lane, Armthorpe
Doncaster South Yorkshire DN3 2DB",Invoice,One off,Remote,,,,,,,,,,,,,
Grove Medical Practice,,,SMMS,Patient Communications,360,2026-04-02,New,Won (100%),New Opportunity,Cameron Booth,Practice,Existing customer relations,100%,In forecast,,,2026-03-31,,,,,,,2026-04-01,2027-04-01,,Simon Stitson,,,Simon Stitson,simon.stitson@nhs.net,"Grove Medical Practice
Cromwell Place
St Ives Cambs PE27 5JD",DD,Monthly,Remote,,,,,,,,,,,,,
Chapelfield - AI Batch VIdeos,,,AI,Patient Communications,550,2026-04-02,New,Won (100%),Contract Sent,Richard Stoddart,Practice,Hull,100%,In forecast,,,2026-03-26,,,,,,,,,,,,,Sam Dye,s.dye@nhs.net,"Chapelfield Medical centre
Mayflower Way, Wombwel",Invoice,One off,Remote,,,,,,,,,,,,,
Ellison View Surgery,,,SMMS,Patient Communications,360,2026-04-02,New,Won (100%),New Opportunity,Cameron Booth,Practice,Existing customer relations,100%,In forecast,,,2026-04-02,,,,,,,2026-04-04,2027-04-04,,Samantha Iveson,,,Samantha Iveson,samantha.iveson@nhs.net,"Ellison View Surgery, 
The Glen Primary Care Centre, 
Hebbum, 
South Tyneside,
NE31 1NU.",DD,Monthly,Remote,,,,,,,,,,,,,
ST. GEORGE'S MEDICAL CENTRE,,,SMMS,Patient Communications,300,2026-04-07,New,Won (100%),New Opportunity,Cameron Booth,Practice,Existing customer relations,100%,In forecast,,,2026-03-27,,,,,,,2026-04-01,2027-04-01,,Julie Coote,,,Julie Coote,julie.coote@nhs.net,"St George's Medical Centre
2a Parsons Lane,
Littleport Cambs CB6 1JU",DD,Monthly,Remote,,,,,,,,,,,,,
RAMSEY HEALTH CENTRE,,,SMMS,Patient Communications,300,2026-04-07,New,Won (100%),New Opportunity,Cameron Booth,Practice,Existing customer relations,100%,In forecast,,,2026-04-07,,,,,,,2026-04-07,2027-04-07,,Georgie Weir,,,Georgie Weir,georgie.weir@nhs.net,"Ramsey Health Centre Partnership
Mews Close, Ramsey
Huntingdon Cambridgeshire PE26 1BP",DD,Monthly,Remote,,,,,,,,,,,,,
CLARKSON SURGERY,,,SMMS,Patient Communications,300,2026-04-07,New,Won (100%),New Opportunity,Cameron Booth,Practice,Existing customer relations,100%,In forecast,,,2026-04-02,,,,,,,2026-04-01,2027-04-01,,Terri Zeferino,,,Terri Zeferino,t.zeferino@nhs.net,"Clarkson Surgery
De Havilland Road
Wisbech
Cambs
PE13 3AN",DD,Monthly,Remote,,,,,,,,,,,,,
Hockley Farm Medical Practice,,,SMMS,Patient Communications,480,2026-04-07,New,Won (100%),New Opportunity,Cameron Booth,Practice,Personal email campaign,100%,In forecast,,,2025-09-05,,,,,,,2026-04-07,2027-04-07,,Seema Parbat,,,Seema Parbat,seema.parbat@nhs.net,"Hockley Farm Medical Practice
39 Hockley Farm Road
Leics East Midlands LE3 1HN",DD,Monthly,Remote,,,,,,,,,,,,,
Swavesey Surgery,,,SMMS,Patient Communications,300,2026-04-08,New,Won (100%),New Opportunity,Cameron Booth,Practice,Existing customer relations,100%,In forecast,,,2026-03-26,,,,,,,2026-04-08,2027-04-08,,Lorna Gardiner,,,Lorna Gardiner,	lorna.gardiner@nhs.net - lorna.gardiner@nhs.net,"Swavesey Surgery
58 Boxworth End
Swavesey Cambridge CB24 4RA",DD,Monthly,Remote,,,,,,,,,,,,,
Hyndburn Central PCN - Bowl Cancer Roller Banner,,,Creative,Patient Communications,75,2026-04-10,New,Won (100%),New Opportunity,Richard Stoddart,PCN,Existing customer relations,100%,In forecast,,,2026-04-10,,,,,,,,,,,,,,,,,,,,,,,,,,,,,,,
Doncaster North PCN,,,SMMS,Patient Communications,1800,2026-04-16,New,Won (100%),Contract Sent,Richard Stoddart,Practice,Cold Email,100%,In forecast,,ashley.crowson@nhs.net,2026-03-31,,2026-04-17,,,,,,,,Doncaster North PCN,,,Nikki Errington,nikki.errington@nhs.net,"Park View Surgery, Newton Lane, Sprotbrough Doncaster South Yorkshire DN5 8D",Invoice,Annual,Remote,,,,,,,,,,,,,
Haughton Thornley Medical Centres,,,SMMS,Patient Communications,1440,2026-04-16,Renewal,Won (100%),New Opportunity,Cameron Booth,Practice,Existing customer relations,100%,In forecast,,,2025-03-31,,,,,,,2026-04-16,2028-04-16,,Rachel Hirst,,,Rachel Hirst,Rachel.hirst7@nhs.net,"Haughton Thornley Medical Centre
9 Thornley street
Hyde
Cheshire
SK14 1JY",DD,Monthly,Remote,,,,rachel.hirst7@nhs.net,,,,,,,,,
Priory Fields Surgery,,,List Growth,Patient Communications,24000,2026-05-11,New,Won (100%),Closed Won,Cameron Booth,Practice,LG1 webinar,100%,In forecast,,,2026-04-20,2026-04-22,,,,,,2026-05-01,2027-05-01,,Chelsea Wilson,,,Chelsea Wilson,chelsea.wilson@nhs.net,"Priory Fields Partnership
Doctors Surgery, Nursery Road
Huntingdon Cambs PE29 3RL",DD,Monthly,Remote,,,,,,,,,,,,,
Wentworth,,,SMMS,Patient Communications,300,2026-04-27,New,Won (100%),Contract Sent,Richard Stoddart,Practice,Existing customer relations,100%,In forecast,,,2026-04-27,,,,,,,,,,Jignasha Patel,,,Jignasha Patel,jignasha.patel@nhs.net,"Wentworth Medical Practice
38 Wentworth Avenue London N3 1YL",DD,Monthly,Remote,,,,,,,,,,,,,
Fleet PCN -Miscrosoft co pilot training,,,Training,Digital & Transformation,1500,2026-04-27,New,Won (100%),Closed Won,Dillon Sykes,PCN,Help Desk,100%,In forecast,,,2026-03-06,,,,,,,,,,,,,Mariana Angold,mariana.angold@nhs.net,,,,,,,,,,,,,,,,,
Merrow Park Surgery,,,List Growth,Patient Communications,18000,2026-04-27,New,Won (100%),Closed Won,Cameron Booth,Practice,LG1 webinar,100%,In forecast,,,2026-04-20,2026-04-27,,,,,,2026-06-01,2027-06-01,,Shalini Barnard,,,Shalini Barnard,shalini.barnard1@nhs.net,"Merrow Park Surgery,
Kingfisher Drive,
Merrow,
Guildford,
Surrey,
GU4 7EP",DD,Monthly,Remote,,,,,,,,,,,,,
Aspiro Healthcare,,,SMMS,Patient Communications,660,2026-04-28,New,Won (100%),Contract Sent,Richard Stoddart,Practice,Existing customer relations,100%,In forecast,,,2026-03-02,,,,,,,,,,Aspiro Healthcare Woodsend Medical Centre,,,Aspiro Healthcare Woodsend Medical Centre,claire.allen34@nhs.net,"School Place
Corby Northants NN18 0Q",Invoice,Monthly,Remote,,,,,,,,,,,,,
SMS Medical,,,List Growth,Patient Communications,7200,2026-04-29,New,Won (100%),Closed Won,Cameron Booth,Practice,LG1 webinar,100%,In forecast,,,2026-04-27,2026-04-16,,,,,,2026-04-29,2027-04-29,,Shahla Jamal,,,Shahla Jamal,shahlajamal@nhs.net,"SMS Medical Practice, 
Wembley Centre for Health and Care,
116 Chaplin Road,
Wembley,
Middx,
HA0 4UZ",DD,Monthly,Remote,,,,,,,,,,,,,
Pearl Medical Practice,,,SMMS,Patient Communications,600,2026-04-30,New,Won (100%),Contract Sent,Richard Stoddart,Practice,Webinar,100%,In forecast,,paritamehta@nhs.net,2026-04-30,,2026-05-08,,,,,,,,PEARL MEDICAL PRACTICE,,,PARITA MEHTA,paritamehta@nhs.net,"WEMBLEY CENTRE FOR HEALTH & CARE
116 CHAPLIN ROAD WEMBLEY HA0 4UZ",Invoice,Annual,Remote,,,,,,,,,,,,,
Lane Ends Surgery,,,List Growth,Patient Communications,21000,2026-04-30,New,Won (100%),Closed Won,Cameron Booth,Practice,LG1 campaign,100%,In forecast,,,2026-04-16,,,,,,,2026-04-30,2027-04-30,,Natalie Blackburn,,,Natalie Blackburn,n.blackburn1@nhs.net,"200 Tulketh Brow, Ashton-on-Ribble, Preston PR2 2JJ, United Kingdom",DD,Monthly,Remote,,,,,,,,,,,,,
Greystone MC,,,SMMS,Patient Communications,750,2026-05-01,New,Won (100%),Contract Sent,Richard Stoddart,Practice,Webinar,100%,In forecast,,rebecca.lambe@nhs.net,2026-05-01,,2026-05-08,,,,,,,,Greystones Medical Centre,,,Rebecca Lambe,rebecca.lambe@nhs.net,"33 Greystones Road
Sheffield S Yorks S11 7BJ",Invoice,Annual,,,,,,,,,,,,,,
Excel Primary Care,,,SMMS,Patient Communications,600,2026-05-05,New,Won (100%),Contract Sent,Richard Stoddart,Practice,Employee Referral,100%,In forecast,,elizabeth.mcgowan2@nhs.net,2026-04-08,,2026-05-29,,,,,,,,Excel Primary Care,,,Elizabeth McGowan,elizabeth.mcgowan2@nhs.net,"Birleywood Health Centre
Birleywood Skelmersdale WN8 9BW",Invoice,Annual,Remote,,,,,,,,,,,,,
Boroughbury Medical Centre,,,SMMS,Patient Communications,1440,2026-05-07,New,Won (100%),New Opportunity,Richard Stoddart,Practice,Social Media,100%,In forecast,,k.remedios@nhs.net,2026-04-29,,2026-05-14,,,,,,,,Boroughbury Medical Centr,,,Ms Julie Trig,julie.trigg@nhs.net,"Craig Street
Peterborough Cambs PE1 2EJ",DD,Monthly,Remote,,,,,,,,,,,,,
KINGSWELL SURGERY PMS PRACTICE,,,SMMS,Patient Communications,480,2026-05-07,New,Won (100%),Contract Sent,Richard Stoddart,Practice,Existing customer relations,100%,In forecast,,joanne.swift14@nhs.net,2025-12-12,,,,,,,2026-05-29,2027-05-28,,Jo Swift,,,Jo Swift,joanne.swift14@nhs.net,"40 Shrewsbury Road
Penistone South Yorkshire S36 6DY",Invoice,Annual,Remote,,,,,,,,,,,,,
Queenswood Medical Practice,,,List Growth,Patient Communications,30000,2026-05-07,New,Won (100%),Closed Won,Cameron Booth,Practice,LG1 campaign,100%,In forecast,,,2026-04-27,2026-04-24,,,,,,2026-05-11,2027-05-11,,Shannon Hanbury,,,Shannon Hanbury,shannon.hanbury@nhs.net,"Queenswood Medical Practice
151 Park Road
London
N8 8JD",DD,Monthly,Remote,,,,,,,,,,,,,
Falkland House Surgery,,,SMMS,Patient Communications,600,2026-05-08,Renewal,Won (100%),Contract Sent,Richard Stoddart,Practice,Existing customer relations,100%,In forecast,,zoey.hall@nhs.net,2026-05-08,,2026-05-18,,,,,,,,Falkland House Surgery,,,Zoey Hall,zoey.hall@nhs.net,"2a,  Falkland Road Yorkshire S11 7P",Invoice,Annual,Remote,,,,,,,,,,,,,
OneAdvanced PATCHS training PILOT,,,Partnerships,Deployment & Partnerships,6194,2026-05-08,New,Won (100%),Closed Won,Matt Murphy,Partner,Existing customer relations,100%,In forecast,,,2026-04-20,,,,,,,,,,,,,,,,,,,,,,,,,,,,,,,
Abbeywell Surgery,,,List Growth,Patient Communications,22000,2026-05-11,New,Won (100%),Closed Won,Cameron Booth,Practice,LG1 webinar,100%,In forecast,,,2026-04-27,2026-04-10,,,,,,2026-05-11,2027-05-11,,Leanne Barter,,,Leanne Barter,leanne.barter@nhs.net,"The Abbey, Romsey, SO51 8EN, United Kingdom",DD,Monthly,Remote,,,,,,,,,,,,,
Rustlings Road Medical Centre,,,SMMS,Patient Communications,480,2026-05-11,Renewal,Won (100%),Contract Sent,Richard Stoddart,Practice,Existing customer relations,100%,In forecast,,annie.stones@nhs.net,2026-05-07,,,,,,,,,,Rustlings Road Surger,,,Annie Stones,annie.stones@nhs.net,"105 Rustlings Road
Sheffield South Yorkshire S11 7AB",Invoice,Annual,Remote,,,,,,,,,,,,,
Jai Medical NCL,,,SMMS,Patient Communications,900,2026-05-11,Renewal,Won (100%),Contract Sent,Richard Stoddart,Practice,Existing customer relations,100%,In forecast,,suresh.vaghela@nhs.net,2025-07-31,,2026-05-18,,,,,2026-05-15,2027-05-14,,Suresh Suresh Vaghela,,,Suresh Vaghela,suresh.vaghela@nhs.net,"Jai Medical Centre
114 Edgwarebury Lane
Edgwaare
Middlesex
HA8 8NB",Invoice,Annual,Remote,,,,suresh.vaghela@nhs.net,,,,,,,,,
Jai Medical Centre Brent,,,SMMS,Patient Communications,900,2026-05-11,Renewal,Won (100%),Contract Sent,Richard Stoddart,Practice,Existing customer relations,100%,In forecast,,suresh.vaghela@nhs.net,2025-07-31,,2026-05-18,,,,,2026-05-15,2027-05-14,,Suresh Suresh Vaghela,,,Suresh Vaghela,suresh.vaghela@nhs.net,"Jai Medical Centre (Brent)
82 Staglane
Edgware
Middlesex
HA8 5LP",Invoice,Annual,Remote,,,,suresh.vaghela@nhs.net,,,,,,,,,
Wandsworth Medical Centre,,,SMMS,Patient Communications,200,2026-05-12,New,Won (100%),Contract Sent,Richard Stoddart,Practice,Existing customer relations,100%,In forecast,,tania.schroeder@nhs.net,2026-05-11,,2026-05-15,,,,,,,,Wandsworth Medical Centre,,,Tauseef Ahmed,tauseef.ahmed@capshire.com,"90-92 Garratt Lane Wandsworth London
SW18 4DD",Invoice,Annual,Remote,,,,,,,,,,,,,
Newcastle Outer West PCN,,,SMMS,Patient Communications,3960,2026-05-12,New,Won (100%),Contract Sent,Richard Stoddart,PCN,Personal email campaign,100%,In forecast,,lisa.wooton@nhs.net,2026-04-27,,2026-05-20,,,,,,,,,,,,,,,,,,,,,,,,,,,,,
Station Lane Medical Centre,,,SMMS,Patient Communications,660,2026-05-12,New,Won (100%),Contract Sent,Richard Stoddart,Practice,Existing customer relations,100%,In forecast,,amanda.baxter@nhs.net,2026-03-31,,2026-05-18,,,,,,,,Station Lane Medical Centr,,,Amanda Baxter,amanda.baxter@nhs.net,"Station Lane
Featherstone West Yorkshire WF7 6J",Invoice,Annual,Remote,,,,,,,,,,,,,
Eason Pharmacy,,,Pharmacy SMMS,Patient Communications,600,2026-05-12,Renewal,Won (100%),Contract Sent,Richard Stoddart,Pharmacy,Employee Referral,100%,In forecast,,info@easonpharmacy.com,,,2026-05-26,,,,,2025-06-16,,,Kilcrona Ltd,,,Kieran Eason,info@easonpharmacy.com,"215a Watling Street, Tamworth, B775BB",Invoice,Annual,Remote,,,,,,,,,,,,,Richard Stoddart
North Riding PCN,,,SMMS,Patient Communications,780,2026-05-13,New,Won (100%),Contract Sent,Liam Wright,Practice,Existing customer relations,100%,In forecast,,helen.cheetham2@nhs.net,2026-05-13,,2026-05-18,,,,,,,,North Riding Primary Care Network,,,Helen Cheetham,helen.cheetham2@nhs.net,Ampleforth and Hovingham Surgeries Back Lane North Yorkshire YO62 4EF,DD,Monthly,Remote,,,,,,,,,,,,,
Aspiro,,,SMMS,Patient Communications,600,2026-05-13,New,Won (100%),Contract Sent,Richard Stoddart,Practice,Word of mouth,100%,In forecast,,sam.harper6@nhs.net,2026-05-08,,2026-05-21,,,,,,,,Aspiro Healthcare,,,Sam Mahon,northantsicb.woodsend.finance@nhs.net,"Hollybrook Medical Centre, Hollybrook Way, Littleover
Derby Derbyshire DE233TX",,,,,,,,,,,,,,,,
Tudor Lodge Health Centre,,,List Growth,Patient Communications,24000,2026-05-14,New,Won (100%),Closed Won,Cameron Booth,Practice,LG1 campaign,100%,In forecast,,,2026-04-27,2026-04-22,,,,,,2026-05-25,2027-05-25,,Prash THURAIRATNAM,,,Prash THURAIRATNAM,p.thurairatnam@nhs.net,"8C Victoria Dr, London SW19 6AE, United Kingdom",DD,Monthly,Remote,,,,,,,,,,,,,
Enderley Road Medical Centre,,,SMMS,Patient Communications,600,2026-05-14,New,Won (100%),Contract Sent,Richard Stoddart,Practice,Website,100%,In forecast,,m.raji1@nhs.net,2026-04-30,,2026-05-22,,,,,,,,Enderley Road Medical Centr,,,Mostafa Raji,m.raji1@nhs.net,"41-45 Enderley Road
Harrow UK HA3 5HF",Invoice,Annual,Remote,,,,,,,,,,,,,
Matt Orr Medical Ltd,,,AI,Patient Communications,600,2026-05-14,New,Won (100%),Contract Sent,Richard Stoddart,Practice,Existing customer relations,100%,In forecast,,admin@orrmedical.co.uk,2026-05-13,,2026-05-20,,,,,,,,Orr Medical Ltd,,,Matt Orr,m.raji1@nhs.net - admin@orrmedical.co.uk,"48 Cross Keys Drive, Chorley, PR6 7TF",Invoice,Annual,Remote,,,,,,,,,,,,,
GPS Healthcare - Grow Your Own List Size,,,List Growth,Patient Communications,30000,2026-05-15,New,Won (100%),Closed Won,Dillon Sykes,Practice,LG1 campaign,100%,In forecast,,,2026-04-21,,,,,,,,,,,,,simon tunnicliffe,simon.tunnicliffe3@nhs.net,,,,,,,,,,,,,,,,,
Health Care First,,,List Growth,Patient Communications,36000,2026-05-15,New,Won (100%),Closed Won,Cameron Booth,Practice,LG1 campaign,100%,In forecast,,,2026-05-05,2026-05-01,,,,,,2026-05-15,2027-05-14,,Jyoti Mehan,,,Jyoti Mehan,jyoti.mehan1@nhs.net,"Pinfold Surgery, 
Pinfold Lane,
Methley, 
LS26 9AA",DD,Monthly,Remote,,,,,,,,,,,,,
Swan Surgery,,,List Growth,Patient Communications,18000,2026-05-15,New,Won (100%),Closed Won,Dillon Sykes,Practice,LG1 webinar,100%,In forecast,,,2026-04-27,,,,,,,,,,,,,Kevin Whomes,,,Invoice,Monthly,Remote,,,,,,,,,,,,,
Firsway Health Centre,,,SMMS,Patient Communications,600,2026-05-19,New,Won (100%),Contract Sent,Richard Stoddart,Practice,Existing customer relations,100%,In forecast,,helen.eames@nhs.net,2026-05-14,,2026-05-21,,,,,,,,Firsway Health Centre,,,Danielle Hinds,daniellehinds@nhs.net,121 Firsway Sale Cheshire M33 4BR,Invoice,Annual,Remote,,,,,,,,,,,,,
Bolton - Change Management,,,DTMS,Digital & Transformation,32000,2026-05-21,New,Won (100%),Contract Sent,Richard Stoddart,ICB,Existing customer relations,100%,In forecast,,NA - user@example.com,2025-08-01,2025-08-20,2026-05-22,,,,,,,,,,,,,,,,,,,,,,,,,,,,,
Thorpe Practice,,,SMMS,Patient Communications,480,2026-05-22,Renewal,Won (100%),Contract Sent,Richard Stoddart,Practice,Existing customer relations,100%,In forecast,,helen.lenthall@nhs.net,2026-05-22,,,,,,,,,,The Thorpe Practice,,,Helen Lenthall,helen.lenthall@nhs.net,"Moorthorpe Bank, Moorthorpe Way, Owlthorpe Sheffield South Yorkshire S20 6PD",Invoice,Annual,Remote,,,,,,,,,,,,,
Bolton - Patient Comms,,,Creative,Patient Communications,68000,2026-05-21,New,Won (100%),New Opportunity,Richard Stoddart,ICB,Existing customer relations,100%,In forecast,,NA - user@example.com,2026-07-23,2025-08-20,2026-05-22,,,,,,,,,,,,,,,,,,,,,,,,,,,,,
Hill Brow Partnership,,,SMMS,Patient Communications,720,2026-05-22,Renewal,Won (100%),New Opportunity,Richard Stoddart,Practice,Existing customer relations,100%,In forecast,,samson.shikabonga@nhs.net,2026-05-22,,2026-05-28,,,,,,,,Hill Brow Partnership,,,Samson Shikabonga,fiona.bankes1@nhs.net,"Hill Brow Surgery,
Longcroft South Yorkshire S75 6FH",Invoice,Annual,Remote,,,,,,,,,,,,,
ChapelGreen Pracrtice,,,SMMS,Patient Communications,480,2026-05-26,Renewal,Won (100%),Contract Sent,Richard Stoddart,Practice,Existing customer relations,100%,In forecast,,michelle.lockey@nhs.net,2026-05-22,,,,,,,,,,Chapel Green Practice,,,Michelle Lockey,michelle.lockey@nhs.net,1 Bevan Way Sheffield South Yorkshire S35 1RN,Invoice,Annual,Remote,,,,,,,,,,,,,
Hanover & Devonshire Green Medical Centres,,,SMMS,Patient Communications,480,2026-05-27,New,Won (100%),Contract Sent,Richard Stoddart,Practice,Existing customer relations,100%,In forecast,,sarah.denton1@nhs.net,2026-05-20,,,,,,,,,,Hanover & Devonshire Green Medical Centres,,,Deirdre Malesa,deirdremalesa@nhs.net,126 Devonshire Street Sheffield South Yorkshire S3 7SF,DD,Monthly,Remote,,,,,,,,,,,,,
Filey and Scarborough Healthier Communities Network,,,SMMS,Patient Communications,2000,2026-05-27,Renewal,Won (100%),Contract Sent,Richard Stoddart,PCN,Existing customer relations,100%,In forecast,,james@locumpm.co.uk,2025-07-31,,2026-05-29,,,,Yes,2026-08-21,2027-08-20,,James Bowman,,,James Bowman,james.bowman@nhs.net,"Filey and Scarborough Healthier Communities Network
C/O Filey Surgery, Station Avenue
Filey
North Yorkshire
YO14 9AE",Invoice,Annual,Remote,,,,james.bowman@nhs.net,,,,,,,,,
Sid Valley Practice,,,SMMS,Patient Communications,480,2026-05-28,New,Won (100%),Contract Sent,Richard Stoddart,Practice,Personal email campaign,100%,In forecast,,jessie.hay@nhs.net,2026-01-05,,2026-05-29,,,,,,,,Sid Valley Practice,,,Jessie Hay,jessie.hay@nhs.net,"Beacon Medical Practice, Sedemuda Road,
Sidmouth Devon EX10 9YA",Invoice,Monthly,Remote,,,,,,,,,,,,,
Herts Country Council - Children and Young People,,,Creative,Patient Communications,1500,2026-05-28,New,Won (100%),New Opportunity,Richard Stoddart,Local Authority,Existing customer relations,100%,In forecast,,,2026-05-28,,,,,,,,,,Herts Country Council,,,Joanna Aves,Joanna.Aves1@hertfordshire.gov.uk,"Children and Young People
Public Health | Community Protection
Hertfordshire County Council
Address: Farnham House, Six Hills Way, Stevenage, SG1 2FG",Invoice,Annual,Remote,,,,,,,,,,,,,
Forge Medical,,,List Growth,Patient Communications,18000,2026-05-28,New,Won (100%),Closed Won,Tom Owen,Practice,LG1 campaign,100%,In forecast,,,2026-04-29,,,,,,,,,,,,,,,,,,,,,,,,,,,,,,,
Washway Road Medical,,,SMMS,Patient Communications,600,2026-05-28,Renewal,Won (100%),Contract Sent,Richard Stoddart,Practice,Existing customer relations,100%,In forecast,,tanya.burton2@nhs.net,2026-05-13,,2026-06-02,,,,,,,,Washway Road Medical Centre,,,Tanya Burton,tanya.burton2@nhs.net,Washway Road Medical Centre 67 Washway Road Sale M33 7SS,Invoice,Annual,Remote,,,,,,,,,,,,,
Shiregreen Medical Centre,,,SMMS,Patient Communications,480,2026-05-28,Renewal,Won (100%),Contract Sent,Richard Stoddart,Practice,Existing customer relations,100%,In forecast,,lisariches@nhs.net,2026-05-28,,2026-06-01,,,,,,,,Shiregreen Medical Centre,,,Lisa Riches,lisariches@nhs.net,492 Bellhouse Road sheffield south Yorkshire S5 0RG,Invoice,Annual,Remote,,,,,,,,,,,,,
Ecclesfield Group Practice,,,SMMS,Patient Communications,480,2026-05-29,Renewal,Won (100%),Contract Sent,Richard Stoddart,Practice,Existing customer relations,100%,In forecast,,michelle.payling@nhs.net,2026-05-29,,2026-06-02,,,,,,,,Ecclesfield Group Practice,,,Michelle Payling,michelle.payling@nhs.net,96a Mill Road South Yorkshire S35 9XQ,Invoice,Annual,Remote,,,,,,,,,,,,,
Norfolk Park Health Centre,,,SMMS,Patient Communications,480,2026-06-01,Renewal,Won (100%),Contract Sent,Richard Stoddart,Practice,Existing customer relations,100%,In forecast,,helen.deakin1@nhs.net,2026-06-01,,2026-06-01,,,,,,,,Norfolk Park Medical Practice,,,Helen Deakin,helen.deakin1@nhs.net,"227 Park Grange Road,
Park Grange Road Sheffield S2 3TA",Invoice,Annual,Remote,,,,,,,,,,,,,
Hatfield Health Centre,,,SMMS,Patient Communications,480,2026-06-02,Renewal,Won (100%),Contract Sent,Richard Stoddart,Practice,Existing customer relations,100%,In forecast,,timothy.johns4@nhs.net,2026-05-28,,2026-06-05,,,,,,,,Hatfield Health Centre,,,Timothy Johns,timothy.johns4@nhs.net,"The Heathfield Centre, Ash Hill Road, Hatfield Doncaster South Yorkshire DN76JH",Invoice,Annual,Remote,,,,,,,,,,,,,
Cliff House Medical Practice -EPR Implementation,,,Project Management,Digital & Transformation,30000,2026-06-04,New,Won (100%),Closed Won,Dillon Sykes,Practice,Employee Referral,100%,In forecast,,,2025-09-24,,,,,,,,,,Rehaan Ansari,,,,,,,,,,,,,,,,,,,,,
Woodville Surgery,,,SMMS,Patient Communications,600,2026-06-04,New,Won (100%),Contract Sent,Richard Stoddart,Practice,Existing customer relations,100%,In forecast,,danielle.marratt@nhs.ne,2026-06-03,,2026-06-08,,,,,,,,Woodville Surgery,,,Danielle Marratt,danielle.marratt@nhs.net,71 Burton Road Woodville Derbyshire DE11 7JE,Invoice,Annual,Remote,,,,,,,,,,,,,
Lambeth Digital Inclusion Tool - Hosting Jul 25-Jul 26,,,Creative,Patient Communications,600,2026-06-04,Renewal,Won (100%),New Opportunity,Richard Stoddart,PCN,Existing customer relations,100%,In forecast,,NA - user@example.com,2025-07-31,,2026-06-12,,,,,,,,,,,,,,Invoice,Annual,Remote,,,,,,,,,,,,,
"NORTH ROAD SUITE,RAVENSTHORPE HEALTH CTR",,,SMMS,Patient Communications,600,2026-06-08,New,Won (100%),Contract Sent,Richard Stoddart,Practice,Existing customer relations,100%,In forecast,,justin.wood@nhs.net,2026-05-12,,2026-06-16,,,,,,,,North Road Suite,,,Justin Wood,justin.wood@nhs.net,Ravensthorpe Health Centre Netherfield Road West Yorkshire WF13 3JY,Invoice,Annual,Remote,,,,,,,,,,,,,
Fairlands Medical Practice,,,SMMS,Patient Communications,500,2026-06-08,Renewal,Won (100%),Contract Sent,Richard Stoddart,Practice,Word of mouth,100%,In forecast,,sarah.boltwood@nhs.net,2026-06-08,,2026-06-11,,,,,,,,Fairlands Medical Practice,,,Benedic Taguba,simpliciobenedic.taguba@nhs.net,"Fairlands Medical Centre, Fairlands Avenue Guildford Surrey GU3 £NA",Invoice,Annual,Remote,,,,,,,,,,,,,
Ashley Centre Surgery,,,SMMS,Patient Communications,500,2026-06-10,Renewal,Won (100%),Contract Sent,Richard Stoddart,Practice,Existing customer relations,100%,In forecast,,nichola.delacy@nhs.net,2026-06-09,,2026-06-12,,,,,,,,Ashley Centre Surgery,,,,Sallybayliss@nhs.net,"Windsor Court, Ashley Road Epsom Surrey KT18 5AQ",Invoice,Annual,Remote,,,,,,,,,,,,,
Just Talk Year 3,,,Creative,Patient Communications,27500,2026-06-10,Renewal,Won (100%),New Opportunity,Richard Stoddart,Local Authority,Existing customer relations,100%,In forecast,,hayley.mattacks@hertfordshire.gov.uk,2026-05-28,,2026-06-30,,,,,,,,,,,,,,,,,,,,,,,,,,,,,
Knowle Green Medical,,,SMMS,Patient Communications,500,2026-06-10,New,Won (100%),Contract Sent,Richard Stoddart,Practice,Existing customer relations,100%,In forecast,,melissa.roe4@nhs.net,2026-06-10,,2026-07-31,,,,,,,,Knowle Green Medical,,,Melissa Roe,melissa.roe4@nhs.net,Burges Way Staines Middlesex TW18 1XD,Invoice,Annual,Remote,,,,,,,,,,,,,
Ashlea Medical Centre,,,List Growth,Patient Communications,30000,2026-06-11,New,Won (100%),Closed Won,Tom Owen,Practice,LG1 campaign,100%,In forecast,,,2026-05-12,,,,,,,,,,,,,,,,,,,,,,,,,,,,,,,
Southgate Surgical & Medical Centre,,,List Growth,Patient Communications,18000,2026-06-11,New,Won (100%),Closed Won,Tom Owen,Practice,LG1 campaign,100%,In forecast,,,2026-05-12,,,,,,,,,,,,,,,,,,,,,,,,,,,,,,,
Cambridge & Peterborough Primary Care Training Hub,,,Training,Digital & Transformation,2200,2026-06-12,New,Won (100%),Closed Won,Dillon Sykes,Training Hub,Word of mouth,100%,In forecast,,,2026-06-09,,,,,,,,,,,,,,,,,,,,,,,,,,,,,,,
The Grove Medial Practice,,,SMMS,Patient Communications,500,2026-06-15,Renewal,Won (100%),Contract Sent,Richard Stoddart,Practice,Cold Email,100%,In forecast,,michelle.thompson26@nhs.net,2026-06-14,,2026-06-17,,,,,,,,MMN&R Limited,,,Michelle Thompson,michelle.thompson26@nhs.net,124-126 Park Grove Barnsley South Yorkshire S70 1QP,Invoice,Annual,Remote,,,,,,,,,,,,,
Enderley Road Medical Centre,,,SMMS,Patient Communications,240,2026-06-15,New,Won (100%),New Opportunity,Liam Wright,Practice,Existing customer relations,100%,In forecast,,,2026-06-11,,,,,,,,,,Enderley Road Medical Centre,,,Mostafa Raji,m.raji1@nhs.net,41-45 Enderley Road Harrow UK HA3 5HF,DD,Monthly,Remote,,,,,,,,,,,,,
The Spa Surgery Harrogate - Grow Your Own List Size,,,List Growth,Patient Communications,18000,2026-06-15,New,Won (100%),Closed Won,Dillon Sykes,Practice,LG1 campaign,100%,In forecast,,,2026-04-20,2026-05-18,,,,,,,,,,,,Michael Drew,michael.drew2@nhs.net,,,Monthly,,,,,,,,,,,,,,
Lindus Health - LifeSciences,,,Creative,Patient Communications,8000,2026-06-17,New,Won (100%),Closed Won,Dillon Sykes,Partner,Employee Referral,100%,In forecast,,,2026-03-31,,,,,,,,,,,,,,,,Invoice,By referral,Remote,,,,,,,,,,,,,
Barking & Dagenham Neighbourhood Phase 2,,,Creative,Patient Communications,16000,2026-06-18,New,Won (100%),Closed Won,Matt Murphy,Neighbourhood,Existing customer relations,100%,In forecast,,,2026-04-13,,,,,,,,,,,,,,,,,,,,,,,,,,,,,,,
Herts Smoke Free (3rd Increase),,,Creative,Patient Communications,5000,2026-06-18,New,Won (100%),New Opportunity,Richard Stoddart,Practice,Word of mouth,100%,In forecast,,Carol.Young1@hertfordshire.gov.uk,2026-06-10,,2026-06-24,,,,,,,,,,,,,,,,,,,,,,,,,,,,,
Dorking Medical Practice,,,SMMS,Patient Communications,600,2026-06-21,Renewal,Won (100%),Contract Sent,Richard Stoddart,Practice,Word of mouth,100%,In forecast,,mamta.azad@nhs.net,2026-06-11,,2026-06-24,,,,,,,,Dorking Medical Practice,,,Mamta Azad,mamta.azad@nhs.net,142A South Street Dorking Surrey RH4 2QR,Invoice,Annual,Remote,,,,,,,,,,,,,
Crocus Medical Practice,,,SMMS,Patient Communications,660,2026-06-24,New,Won (100%),Contract Sent,Richard Stoddart,Practice,Cold Email,100%,In forecast,,s.machale@nhs.net,2026-06-17,,2026-06-26,,,,,,,,Crocus Medical Practice,,,Samantha Organ,samantha.organ@nhs.net,Radwinter Road Saffron Walden Essex CB11 3HY,Invoice,Annual,Remote,,,,,,,,,,,,,
Portsdown Group Practice,,,List Growth,Patient Communications,24000,2026-06-26,New,Won (100%),Closed Won,Cameron Booth,Practice,LG2 webinar,100%,In forecast,,,,2026-06-24,,,,,,2026-07-16,2027-06-16,,Christina Cleworth,,,Christina Cleworth,christina.cleworth@nhs.net,"Kingston Crescent Surgery
92 Kingston Crescent
Portsmouth
PO2 8AL",DD,Monthly,Remote,,,,,,,,,,,,,
NW Leadership Publication Q2,,,Creative,Patient Communications,2500,2026-06-26,Renewal,Won (100%),New Opportunity,Richard Stoddart,Practice,Cold Email,100%,In forecast,,,2026-06-26,,2026-08-01,,,,,,,,,,,,,,,,,,,,,,,,,,,,,
Moorcroft Medical Centre & Holmcroft Surgery,,,SMMS,Patient Communications,1200,2026-06-26,Renewal,Won (100%),Contract Sent,Richard Stoddart,Practice,Existing customer relations,100%,In forecast,,Thomas.Egginton@stoke.nhs.uk,2025-07-31,,2026-07-01,,,,,2026-09-30,2027-09-30,,Thomas Egginton,,,Thomas Egginton,thomas.egginton@stoke.nhs.uk,"NORTH STAFFORDSHIRE COMBINED HEAL THCARE NHS TRUST
BENNETT HOUSE, 2ND FLOOR EAST, TOWN ROAD
STOKE-ON-TRENT STOKE-ON-TRENT ST1 2QB",Invoice,Annual,Remote,,,,,,,,,,,,,
Swanswell Medical Centre,,,AI,Patient Communications,600,2026-06-30,New,Won (100%),New Opportunity,Liam Wright,Practice,Existing customer relations,100%,In forecast,,,2026-02-06,,,,,,,,,,,,,Kerrie Griffiths,kerrie.griffiths@nhs.net,370 Gospel Lane BIRMINGHAM B27 7AL,DD,Monthly,Remote,,,,,,,,,,,,,
Grayshott Surgery,,,SMMS,Patient Communications,500,2026-06-30,Renewal,Won (100%),Contract Sent,Richard Stoddart,Practice,Cold Email,100%,In forecast,,sally.foster2@nhs.net,2026-06-29,,2026-07-03,,,,,,,,Grayshott Surgery,,,Kellie West,kellie.west@nhs.net,Boundary Road Hindhead Surrey GU26 6TY,Invoice,Annual,Remote,,,,,,,,,,,,,
Station House Surgery,,,List Growth,Patient Communications,18000,2026-06-30,New,Won (100%),Closed Won,Tom Owen,Practice,LG1 campaign,100%,In forecast,,j.cawley@nhs.net,2026-05-14,,,,,,,,,,,,,,,,,,,,,,,,,,,,,,,
Cranleigh Medical Centre,,,SMMS,Patient Communications,500,2026-06-30,Renewal,Won (100%),Contract Sent,Richard Stoddart,Practice,Cold Email,100%,In forecast,,sandra.reeves@nhs.net,2026-06-18,,2026-07-03,,,,,,,,Cranleigh Medical Practice,,,Sandra Reeves,syheartlandsicb.cranleighfinance@nhs.net,18 High Street Cranleigh Surrey GU6 8AE,Invoice,Annual,Remote,,,,,,,,,,,,,
Google Reviews,,,SMMS,Patient Communications,7200,2026-07-02,Renewal,Won (100%),New Opportunity,Richard Stoddart,Practice,Cold Email,100%,In forecast,,,2026-07-02,,,,,,,,,,,,,,,,,,,,,,,,,,,,,,,
Hythe Medical Centre,,,SMMS,Patient Communications,500,2026-07-02,Renewal,Won (100%),Contract Sent,Richard Stoddart,Practice,Cold Email,100%,In forecast,,anniecrowhurst@nhs.net,2026-07-02,,2026-07-08,,,,,,,,Hythe Medical Centre,,,Val Thomas,val.thomas4@nhs.net,83 Rochester Road Staines Surrey TW18 3HN,Invoice,Annual,Remote,,,,,,,,,,,,,
Woodhouse Hill Surgery,,,List Growth,Patient Communications,9000,2026-07-03,New,Won (100%),Closed Won,Dillon Sykes,Practice,LG1 campaign,100%,In forecast,,weqas.ahmed@nhs.net,2026-06-09,,,,,,,,,,,,,,,,,,,,,,,,,,,,,,,
Merrow Park,,,SMMS,Patient Communications,500,2026-07-03,Renewal,Won (100%),Contract Sent,Richard Stoddart,Practice,Cold Email,100%,In forecast,,shalini.barnard1@nhs.net,2026-07-03,,2026-07-07,,,,,,,,Merrow Park Surgery,,,Shalini Barnard,syheartlandsicb.accounts.merrowparksurgery@nhs.net,Merrow Park Surgery Kingfisher Drive Surrey GU4 7EP,Invoice,Annual,Remote,,,,,,,,,,,,,
GP Reg - NHSE (SoW 1 thru Hippo),,,Strategic,Digital & Transformation,142659,2026-07-03,New,Won (100%),Closed Won,Dillon Sykes,National NHS,Existing customer relations,100%,In forecast,,,2026-02-12,,,,,,,,,,,,,,,,,,,,,,,,,,,,,,,
Fairfield Medical Centre,,,SMMS,Patient Communications,500,2026-07-03,Renewal,Won (100%),Contract Sent,Richard Stoddart,Practice,Cold Email,100%,In forecast,,audrey.lynas1@nhs.net,2026-07-03,,2026-07-07,,,,,,,,Fairfield Medical Centre,,,Audrey Lynas,audrey.lynas1@nhs.net,Lowe rRoad Great Bookham Leatherhead KT23 4DH,Invoice,Annual,Remote,,,,,,,,,,,,,
Haselmere Health,,,SMMS,Patient Communications,500,2026-07-03,Renewal,Won (100%),Contract Sent,Richard Stoddart,Practice,Cold Email,100%,In forecast,,alison.gilpin@nhs.net,2026-07-02,,2026-07-08,,,,,,,,Haslemere Health Center,,,Alison Gilpin,alison.gilpin@nhs.net,Church Lane Haslemere Surrey GU27 2BQ,Invoice,Annual,Remote,,,,,,,,,,,,,
North Brink Practice,,,List Growth,Patient Communications,24000,2026-07-07,New,Won (100%),Closed Won,Cameron Booth,Practice,LG2 campaign,100%,In forecast,,,,2026-06-30,,,,,,2026-07-15,2027-07-15,,Matthew Skells,,,Matthew Skells,matthew.skells@nhs.net,"North Brink Practice
7-9 North Brink
Wisbech
PE13 1JU",DD,Monthly,Remote,,,,,,,,,,,,,
Springfield Surgery,,,SMMS,Patient Communications,500.0,2026-07-08,Renewal,Won (100%),Contract Sent,Richard Stoddart,Practice,Cold Email,100%,,,tracyruane@nhs.net,2026-07-08,,2026-07-13,,,,,,,,Springfield Surgery,,,Tracy Ruane,ann.gregory1@nhs.net,Springfield Elstead Surrey GU8 6EG,Invoice,Annual,Remote,,,,,,,,,,,,,
Sunny Meed Surgery,,,List Growth,Patient Communications,30000,2026-07-09,New,Won (100%),Closed Won,Tom Owen,Practice,LG1 campaign,100%,In forecast,,,2026-04-29,,,,,,,,,,,,,,,,,,,,,,,,,,,,,,,
Riverside Practice (copy),,,SMMS,Patient Communications,1200,2026-07-09,New,Won (100%),New Opportunity,Richard Stoddart,Practice,Cold Email,50%,In forecast,,yusuf.soni@nhs.net,2026-07-09,,2026-07-14,,,,,,,,Riverside medical practice,,,Anita Fisher,anita.fisher@nhs.net,Alma street Stocktob Cleveland TS18 2AP,Invoice,Annual,Remote,,,,,,,,,,,,,
Hart Health Partnership,,,SMMS,Patient Communications,600,2026-07-10,New,Won (100%),Contract Sent,Richard Stoddart,Practice,Cold Email,100%,In forecast,,s.cardwell@nhs.net,2026-07-03,,2026-07-13,,,,,,,,Hart Health Partnership,,,Steve Cardwell,s.cardwell@nhs.net,Fleet Medical Centre Church Road Hampshire GU51 4PE,Invoice,Annual,Remote,,,,,,,,,,,,,
Southview,,,SMMS,Patient Communications,500.0,2026-07-10,Renewal,Won (100%),Contract Sent,Richard Stoddart,Practice,Cold Email,100%,,,Sarah.roberts42@nhs.net,2026-07-08,,2026-07-13,,,,,,,,Southview Medical Practice,,,Sarah Roberts,sarah.roberts42@nhs.net,Guildford Road Woking Surrey GU22 7RR,Invoice,Annual,Remote,,,,,,,,,,,,,
Brundall Medical Partnership,,,SMMS,Patient Communications,900,2026-07-14,New,Won (100%),Contract Sent,Richard Stoddart,Practice,Word of mouth,100%,,,lorraine.youngs@nhs.net,2026-07-09,,2026-07-17,,,,,,,,Brundall Medical Partnership,,,Lorraine Youngs,lorraine.youngs@nhs.net,The Dales Brundall Norfolk NR13 5RP,Invoice,Annual,Remote,,,,,,,,,,,,,
Chapel Group Medical Centre,,,List Growth,Patient Communications,18000,2026-07-15,New,Won (100%),Closed Won,Dillon Sykes,Practice,LG2 webinar,100%,In forecast,,,2026-07-03,,,,,,,,,,,,,,,,Invoice,Monthly,Remote,,,,,,,,,,,,,
Molebridge Practice,,,SMMS,Patient Communications,500,2026-07-15,Renewal,Won (100%),Contract Sent,Richard Stoddart,Practice,Cold Email,100%,In forecast,,eleni.mantzari@nhs.net,2026-07-03,,2026-07-20,,,,,,,,Molebridge Practice,,,Eleni Mantzari,syheartlandsicb.molebridgepractice@nhs.net,148-154 Kingston Road Leatherhead Surrey KT22 7PZ,Invoice,Annual,Remote,,,,,,,,,,,,,
Bowling Highfield Medical Practice,,,AI,Patient Communications,840,2026-07-15,New,Won (100%),New Opportunity,Liam Wright,Practice,Existing customer relations,100%,In forecast,,,2026-06-15,,,,,,,,,,Bowling High Medical Practice,,,Sian Nicholson,sian.nicholson@bradford.nhs.uk,"Rooley Lane, Bradford, BD47SS",DD,Monthly,Remote,,,,,,,,,,,,,
SMS Medical,,,SMMS,Patient Communications,900,2026-07-20,Renewal,Won (100%),Contract Sent,Richard Stoddart,Practice,Cold Email,100%,,,shahlajamal@nhs.net,2026-07-20,,2026-07-24,,,,,,,,SMS medical practice,,,Shahla Jamal,shahlajamal@nhs.net,Wembley centre for health & care 116 Chaplin road Wembley HA0 4UZ,Invoice,Monthly,Remote,,,,,,,,,,,,,
Hill View Medical Centre,,,SMMS,Patient Communications,500,2026-07-21,New,Won (100%),New Opportunity,Richard Stoddart,Practice,Existing customer relations,100%,In forecast,,jess.collins3@nhs.net,2026-07-21,,2026-07-23,,,,,,,,Hillview Medical Centre,,,Jess Collins,jess.collins3@nhs.net,3 Heathside Road Woking Surrey GU22 7QP,Invoice,Annual,Remote,,,,,,,,,,,,,
Website Hosting,,,Creative,Patient Communications,3360,2026-07-22,New,Won (100%),New Opportunity,Richard Stoddart,Practice,Word of mouth,100%,,,,2026-07-22,,,,,,,,,,,,,,,,,,,,,,,,,,,,,,,
South Hermitage Surgery,,,SMMS,Patient Communications,620,2026-07-22,New,Won (100%),Contract Sent,Richard Stoddart,Practice,Word of mouth,100%,,,tara.moylan1@nhs.net,2026-07-22,,2026-07-24,,,,,,,,South Hermitage Surgery,,,Tara Moylan,tara.moylan1@nhs.net,16 South Hermitage Shropshire SY3 7JS,Invoice,Annual,Remote,,,,,,,,,,,,,
Avicenna MP,,,List Growth,Patient Communications,30000,2026-07-23,New,Won (100%),Closed Won,Dillon Sykes,Practice,LG2 campaign,100%,In forecast,,,2026-07-17,,,,,,,,,,,,,,,,Invoice,Monthly,Remote,,,,,,,,,,,,,
Hyndburn PCN,,,SMMS/AI,Patient Communications,2700,2026-07-23,New,Won (100%),Contract Sent,Richard Stoddart,PCN,Word of mouth,100%,,,ruby.ali@nhs.net,2026-07-22,,2026-07-27,,,,,,,,Hyndburn Central PCN,,,Ruby Ali,ruby.ali@nhs.net,1 Paradise St Accrington Lancashire BB% 1RT,Invoice,Annual,Remote,,,,,,,,,,,,,
Wandle PCN Website,,,Creative,Patient Communications,1100,2026-07-23,New,Won (100%),New Opportunity,Richard Stoddart,Practice,Word of mouth,100%,,,,2026-07-23,,,,,,,,,,,,,,,,,,,,,,,,,,,,,,,
Together First CIC SMMS,,,SMMS,Patient Communications,1800,2026-07-24,New,Won (100%),Contract Sent,Richard Stoddart,GP Federation,Existing customer relations,100%,In forecast,,nazifa.kamal1@nhs.net,2026-07-02,,2026-07-27,,,,,2025-07-29,2026-07-29,,Together First CIC,,,Nazifa Kamal,nazifa.kamal1@nhs.net,"Together First CIC
Laburnum Health Centre, Althorne Way
Dagenham London RM10 7DF",Invoice,Annual,Remote,,,,,,,,,,,,,
Boundary House Medical Centre,,,SMMS,Patient Communications,600,2026-07-27,New,Won (100%),Contract Sent,Richard Stoddart,Practice,Existing customer relations,100%,In forecast,,susan.rust@nhs.net,2026-05-13,,2026-07-29,,,,,,,,Boundary House Medical Centre,,,Susan Rust,susan.rust@nhs.net,462 Northenden Road Sale Manchster M33 2RH,DD,Monthly,Remote,,,,,,,,,,,,,
The Ridge Medical Practice,,,SMMS,Patient Communications,900,2026-07-27,Renewal,Won (100%),New Opportunity,Richard Stoddart,Practice,Word of mouth,100%,,,elizabeth.brook@bradford.nhs.uk,2026-07-27,,2026-08-03,,,,,,,,The Ridge Medical Practice,,,Liz Brook,Elizabeth.Brook@bradford.nhs.uk,"Cousen Road,
Bradford West Yorkshire BD7 3JX",Invoice,Annual,Remote,,,,,,,,,,,,,
Rother Valley South PCN,,,SMMS,Patient Communications,300,2026-07-27,Renewal,Won (100%),Contract Sent,Richard Stoddart,PCN,Existing customer relations,100%,NOT in forecast,,katie.smith61@nhs.net,2025-08-01,,2026-07-31,,,,,2026-07-31,2027-07-30,,Rother Valley South PCN Ltd,,,Katie Smith,katie.smith61@nhs.net,"Rother Valley South PCN Ltd
Dinnington Surgery, New Street
Sheffield Yorkshire S81 8HF",Invoice,Annual,Remote,,,,katie.smith61@nhs.net,,,,,,,,,
Somerset Gardens Family Health Care Centre,,,List Growth,Patient Communications,24000,2026-08-03,New,Won (100%),Closed Won,Cameron Booth,Practice,LG1 campaign,50%,In forecast,,,2026-05-05,2026-04-30,,,,,,2026-08-17,2027-08-17,,Kamal Gunawardana,,,Kamal Gunawardana,kamal.gunawardana@nhs.net,"Somerset Gardens Family Health Care Centre / Tottenham Health Centre 
4 Creighton Road
Tottenham
London
N17 8NW",DD,Monthly,Remote,,,,,,,,,,,,,
ADASS - Digital Champions work for care home staff,,,Digital Champions,Digital & Transformation,32500,2025-09-09,New,Won (100%),Closed Won,Dillon Sykes,Local Authority,Tender,100%,In forecast,,,,,,,,,,,,,,,,,,,,,,,,,,,,,,,,,,
Cisco Practice POC Phase 2,,,Partnerships,Deployment & Partnerships,4110,2025-07-01,New,Won (100%),Proposal Sent,Matt Murphy,Partner,Existing customer relations,100%,In forecast,,,,,,,,,,,,,,,,,,,,,,,,,,,,,,,,,,
Rising Brook Surgery,,,SMMS,Patient Communications,480,2025-07-01,Renewal,Won (100%),Closed Won,Cameron Booth,Practice,Existing customer relations,100%,In forecast,,,,,,,,,,2025-09-30,2026-09-30,,Emma Shenton,,,Emma Shenton,emmashenton@nhs.net,"Rising Brook Surgery
Stafford Staffordshire ST17 9LY",DD,Monthly,Remote,,,,,,,,,,,,,
Chadsmoor Medical Practice,,,SMMS,Patient Communications,480,2025-07-02,Renewal,Won (100%),Closed Won,Cameron Booth,Practice,Existing customer relations,100%,In forecast,,,,,,,,,,2025-09-30,2026-09-30,,Emma Shenton,,,Emma Shenton,emmashenton@nhs.net,"Chadsmoor Medical Practice
45 Princess Street
Cannock Staffordshire WS11 5JT",DD,Monthly,Remote,,,,,,,,,,,,,
Crown Medical Practice,,,SMMS/AI,Patient Communications,480,2025-07-04,New,Won (100%),Closed Won,Liam Wright,Practice,Existing customer relations,100%,In forecast,,,,,,,,,,2025-07-04,2026-07-03,,Crown Medical Practice,,,Amanda Markgraaff,amanda.markgraaff@nhs.net,"Upper Gungate, Tamworth B79 7EA",DD,Monthly,Remote,,,,,,,,,,,,,
Affordable Living Stoke,,,SMMS,Patient Communications,480,2025-07-04,New,Won (100%),Closed Won,Cameron Booth,Partner,Existing customer relations,100%,In forecast,,,,,,,,,,2025-07-03,2026-07-03,,Michael Sheldon,,,Michael Sheldon,Michael.Sheldon@stoke.nhs.uk,"affordable foods stoke
meaford drive
stoke staffs st3 2bb",DD,Monthly,Remote,,,,,,,,,,,,,
Swanswell Medical Centre,,,SMMS,Patient Communications,480,2025-07-07,New,Won (100%),Closed Won,Cameron Booth,Practice,Personal email campaign,100%,In forecast,,,,,,,,,,2025-07-11,2026-07-10,,John Paul Sanders,,,John Paul Sanders,johnpaul.sanders@nhs.net,"Swanswell Medical Centre
370 Gospel Lane
BIRMINGHAM WEST MIDLANDS B27 7AL",DD,Monthly,Remote,,,,,,,,,,,,,
Shakespeare Road Medical Practice,,,SMMS,Patient Communications,480,2025-07-07,Renewal,Won (100%),Closed Won,Cameron Booth,Practice,Existing customer relations,100%,In forecast,,,,,,,,,,2025-07-31,2026-07-31,,Glenn Hirst,,,Glenn Hirst,glenn.hirst@nhs.net,"Shakespeare Road Medical Practice
Shakespeare Road
Basingstoke Hampshire RG24 9DT",DD,Monthly,Remote,,,,donna.mant@nhs.net,,,,,,,,,
Harewood Medical,,,SMMS,Patient Communications,480,2025-07-07,New,Won (100%),Closed Won,Richard Stoddart,Practice,Personal email campaign,100%,In forecast,,,,2025-06-27,,,,,,2025-07-07,2026-07-06,,Harewood Medical Practice,,,Keegan Hillary,keegan.hillary1@nhs.net,"42 Richmond Road
Catterick Garrison
DL9 4NR",DD,Monthly,Remote,,,,,,,,,,,,,
Polden Medical Practice,,,Well Led,Digital & Transformation,516,2025-07-09,Renewal,Won (100%),New Opportunity,Dan H,Practice,Existing customer relations,100%,In forecast,,,,,,,,,,,,,,,,,,,,,,,,,,,,,,,,,,
Cumberland House Surgery,,,SMMS,Patient Communications,480,2025-07-09,New,Won (100%),Closed Won,Cameron Booth,Practice,Personal email campaign,100%,In forecast,,,,,,,,,,2025-07-09,2026-07-09,,Matthew Smith,,,Matthew Smith,matthew.smith147@nhs.net,"Southport and Formby Health
3 Wight Moss Way, Southport Business Park
Southport Merseyside PR84HQ",DD,Monthly,Remote,,,,,,,,,,,,,
North Cumbria - Potential PCN training session for NHS app,,,Training,Digital & Transformation,2100,2025-07-14,New,Won (100%),Closed Won,Dillon Sykes,PCN,Existing customer relations,100%,In forecast,,,,,,,,,,,,,,,,,,,,,,,,,,,,,,,,,,
Parc Canol Group Practice,,,SMMS,Patient Communications,720,2025-07-14,New,Won (100%),Closed Won,Cameron Booth,Practice,Personal email campaign,100%,In forecast,,,,,,,,,,2025-07-25,2026-07-24,,David Kingsland,,,David Kingsland,David.Kingsland@wales.nhs.uk,"Parc Canol Group Practice
Central Park
Church Village Pontypridd CF38 1RJ",DD,Monthly,Remote,,,,,,,,,,,,,
Sale PCN,,,DTMS,Digital & Transformation,12500,2025-07-15,Renewal,Won (100%),Closed Won,Dillon Sykes,PCN,Existing customer relations,100%,In forecast,,,,,,,,,,,,will happen,,,,,,,Invoice,,,,,,,,,,,,,,,
Longton Hall Surgery,,,AI,Patient Communications,680,2025-07-15,New,Won (100%),Closed Won,Liam Wright,Practice,Marketing campaign,100%,In forecast,,,,,,,,,,,,,,,,,,,,,,,,,,,,,,,,,,
Feltwell & The Park,,,SMMS,Patient Communications,900,2025-07-16,New,Won (100%),New Opportunity,Richard Stoddart,Practice,Personal email campaign,100%,In forecast,,,,,,,,,,2025-07-16,2026-07-15,,Norfolk ICB,,,,,,,,,,,,,,,,,,,,,
Hertfordshire - Just Talk Y2,,,Creative,Patient Communications,27500,2025-07-17,Renewal,Won (100%),Closed Won,Paul Galley,Partner,Existing customer relations,100%,In forecast,,,,,,,,,,2025-10-31,2026-10-30,,Kennedy Taylor,,,,,,Invoice,One off,Remote,,,,Kennedy.Taylor@hertfordshire.gov.uk,,,,,,,,,
Birchwood Medical Practice,,,AI,Patient Communications,600,2025-07-18,New,Won (100%),New Opportunity,Liam Wright,Practice,Webinar,100%,In forecast,,,,,,,,,,,,,,,,,,,,,,,,,,,,,,,,,,
Galleries Medical Practice,,,SMMS,Patient Communications,480,2025-07-18,New,Won (100%),Contract Sent,Richard Stoddart,Practice,Personal email campaign,100%,In forecast,,,,2025-07-10,,,,,,,,,,,,,,,,,,,,,,,,,,,,,,
Inquiry About Patient Note Summarising Master Bundle Course,,,Training,Digital & Transformation,390,2025-07-21,New,Won (100%),Closed Won,Dillon Sykes,Practice,Help Desk,100%,In forecast,,,,,,,,,,,,,Christen Turnbull,,,,christenturnbull@outlook.com,,,,,,,,,,,,,,,,,
Concord Medical Practice,,,SMMS,Patient Communications,480,2025-07-22,New,Won (100%),Closed Won,Cameron Booth,Practice,Personal email campaign,100%,In forecast,,,,,,,,,,2025-07-22,2026-07-22,,Emma Ferguson,,,Emma Ferguson,emma.ferguson8@nhs.net,"Concord Medical Practice
Victoria Road Health Centre
Washington Tyne & Wear NE37 2PU",DD,Monthly,Remote,,,,,,,,,,,,,
Ethos,,,AI,Patient Communications,240,2025-07-22,New,Won (100%),Contract Sent,Richard Stoddart,Partner,Personal email campaign,100%,In forecast,,,,2025-07-10,,,,,,,,,,,,,,,,,,,,,,,,,,,,,,
Darwin Medical Practice,,,SMMS,Patient Communications,480,2025-07-22,Renewal,Won (100%),Closed Won,Cameron Booth,Practice,Existing customer relations,100%,In forecast,,,,,,,,,,2025-09-30,2026-09-30,,Sharon Bean,,,Sharon Bean,finance.darwin@staffs.nhs.uk,"Darwin Medical Practice
Greenwood Health Centre, Lichfield Road
Burntwood Staffordshire WS7 0AQ",DD,Monthly,Remote,,,,,,,,,,,,,
Wolverhampton Road Surgery,,,SMMS,Patient Communications,480,2025-07-23,Renewal,Won (100%),Closed Won,Cameron Booth,Practice,Existing customer relations,100%,In forecast,,,,,,,,,,2025-09-30,2026-09-30,,Paul Meredith,,,Paul Meredith,paul.meredith@staffs.nhs.uk,"Wolverhampton Road Surgery
Wolverhampton Road
Stafford Staffs ST16 4BS",DD,Monthly,Remote,,,,,,,,,,,,,
Northgate Surgery,,,SMMS,Patient Communications,480,2025-07-23,Renewal,Won (100%),Closed Won,Cameron Booth,Practice,Existing customer relations,100%,In forecast,,,,,,,,,,2025-09-30,2026-09-30,,Mark Goldstraw-Davis,,,Mark Goldstraw-Davis,mark.goldstraw-davis1@nhs.net,"Northgate Surgery
7 Carters Square
Uttoxeter Staffordshire ST14 7FN",DD,Monthly,Remote,,,,,,,,,,,,,
Castlefields Surgery,,,SMMS,Patient Communications,480,2025-07-23,Renewal,Won (100%),Closed Won,Cameron Booth,Practice,Existing customer relations,100%,In forecast,,,,,,,,,,2025-09-30,2026-09-30,,Thereza Forrester,,,Thereza Forrester,thereza.forrester1@nhs.net,"Castlefields Surgery
Castle Way
Stafford Staffordshire ST16 1BS",DD,Monthly,Remote,,,,,,,,,,,,,
Hellesdon and Paston (2 Norfolk additions),,,SMMS,Patient Communications,1795,2025-07-24,New,Won (100%),New Opportunity,Richard Stoddart,Practice,Personal email campaign,100%,In forecast,,,,,,,,,,,,,,,,,,,,,,,,,,,,,,,,,,
ESPLANADE SURGERY,,,SMMS,Patient Communications,480,2025-07-25,New,Won (100%),Closed Won,Cameron Booth,Practice,Website,100%,In forecast,,,,,,,,,,2025-07-25,2026-07-24,,Jonathan Matthews,,,Jonathan Matthews,jonathan.matthews7@nhs.net,"The Esplanade Surgery
19 The Esplanade
Ryde Isle of Wight PO30 4BP",DD,Monthly,Remote,,,,,,,,,,,,,
The Spa Surgery,,,SMMS/AI,Patient Communications,480,2025-07-28,New,Won (100%),Contract Sent,Liam Wright,Practice,Existing customer relations,100%,In forecast,,,,,,,,,,,,,,,,,,,DD,Monthly,Remote,,,,,,,,,,,,,
South Grange Medical Group,,,SMMS,Patient Communications,720,2025-07-28,New,Won (100%),New Opportunity,Cameron Booth,Practice,Personal email campaign,100%,In forecast,,,,,,,,,,2025-07-28,2026-07-28,,Dr Hameed,,,Dr Hameed,s.hameed2@nhs.net,"South Grange Medical Group Practice
Trunk Road
Middlesbrough Cleveland TS6 9QG",DD,Monthly,Remote,,,,,,,,,,,,,
Church Stretton Medical Practice,,,SMMS,Patient Communications,480,2025-07-29,New,Won (100%),Contract Sent,Richard Stoddart,Practice,Personal email campaign,100%,In forecast,,,,2025-06-06,2025-08-05,,,,,,,,,,,,,,,,,,,,,,,,,,,,,
Filey and Scarborough Healthier Communities Network,,,SMMS,Patient Communications,1996,2025-07-29,Renewal,Won (100%),New Opportunity,Cameron Booth,PCN,Existing customer relations,100%,In forecast,,,,,,,,,Yes,2025-08-22,2026-08-21,,James Bowman,,,James Bowman,james.bowman@nhs.net,"Filey and Scarborough Healthier Communities Network
C/O Filey Surgery, Station Avenue
Filey
North Yorkshire
YO14 9AE",Invoice,Annual,Remote,,,,james.bowman@nhs.net,,,,,,,,,
Hartshill Medical Centre,,,SMMS,Patient Communications,480,2025-07-29,Renewal,Won (100%),New Opportunity,Cameron Booth,Practice,Existing customer relations,100%,In forecast,,,,,,,,,,2025-09-30,2026-09-30,,Alison Challinor,,,Alison Challinor,Alison.Challinor@stoke.nhs.uk,"Hartshill Medical Centre
Ashwell Road, Hartshill
Stoke-on-Trent Staffordshire ST4 6AT",DD,Monthly,Remote,,,,,,,,,,,,,
Together First CIC SMMS,,,SMMS,Patient Communications,1800,2025-07-30,New,Won (100%),New Opportunity,Cameron Booth,GP Federation,Existing customer relations,100%,In forecast,,,,,,,,,,2025-07-29,2026-07-29,,Hetal Shaikh,,,Hetal Shaikh,hetal.shaikh@nhs.net,"Together First CIC
Laburnum Health Centre, Althorne Way
Dagenham London RM10 7DF",DD,Monthly,Remote,,,,,,,,,,,,,
Together First CIC Newsletters,,,Creative,Patient Communications,2400,2025-07-30,New,Won (100%),New Opportunity,Cameron Booth,GP Federation,Existing customer relations,100%,In forecast,,,,,,,,,,2025-07-29,2026-07-29,,Hetal Shaikh,,,Hetal Shaikh,hetal.shaikh@nhs.net,"Together First CIC
Laburnum Health Centre, Althorne Way
Dagenham London RM10 7DF",DD,Monthly,Remote,,,,,,,,,,,,,
Tower House Surgery,,,SMMS,Patient Communications,480,2025-07-30,New,Won (100%),Contract Sent,Richard Stoddart,Practice,Support Centre Enquiry,100%,In forecast,,,,,,,,,,,,,,,,,,,,,,,,,,,,,,,,,,
Moorcroft Medical Centre & Holmcroft Surgery,,,SMMS,Patient Communications,998,2025-07-31,Renewal,Won (100%),Contract Sent,Cameron Booth,Practice,Existing customer relations,100%,In forecast,,,,,,,,,,2025-09-30,2026-09-30,,Thomas Egginton,,,Thomas Egginton,thomas.egginton@stoke.nhs.uk,"NORTH STAFFORDSHIRE COMBINED HEAL THCARE NHS TRUST
BENNETT HOUSE, 2ND FLOOR EAST, TOWN ROAD
STOKE-ON-TRENT STOKE-ON-TRENT ST1 2QB",Invoice,Annual,Remote,,,,,,,,,,,,,
Westgate Surgery,,,SMMS,Patient Communications,480,2025-07-31,New,Won (100%),New Opportunity,Cameron Booth,Practice,Personal email campaign,100%,In forecast,,,,,,,,,,2025-08-01,2026-07-31,,Sally Thomas,,,Sally Thomas,sally.thomas13@nhs.net,"Westgate Surgery
60 Westgate Bay Avenue
Westgate-on-sea Kent CT8 8SN",DD,Monthly,Remote,,,,,,,,,,,,,
Porter Brook Medical Centre,,,AI,Patient Communications,480,2025-07-31,New,Won (100%),New Opportunity,Liam Wright,Practice,Existing customer relations,100%,In forecast,,,,,,,,,,,,,,,,,,,,,,,,,,,,,,,,,,
Sheerness Health Centre,,,SMMS,Patient Communications,406,2025-07-31,New,Won (100%),New Opportunity,Cameron Booth,Practice,Existing customer relations,100%,In forecast,,,,,,,,,,2025-07-29,2026-02-11,,Mohammad Halim,,,Mohammad Halim,m.halim1@nhs.net,"Aspire Medical Health
Marlowe Park Medical CentreWells Road Strood ME2 2PW",Invoice,Annual,Remote,,,,,,,,,,,,,
Hertfordshire Smoking Free Campaign,,,Creative,Patient Communications,10000,2025-08-05,New,Won (100%),Closed Won,Paul Galley,Local Authority,Existing customer relations,100%,In forecast,,,,,,,,,,,,,,,,,,,,,,,,,,,,,,,,,,
Trentham Mews Medical Centre,,,SMMS,Patient Communications,480,2025-08-05,Renewal,Won (100%),New Opportunity,Cameron Booth,Practice,Existing customer relations,100%,In forecast,,,,,,,,,,2025-09-30,2026-09-30,,Grace McPherson,,,Grace McPherson,Grace.McPherson@Stoke.nhs.uk,"Trentham Mews Medical Centre
Eastwick Crescent
Stoke-on-Trent Staffordshire ST4 8XP",DD,Monthly,Remote,,,,,,,,,,,,,
Salters Meadow Health Centre,,,SMMS,Patient Communications,720,2025-08-05,Renewal,Won (100%),New Opportunity,Cameron Booth,Practice,Existing customer relations,100%,In forecast,,,,,,,,,,2025-09-30,2026-09-30,,Lucy Tabberer,,,Lucy Tabberer,lucy.tabberer@staffs.nhs.uk,"Salters Meadow Centre
Rugeley Road, Chase Terrace
Burntwood Staffs WS7 1AQ",DD,Monthly,Remote,,,,,,,,,,,,,
Ashford Medical Partnership,,,SMMS,Patient Communications,480,2025-08-05,New,Won (100%),New Opportunity,Cameron Booth,Practice,Personal email campaign,100%,In forecast,,,,,,,,,,2025-08-08,2026-08-07,,Tim Pethick,,,Tim Pethick,tim.pethick1@nhs.net,"Ashford Medical Partnership
Willesborough Health Centre, Bentley Road
Ashford Kent TN24 0HZ",DD,Monthly,Remote,,,,,,,,,,,,,
Birchwood Medical Practice,,,D&T Hub,Digital & Transformation,495.0,2025-08-05,Renewal,Won (100%),Closed Won,Tom Owen,Practice,Existing customer relations,100%,In forecast,,,,,,,,,,2025-08-11,2026-08-10,,,,,,waynecatchpole@nhs.net,,,Annual,Remote,,,,,,,,,,,,,
Rother Valley South PCN,,,SMMS,Patient Communications,499,2025-08-05,Renewal,Won (100%),New Opportunity,Cameron Booth,PCN,Existing customer relations,100%,In forecast,,,,,,,,,,2025-08-01,2026-07-31,,Katie Smith,,,Katie Smith,katie.smith61@nhs.net,"Rother Valley South PCN Ltd
Dinnington Surgery, New Street
Sheffield Yorkshire S81 8HF",Invoice,Annual,Remote,,,,katie.smith61@nhs.net,,,,,,,,,
Mansion House Surgery,,,SMMS,Patient Communications,720,2025-08-06,Renewal,Won (100%),New Opportunity,Cameron Booth,Practice,Existing customer relations,100%,In forecast,,,,,,,,,,2025-09-30,2025-09-30,,Anne-Marie Mountford,,,Anne-Marie Mountford,anne-marie.mountford@staffs.nhs.uk,"Mansion House Surgery
Abbey Street
Stone Staffordshire ST15 8YE",DD,Monthly,Remote,,,,,,,,,,,,,
St Peters Health Centre & Queens Road Surgery,,,SMMS,Patient Communications,720,2025-08-07,New,Won (100%),New Opportunity,Cameron Booth,Practice,Personal email campaign,100%,In forecast,,,,,,,,,,2025-08-08,2026-08-07,,Crystal Dsouza,,,Crystal Dsouza,crystal.dsouza2@nhs.net,"Queens Road Surgery & St Peters Health Centre
282 Queens RoadLeicester Leicestershire LE2 3FU",DD,Monthly,Remote,,,,,,,,,,,,,
Weeping Cross Health Partnership,,,SMMS,Patient Communications,480,2025-08-07,Renewal,Won (100%),New Opportunity,Cameron Booth,Practice,Existing customer relations,100%,In forecast,,,,,,,,,,2025-09-30,2026-09-30,,Gareth Edwards,,,Gareth Edwards,gareth.edwards@staffs.nhs.uk,"Weeping Cross Health Centre
Bodmin Avenue
Stafford Stafford ST17 0EG",DD,Monthly,Remote,,,,,,,,,,,,,
Stanmore House Surgery,,,SMMS,Patient Communications,480,2025-08-07,New,Won (100%),New Opportunity,Cameron Booth,Practice,Personal email campaign,100%,In forecast,,,,,,,,,,2025-08-08,2026-08-07,,Rachel Deakin,,,Rachel Deakin,rachel.deakin2@nhs.net,"Stanmore House Surgery
Linden Avenue
Kidderminster Worcestershire DY10 3AA",DD,Monthly,Remote,,,,,,,,,,,,,
Mount Chambers Medical Practice,,,SMMS,Patient Communications,720,2025-08-11,New,Won (100%),New Opportunity,Cameron Booth,Practice,Personal email campaign,100%,In forecast,,,,,,,,,,2025-08-08,2026-08-07,,Sally Marsh,,,Sally Marsh,sally.marsh8@nhs.net,"Mount Chambers Surgery
92 Coggeshall Road
Braintree Essex CM7 9BY",DD,Monthly,Remote,,,,,,,,,,,,,
Littleborough Group Practice,,,SMMS,Patient Communications,480,2025-08-13,New,Won (100%),New Opportunity,Cameron Booth,Practice,Personal email campaign,100%,In forecast,,,,,,,,,,2025-08-08,2026-08-07,,Sarah Waqar,,,Sarah Waqar,sarah.waqar@nhs.net,"Littleborough Group Practice
Featherstall Road
Littleborough Greater Manchester OL158HF",DD,Monthly,Remote,,,,,,,,,,,,,
Newcastle South PCN,,,SMMS,Patient Communications,2880,2025-08-19,Renewal,Won (100%),New Opportunity,Cameron Booth,PCN,Personal email campaign,100%,In forecast,,,,,,,,,,2025-09-30,2026-09-30,,Alison Moore,,,Alison Moore,alison.moore@staffs.nhs.uk,"Newcastle South PCN
c/o Kingsbridge Medical Practice
Kingsbridge Avenue Newcastle under Lyme ST5 3HP",DD,Monthly,Remote,,,,,,,,,,,,,
Mewstone PCN,,,SMMS,Patient Communications,3600,2025-08-20,New,Won (100%),Closed Won,Richard Stoddart,PCN,Personal email campaign,100%,In forecast,,,,2025-06-27,2025-08-22,,,,,2025-09-01,2026-08-31,,Sentinel Healthcare SW CIC,,,Matt Scott,matthew.scott@nhs.net,"Unit 1, 5 Research Way, Plymouth Science Park, PL6 8BT",DD,Monthly,Remote,,,,,,,,,,,,,
Crown Medical Practice,,,SMMS,Patient Communications,480,2025-08-20,Renewal,Won (100%),New Opportunity,Cameron Booth,Practice,Personal email campaign,100%,In forecast,,,,,,,,,,2025-09-30,2026-09-30,,Anne-Marie Thompson,,,Anne-Marie Thompson,anne-marie.thompson@nhs.net,"Crown Medical Practice
Tamworth Health Centre
Upper Gungate Staffs B79 7EA",DD,Monthly,Remote,,,,,,,,,,,,,
Royton & Crompton Family Practice,,,SMMS,Patient Communications,720,2025-08-20,New,Won (100%),New Opportunity,Cameron Booth,Practice,Personal email campaign,100%,In forecast,,,,,,,,,,2025-08-18,2026-08-18,,Anne Pearson,,,Anne Pearson,anne.pearson9@nhs.net,"The Royton and Crompton Family practice
Royton Health and Wellbeing Centre
Park st Royton OL2 6QW",DD,Monthly,Remote,,,,,,,,,,,,,
Kleyn Healthcare - Private GPs,,,SMMS,Patient Communications,2100,2025-08-22,New,Won (100%),New Opportunity,Cameron Booth,Practice,Website,100%,In forecast,,,,,,,,,,2025-08-15,2026-02-13,,Julie Mccann,,,Julie Mccann,Julie.mccann@nhs.net,"Kleyn Healthcare Ltd , c/o- Medicentre Warrington, Tanners Lane
Warrington Cheshire WA2 7NJ",DD,Monthly,Remote,,,,,,,,,,,,,
The Elms Medical Centre,,,SMMS,Patient Communications,480,2025-08-22,New,Won (100%),New Opportunity,Cameron Booth,Practice,Personal email campaign,100%,In forecast,,,,,,,,,,2025-08-18,2026-08-18,,Atiya Alam-Jones,,,Atiya Alam-Jones,atiyaalam@nhs.net,"The Elms Medical Practice
2nd Floor, Fountains Health, Delamere Street
Chester Cheshire CH1 4DS",DD,Monthly,Remote,,,,,,,,,,,,,
NHS North West Leadership Academy Autumn Edition,,,Creative,Patient Communications,2550,2025-08-22,Existing Customer,Won (100%),Proposal Sent,Paul Galley,Regional Team,Employee Referral,100%,In forecast,,,,,,,,,,,,,,,,,,,,,,,,,,,,,,,,,,
Harewood Medical Practice,,,SMMS/AI,Patient Communications,890,2025-08-22,New,Won (100%),New Opportunity,Liam Wright,Practice,Existing customer relations,100%,In forecast,,,,,,,,,,,,,,,,Chris Hollyoake,chris.hollyoake1@nhs.net,"42 Richmond Road
Catterick Garrison North Yorkshire DL9 3JD",DD,Monthly,Remote,,,,,,,,,,,,,
Ringmead Medical Group,,,SMMS,Patient Communications,720,2025-08-26,New,Won (100%),New Opportunity,Cameron Booth,Practice,Personal email campaign,100%,In forecast,,,,,,,,,,2025-08-12,2026-08-12,,Martyne Vermaak,,,Martyne Vermaak,martyne.vermaak@nhs.net,"Ringmead Medical Group
Birch Hill Medical Centre, Leppington
Bracknell Berkshire RG12 7WW",DD,Monthly,Remote,,,,,,,,,,,,,
Addison Road Medical Practice,,,SMMS,Patient Communications,720,2025-08-26,New,Won (100%),New Opportunity,Cameron Booth,Practice,Personal email campaign,100%,In forecast,,,,,,,,,,2025-08-29,2026-08-28,,Janakan Crofton,,,Janakan Crofton,accounts.armpgroup@nhs.net  - accounts.armpgroup@nhs.net,"Addison Road Medical Practice
46 Ravenswood Road
Walthamstow London E17 9LY",DD,Monthly,Remote,,,,,,,,,,,,,
OneAdvanced Scotland (Docman),,,Partnerships,Deployment & Partnerships,1172600,2025-08-27,New,Won (100%),Closed Won,Dan H,Partner,Employee Referral,100%,In forecast,,,,,,,,,,,,Likely with lower value,,,,,,,,,,,,,,,,,,,,,,
PARADISE MEDICAL CENTRE,,,SMMS,Patient Communications,720,2025-08-27,New,Won (100%),Contract Sent,Richard Stoddart,Practice,Personal email campaign,100%,In forecast,,,,,,,,,,,,,,,,,,,,,,,,,,,,,,,,,,
NHS Health Check Videos,,,Creative,Patient Communications,2600,2025-08-28,New,Won (100%),New Opportunity,Paul Galley,GP Federation,Existing customer relations,100%,In forecast,,,,,,,,,,,,,,,,,,,,,,,,,,,,,,,,,,
Meir PCN,,,SMMS,Patient Communications,480,2025-08-29,Renewal,Won (100%),New Opportunity,Cameron Booth,PCN,Existing customer relations,100%,In forecast,,,,,,,,,,2025-09-30,2026-09-30,,Joanne Carpenter,,,Joanne Carpenter,Joanne.Carpenter@stoke.nhs.uk,"Meir Primary Care Network
c/o Dr Raju & Partners, Meir Primary Care Centre, Weston Road, Meir
Stoke on Trent Staffs ST3 6AB",DD,Monthly,Remote,,,,,,,,,,,,,
Hazelvalley Family Practice,,,SMMS,Patient Communications,720,2025-09-02,New,Won (100%),New Opportunity,Cameron Booth,Practice,Personal email campaign,100%,In forecast,,,,,,,,,,2025-09-01,2026-09-01,,Charlotte Sheikh,,,Charlotte Sheikh,charlotte.sheikh@nhs.net,"Hazelvalley Ltd
7-9 Manchester Road
Haslingden Rossendale BB4 5SL",DD,Monthly,Remote,,,,,,,,,,,,,
Collingham Medical Centre,,,SMMS,Patient Communications,480,2025-09-08,New,Won (100%),New Opportunity,Cameron Booth,Practice,Personal email campaign,100%,In forecast,,,,,,,,,,2025-09-05,2026-09-04,,Samantha Ward,,,Samantha Ward,samantha.ward11@nhs.net,"Collingham Medical Centre
High ST, Collingham,
Newark Nottinghamshire NG23 7LB",DD,Monthly,Remote,,,,,,,,,,,,,
Aelfgar Surgery,,,SMMS,Patient Communications,480,2025-09-09,Renewal,Won (100%),New Opportunity,Cameron Booth,Practice,Existing customer relations,100%,In forecast,,,,,,,,,,2025-09-30,2026-09-30,,Lisa Smith,,,Lisa Smith,lisasmith2@nhs.net,"Aelfgar Surgery
Church Street
Rugeley Staffs WS15 2AB",DD,Monthly,Remote,,,,,,,,,,,,,
Upper Gordon Road Surgery,,,SMMS,Patient Communications,480,2025-09-09,New,Won (100%),Contract Sent,Richard Stoddart,GP Federation,Personal email campaign,100%,In forecast,,,,2025-08-06,2025-08-22,,,,,,,,,,,,,,,,,,,,,,,,,,,,,
New Horizons Medical Partnership,,,SMMS,Patient Communications,480,2025-09-10,New,Won (100%),New Opportunity,Cameron Booth,Practice,Personal email campaign,100%,In forecast,,,2025-07-31,,,,,,,2025-09-05,2026-09-04,,Josephine Cassell,,,Josephine Cassell,josephine.cassell1@nhs.net,"New Horizons Medical Partnership
Forest Gate Surgery
Hazel Farm Road Totton SO40 8WU",DD,Monthly,Remote,,,,,,,,,,,,,
Talbot Medical Centre,,,SMMS,Patient Communications,720,2025-09-11,New,Won (100%),New Opportunity,Cameron Booth,Practice,Personal email campaign,100%,In forecast,,,2025-09-11,,,,,,,2025-09-11,2026-09-11,,Simon Davey,,,Simon Davey,Simon.Davey@dorsetgp.nhs.uk,"Talbot Medical Centre
63 Kinson Road
Bournemouth Dorset BH10 4BX",DD,Monthly,Remote,,,,,,,,,,,,,
Boundaries Surgery,,,SMMS,Patient Communications,480,2025-09-16,New,Won (100%),New Opportunity,Cameron Booth,Practice,Personal email campaign,100%,In forecast,,,2025-08-01,,,,,,,2025-09-19,2026-09-18,,Mel Watson,,,Mel Watson,hiowicb-hsi.boundaries.practicemanager@nhs.net,"Boundaries Surgery
17 Winchester Road, Four Marks
Alton Hampshire GU34 5HG",DD,Monthly,Remote,,,,,,,,,,,,,
Baddeley Green Surgery,,,SMMS,Patient Communications,480,2025-09-17,Renewal,Won (100%),New Opportunity,Cameron Booth,Practice,Existing customer relations,100%,In forecast,,,2025-09-16,,,,,,,2025-09-30,2026-09-30,,Julie Downie,,,Julie Downie,julie.downie2@nhs.net,"Dr Konstadina Kostakopoulou
Baddeley Green Surgery
988 Leek New Road
Stoke on Trent Staffordshire ST9 9PB",DD,Monthly,Remote,,,,,,,,,,,,,
Wickford PCN,,,Training,Digital & Transformation,3000,2025-09-17,New,Won (100%),Closed Won,Tom Owen,PCN,Website,100%,In forecast,,,2025-08-01,,,,,,,2025-09-17,,,,,,Ellen Hinkley,ellen.hinkley@nhs.net,,Invoice,One off,Remote,,,,,,,,,,,,,
Brereton Surgery,,,SMMS,Patient Communications,480,2025-09-18,Renewal,Won (100%),New Opportunity,Cameron Booth,Practice,Existing customer relations,100%,In forecast,,,2025-09-18,,,,,,,2025-09-30,2026-09-30,,Louise Pike,,,Louise Pike,louise.pike@nhs.net,"Brereton Surgery
88 Main Road Brereton
Rugeley Staffs WS15 1DU",DD,Monthly,Remote,,,,,,,,,,,,,
Milehouse Medical Practice,,,SMMS,Patient Communications,480,2025-09-22,Renewal,Won (100%),New Opportunity,Cameron Booth,Practice,Personal email campaign,100%,In forecast,,,2025-09-15,,,,,,,2025-09-30,2026-09-30,,Latif Hussain,,,Latif Hussain,latif.hussain@northstaffs.nhs.uk,"Milehouse Medical Practice
6 Elder Road , Cobridge
Stoke-on-Trent Staffordshire ST6 2HE",DD,Monthly,Remote,,,,,,,,,,,,,
Cobridge Surgery,,,SMMS,Patient Communications,480,2025-09-22,Renewal,Won (100%),New Opportunity,Cameron Booth,Practice,Personal email campaign,100%,In forecast,,,2025-08-01,,,,,,,2025-09-30,2026-09-30,,Rachel Wain,,,Rachel Wain,rachel.wain2@stoke.nhs.uk,"Cobridge Surgery
Cobridge Community Centre
Church Terrace Staffordshire ST6 2JN",DD,Monthly,Remote,,,,,,,,,,,,,
Streatham High Practice,,,AI,Patient Communications,7020,2025-09-22,New,Won (100%),Contract Sent,Richard Stoddart,Practice,Existing customer relations,100%,In forecast,,,2025-07-31,2025-06-27,2025-08-22,,,,,,,,,,,Katie Rack,katie.rack@nhs.net,STREATHAM HIGH PRACTICE 2-8 GRACEFIELD GARDENS LONDON SW16 2ST,Invoice,One off,Remote,,,,,,,,,,,,,
Wyvern Health PCN,,,SMMS,Patient Communications,1497,2025-09-22,Renewal,Won (100%),New Opportunity,Cameron Booth,PCN,Existing customer relations,100%,In forecast,,,2024-09-30,,,,,,,2025-09-23,2025-09-23,,Renata Smolskyte,,,Renata Smolskyte,renata.smolskyte1@nhs.net,"Wyvern Health PCN
Priory Road Medical Centre
Priory Road
Wiltshire
SN3 2EZ",Invoice,Annual,Remote,,,,renata.smolskyte1@nhs.net,,,,,,,,,
Railway Medical Group,,,D&T Hub,Digital & Transformation,1100,2025-09-24,Renewal,Won (100%),Closed Won,Clare Temple,Practice,Existing customer relations,100%,In forecast,,,2025-09-22,,,,,,,,,,,,,,,,,,,,,,,,,,,,,,,
Leek and Biddulph PCN,,,SMMS,Patient Communications,2400,2025-09-26,Renewal,Won (100%),New Opportunity,Cameron Booth,PCN,Existing customer relations,100%,In forecast,,,2025-09-23,,,,,,,2025-09-30,2026-09-30,,,,,Claire Knight,claire.knight2@staffs.nhs.uk,"Leek and Biddulph PCN Limited
Biddulph PCC
Wharf Street Biddulph ST8 6AG",DD,Monthly,Remote,,,,,,,,,,,,,
Mercian PCN,,,SMMS,Patient Communications,480,2025-09-26,Renewal,Won (100%),New Opportunity,Cameron Booth,PCN,Existing customer relations,100%,In forecast,,,2025-09-23,,,,,,,2025-09-30,2026-09-30,,,,,Sonia Senior,sonia.senior@staffs.nhs.uk,"Mercian GP Network Ltd (for Mercian PCN)
G4-G5 Bellringer Road
Trentham Stoke on Trent ST4 8GB",DD,Monthly,Remote,,,,,,,,,,,,,
Pendle East PCN yr 2,,,DTMS,Digital & Transformation,61112,2025-09-29,Renewal,Won (100%),Closed Won,Dillon Sykes,PCN,DMI Demo,100%,In forecast,,,2024-09-30,2025-09-09,,,,,,2024-10-01,2024-12-31,will happen,Pendle East PCN,,,,,,Invoice,Monthly,Both,,,,,,,,,,,,,
Forge Medical,,,AI,Patient Communications,630,2025-09-29,New,Won (100%),New Opportunity,Liam Wright,Practice,Website,100%,In forecast,,,2025-09-29,,,,,,,,,,Forge Medical Practice,,,Andrew Richardson Black,andrew.richardson-Black@NHS.net,"Pallion Park, Pallion, Sunderland, SR4 6QE",DD,Monthly,Remote,,,,,,,,,,,,,
Higherland Surgery,,,SMMS,Patient Communications,480,2025-09-30,Renewal,Won (100%),New Opportunity,Cameron Booth,Practice,Existing customer relations,100%,In forecast,,,2025-09-26,,,,,,,2025-09-30,2026-09-30,,Tracy Stephens,,,Tracy Stephens,tracy.stephens@staffs.nhs.uk,"Higherland Surgery
3 Orme Road,
Newcastle Staffs ST5 2UE",DD,Monthly,Remote,,,,,,,,,,,,,
Laurel House Surgery,,,SMMS,Patient Communications,720,2025-09-30,Renewal,Won (100%),New Opportunity,Cameron Booth,Practice,Existing customer relations,100%,In forecast,,,2025-09-29,,,,,,,2025-09-30,2026-09-30,,Lou Wyatt,,,Lou Wyatt,lou.wyatt@staffs.nhs.uk,"Laurel House Surgery
12 Albert Road
Tamworth Staffs B79 7JN",DD,Monthly,Remote,,,,,,,,,,,,,
Cornishway Group Practice,,,SMMS,Patient Communications,480,2025-09-30,Renewal,Won (100%),New Opportunity,Cameron Booth,Practice,Existing customer relations,100%,In forecast,,,2024-09-30,,,,,,,2025-09-19,2026-09-18,,jaylee.turner1@nhs.net,,,Jaylee Turner,jaylee.turner1@nhs.net,"Cornishway Group Practice
Forum Health, Simonsway,
Wythenshawe Manchester M22 5RX",DD,Monthly,Remote,,,,janice.langley@nhs.net,,,,,,,,,
Heathview Medical Practice,,,SMMS,Patient Communications,480,2025-09-30,Renewal,Won (100%),New Opportunity,Cameron Booth,Practice,Existing customer relations,100%,In forecast,,,2025-09-30,,,,,,,2025-09-30,2026-09-30,,Sonya Lowe,,,Sonya Lowe,sonya.lowe@nhs.net,"Heathview medical Practice
60 Caledonian
Tamworth Staffs B77 2ED",DD,Monthly,Remote,,,,,,,,,,,,,
Potteries Medical Centre,,,SMMS,Patient Communications,480,2025-10-01,Renewal,Won (100%),New Opportunity,Cameron Booth,Practice,Existing customer relations,100%,In forecast,,,2025-09-26,,,,,,,2025-09-30,2026-09-30,,Claire Woodfint,,,Claire Woodfint,claire.woodfint@stoke.nhs.uk,"Potteries Medical Centre
Beverley Drive
Stoke-on-Trent Staffordshire ST2 0JG",DD,Monthly,Remote,,,,,,,,,,,,,
Tri-Links Medical Practice,,,SMMS,Patient Communications,480,2025-10-03,Renewal,Won (100%),New Opportunity,Cameron Booth,Practice,Existing customer relations,100%,In forecast,,,2025-09-25,,,,,,,2025-09-30,2026-09-30,,Rachel Mansell,,,Rachel Mansell,r.mansell@nhs.net,"Tri-Links Medical Practice
130 Tamworth Road
Tamworth Staffordshire B773BZ",DD,Monthly,Remote,,,,,,,,,,,,,
Gosport Central PCN,,,SMMS,Patient Communications,2696,2025-10-03,Renewal,Won (100%),New Opportunity,Cameron Booth,PCN,Existing customer relations,100%,In forecast,,,2024-09-30,,,,,,Yes,2025-09-23,2026-09-23,,Rachel Hunter,,,Rachel Hunter,rachel.hunter@southernhealth.nhs.uk,"Hampshire & IOW Healthcare NHS Foundation Trust
RW1 Payable, PO Box 312
Leeds LS11 1HP",Invoice,Annual,Remote,,,,Rachel.Hunter@southernhealth.nhs.uk,,,,,,,,,
Hill Brow Partnership - Part One,,,Income Gen,Digital & Transformation,210,2025-10-06,New,Won (100%),Closed Won,Tom Owen,Practice,Marketing campaign,100%,In forecast,,,,,,,,,,,,,,,,,,,,,,,,,,,,,,,,,,
Treflan Surgery - Wales,,,SMMS,Patient Communications,480,2025-10-07,New,Won (100%),New Opportunity,Cameron Booth,Practice,Marketing campaign,100%,In forecast,,,2025-10-07,,,,,,,2025-10-07,2026-10-07,,Tracey Banks,,,Tracey Banks,Tracey.Banks@wales.nhs.uk,"Treflan Surgery
Lower Cardiff Road
Pwllheli Gwynedd LL53 5NF",DD,Monthly,Remote,,,,,,,,,,,,,
Stenhouse Medical Centre,,,SMMS,Patient Communications,480,2025-10-07,Renewal,Won (100%),New Opportunity,Cameron Booth,Practice,Existing customer relations,100%,In forecast,Unresponsive,,,,,,,,,2025-10-07,2026-10-07,,Claire Glover,,,Claire Glover,claire.glover1@nhs.net,"Stenhouse Medical Centre
66 Furlong Street
Arnold Nottingham NG5 7BP",DD,Monthly,Remote,,,,melanie.yorke@nhs.net,,,,,,,,,
Weeping Cross Health Centre,,,AI,Patient Communications,1440,2025-10-14,New,Won (100%),Contract Sent,Richard Stoddart,Practice,BP Birmingham,100%,In forecast,,,,,,,,,,,,,,,,,,,,,,,,,,,,,,,,,,
Collingham Pharmacy,,,Pharmacy SMMS,Patient Communications,480,2025-10-15,New,Won (100%),New Opportunity,Cameron Booth,Pharmacy,Personal email campaign,100%,In forecast,,,2025-09-05,,,,,,,2025-10-15,2026-10-15,,Samantha Ward,,,Samantha Ward,samantha.ward11@nhs.net,"Collingham Supplies L TD
Higgh St Collingham
Newark Nottinghamshire NG23 7LB",DD,Monthly,Remote,,,,,,,,,,,,,
Hyndburn Central PCN,,,Creative,Patient Communications,75,2025-10-17,New,Won (100%),New Opportunity,Dillon Sykes,PCN,Personal email campaign,100%,In forecast,,,2025-10-17,,,,,,,,,,,,,,,,,,,,,,,,,,,,,,,
Llandaff and Pentyrch Surgeries,,,SMMS,Patient Communications,480,2025-10-20,New,Won (100%),New Opportunity,Cameron Booth,Practice,Personal email campaign,100%,In forecast,,,2025-07-31,,,,,,,2025-10-15,2026-10-15,,Tracey Enright,,,Tracey Enright,Tracey.Enright@wales.nhs.uk,"Llandaff & Pentyrch Surgery
19a High Street
Llandaff Cardiff CF5 2DY",DD,Monthly,Remote,,,,,,,,,,,,,
Forge Medical Practice,,,SMMS,Patient Communications,480,2025-10-21,New,Won (100%),New Opportunity,Cameron Booth,Practice,Webinar,100%,In forecast,,,2025-09-18,,,,,,,2025-10-18,2026-10-18,,Lisa O'Keefe,,,Lisa O'Keefe,l.o'keefe@nhs.net,"Forge Medical Practice
Pallion Park
Sunderland Tyne and wear sr4 6qe",DD,Monthly,Remote,,,,,,,,,,,,,
Nottingham City GPA,,,SMMS,Patient Communications,2400,2025-10-21,New,Won (100%),New Opportunity,Cameron Booth,GP Federation,Personal email campaign,100%,In forecast,,,2025-07-31,,,,,,,2025-10-17,2026-10-16,,Nicola Conwill-Brittain,,,Nicola Conwill-Brittain,nicola.conwill-brittain1@nhs.net,"Nottingham City GP Alliance
79a Upper Parliament Street
Nottingham Nottinghamshire NG1 6LD",DD,Monthly,Remote,,,,,,,,,,,,,
The Swan Surgery,,,SMMS,Patient Communications,480,2025-10-22,New,Won (100%),New Opportunity,Liam Wright,Practice,BP Birmingham,100%,In forecast,,,2025-10-22,,,,,,,2025-10-22,2026-10-21,,Swan Surgery,,,Kevin Whomes,kevin.whomes@nhs.net,"Northgate Business Park, Northgate Street
Bury St Edmunds Suffolk IP33 1AE",DD,Monthly,Remote,,,,,,,,,,,,,
Chorley Surgery,,,SMMS/AI,Patient Communications,980,2025-10-23,New,Won (100%),Contract Sent,Richard Stoddart,Practice,BP Birmingham,100%,In forecast,,,2025-10-23,,,,,,,,,,,,,,,,Invoice,Annual,Remote,,,,,,,,,,,,,
The Ridge Medical Practice,,,SMMS/AI,Patient Communications,1350,2025-10-24,New,Won (100%),Contract Sent,Richard Stoddart,Practice,BP Birmingham,100%,In forecast,,,,,,,,,,,,,The Ridge Medical Practice,,,Liz Brook,ridgefinanceteam@bradford.nhs.uk,"The Ridge Medical Centre, Cousen Road, Great Horton Bradford West Yorkshire BD7 3J",DD,Monthly,Remote,,,,,,,,,,,,,
James Wigg Group Practice,,,SMMS/AI,Patient Communications,1200,2025-10-27,New,Won (100%),Contract Sent,Richard Stoddart,PCN,BP Birmingham,100%,In forecast,,,,,,,,,,,,,James Wigg Group Practice,,,Mr Pal Bhambra,pbhambra1@nhs.net,"2 Bartholomew Road
Kentish Town Health Centre London NW5 2BX",Invoice,Two Payments,Remote,,,,,,,,,,,,,
Church Road Surgery,,,SMMS/AI,Patient Communications,840,2025-10-30,New,Won (100%),Closed Won,Liam Wright,Practice,BP Birmingham,100%,In forecast,,,2025-10-17,,,,,,,,,,Church Road Surgery,,,Philip Hope,nhsbsolicb.churchroadmanagement@nhs.net,"90 Church Road
Birmingham West Midlands B26 3TP",DD,Monthly,Remote,,,,,,,,,,,,,
Plymouth Primary Care Ltd,,,SMMS,Patient Communications,1350,2025-10-31,New,Won (100%),Closed Won,Richard Stoddart,Practice Group,BP Birmingham,100%,In forecast,,,,2025-10-22,2025-10-31,,,,,,,,Plymouth Primary Care Ltd,,,Adam Bolton,d-icb.rgp.finance@nhs.net,"Bramley Village Health and Wellbeing Centre
16 Highfield Road West Yorkshire LS13 2BL",DD,Monthly,Face to Face,,,,,,,,,,,,,
eConsult (Newcastle pilot),,,Partnerships,Deployment & Partnerships,20000,2025-10-31,New,Won (100%),Closed Won,Matt Murphy,Partner,Partner,100%,In forecast,,,2025-07-31,,,,,,,,,,,,,,,,,,,,,,,,,,,,,,,
Pallion Medical Practice,,,AI,Patient Communications,720,2025-10-31,New,Won (100%),Contract Sent,Liam Wright,Practice,Existing customer relations,100%,In forecast,,,2025-09-23,,,,,,,,,,Pallion Family Practice,,,Lesley Blakeston,lesley.blakeston@nhs.net,"Pallin Health Centre, Kylton Road, Sunderland, SR4 7XF",DD,Monthly,Remote,,,,,,,,,,,,,
Foxes PCN,,,SMMS,Patient Communications,720,2025-11-03,New,Won (100%),New Opportunity,Cameron Booth,PCN,Personal email campaign,100%,In forecast,,,2025-09-29,,,,,,,2025-10-15,2026-10-15,,Crystal Dsouza,,,Crystal Dsouza,crystal.dsouza2@nhs.net,"Foxes PCN c/o Queens Road Surgery
282 Queens Road
Leicester Leicestershire LE2 3FU",DD,Monthly,Remote,,,,,,,,,,,,,
THE GOLBORNE MEDICAL CENTRE,,,SMMS,Patient Communications,720,2025-11-03,New,Won (100%),New Opportunity,Cameron Booth,Practice,Personal email campaign,100%,In forecast,,,2025-09-05,,,,,,,2025-10-17,2026-10-16,,Yasmin Razak,,,Yasmin Razak,y.razak@nhs.net,"Golborne Medical West10 GPs
16 Golborne Rd
Kensington London W10 5PE",DD,Monthly,Remote,,,,,,,,,,,,,
Bosvena Health (Three Harbours & Bosvena PCN),,,SMMS,Patient Communications,480,2025-11-04,Renewal,Won (100%),New Opportunity,Cameron Booth,PCN,Existing customer relations,100%,In forecast,,,2024-09-30,,,,,,,2025-10-31,2026-10-30,,Rebecca Harris,,,Rebecca Harris,rebecca.harris20@nhs.net,"Bosvena Health
Stillmoor House Site, Bell Lane
Bodmin Cornwall PL31 2JJ",DD,Monthly,Remote,,,,rebecca.harris20@nhs.net,,,,,,,,,
Tarleton Group Practice,,,SMMS,Patient Communications,440,2025-11-05,New,Won (100%),New Opportunity,Richard Stoddart,Practice,BP Birmingham,100%,In forecast,,,2025-11-05,,,,,,,,,,Tarleton Group Practice,,,Judie Rowlands,judie.rowlands@nhs.net,"The Health Centre
Gorse Lane Tarleton Pr4 6UJ",Invoice,Annual,Face to Face,,,,,,,,,,,,,
Dr Matt Teesdale,,,AI,Patient Communications,440,2025-11-05,New,Won (100%),Contract Sent,Richard Stoddart,Practice,BP Birmingham,100%,In forecast,,,2025-11-04,,,,,,,,,,Penistone Group Practice,,,Dr Matthew Teesdale,teesdale81@gmail.com,"Penistone Group Practice
19 High Street, Penistone, S36 6BR",Invoice,Annual,Remote,,,,,,,,,,,,,
Didsbury Medical Centre,,,SMMS,Patient Communications,960,2025-11-06,New,Won (100%),New Opportunity,Cameron Booth,Practice,Personal email campaign,100%,In forecast,,,2025-09-26,,,,,,,2025-11-05,2026-11-05,,Sarah Sales,,,Sarah Sales,sarah.sales@nhs.net,"Didsbury Medical Centre
645 Wilmslow Road
Didsbury Manchester M20 6BA",DD,Monthly,Remote,,,,,,,,,,,,,
Millfield Medical Group,,,SMMS,Patient Communications,480,2025-11-07,New,Won (100%),New Opportunity,Cameron Booth,Practice,Existing customer relations,100%,In forecast,,,2025-10-07,,,,,,,2025-11-14,2025-11-14,,Paul Weddle,,,Paul Weddle,paul.weddle@nhs.net,"Millfield Medical Group
Millfield Medical Centre, Hylton Rd, Millfield
Sunderland Tyne and Wear SR6 7AF",DD,Monthly,Remote,,,,,,,,,,,,,
Shakespeare Road Medical Practice,,,SMMS,Patient Communications,480,2025-11-07,Renewal,Won (100%),New Opportunity,Cameron Booth,Practice,Existing customer relations,100%,In forecast,,,2025-11-03,,,,,,,2025-11-03,2026-10-30,,Glenn Hirst,,,Glenn Hirst,glenn.hirst@nhs.net,"Shakespeare Road Medical Practice
Shakespeare Road",DD,Monthly,Remote,,,,,,,,,,,,,
Whitewater Health,,,SMMS,Patient Communications,480,2025-11-07,New,Won (100%),New Opportunity,Cameron Booth,Practice,Personal email campaign,100%,In forecast,,,2025-10-07,,,,,,,2025-11-14,2026-11-13,,Rob Whitfield,,,Rob Whitfield,robert.whitfield2@nhs.net,"Whitewater Health
Hook Surgery, Reading Road
Hook Hampshire RG27 9ED",DD,Monthly,Remote,,,,,,,,,,,,,
KILLICK STREET HEALTH CENTRE,,,SMMS,Patient Communications,650,2025-11-11,Renewal,Won (100%),New Opportunity,Cameron Booth,Practice,Existing customer relations,100%,In forecast,,,2025-11-10,,,,,,,2025-04-01,2026-04-01,,Jo West,,,Jo West,jo.west3@nhs.net,"Killick Street Health Centre
75 Killick Street Health
London London E11 2SL",Invoice,Annual,Remote,,,,,,,,,,,,,
Blackthorn Health Centre,,,SMMS/AI,Patient Communications,440,2025-11-11,New,Won (100%),Contract Sent,Richard Stoddart,Practice,Derby LMC Event,100%,In forecast,,,,,,,,,,,,,Jennie Dock,,,Zoe Kynes,hiowicb-hsi.hvhfinance@nhs.net,"Centre
Satchell Lane Southampton SO31 4NQ",Invoice,One off,Remote,,,,,,,,,,,,,
Abbeywell Surgery,,,SMMS,Patient Communications,480,2025-11-12,New,Won (100%),New Opportunity,Cameron Booth,Practice,Personal email campaign,100%,In forecast,,,2025-09-19,,,,,,,2025-11-13,2026-11-13,,Leanne Barter,,,Leanne Barter,leanne.barter@nhs.net,"Abbeywell Surgery
Abbey Mead Site
The Abbey Hampshire SO518EN",DD,Monthly,Remote,,,,,,,,,,,,,
Dr Kent and Partners - Tarporley,,,SMMS,Patient Communications,480,2025-11-14,New,Won (100%),New Opportunity,Cameron Booth,Practice,Personal email campaign,100%,In forecast,,,2025-07-31,,,,,,,2025-10-24,2025-10-24,,Sian Hartry,,,Sian Hartry,s.hartry@nhs.net,"Dr Kent and Partners
The Health Centre
Park Rd Tarporley CW6 0BE",DD,Monthly,Remote,,,,,,,,,,,,,
Orient Road Medical Practice,,,SMMS,Patient Communications,660,2025-11-14,New,Won (100%),Contract Sent,Richard Stoddart,Practice,BP Birmingham,100%,In forecast,,,2025-11-11,,,,,,,,,,Orient Road Medical Practice,,,Dr. V Selvaraasan,v.selvaraasan@nhs.net,"37 Orient Road
Salford Lancashire M68LE",Invoice,One off,Remote,,,,,,,,,,,,,
GPS Healthcare ,,,SMMS,Patient Communications,1127,2025-11-14,New,Won (100%),New Opportunity,Cameron Booth,PCN,Personal email campaign,100%,In forecast,,,2025-11-13,,,,,,,2025-11-13,2026-11-13,,Rachel Simonczyk,,,Rachel Simonczyk,rachel.simonczyk@nhs.net,"GPS Healthcare
198 Tanworth Lane
Solihull West Midlands B90 4DD",Invoice,Annual,Remote,,,,,,,,,,,,,
Fleet PCN,,,SMMS,Patient Communications,480,2025-11-14,New,Won (100%),New Opportunity,Cameron Booth,PCN,Personal email campaign,100%,In forecast,,,2025-09-05,,,,,,,2025-11-14,2026-11-13,,Mariana Angold,,,Mariana Angold,mariana.angold@nhs.net,"Fleet Primary Care network
Richmond Surgery
Richmond Close Hampshire GU527US",DD,Monthly,Remote,,,,,,,,,,,,,
Prentis Medical Centre,,,SMMS,Patient Communications,720,2025-11-17,New,Won (100%),New Opportunity,Cameron Booth,Practice,Personal email campaign,100%,In forecast,,,2025-07-31,,,,,,,2025-11-14,2026-11-13,,Chisom Okechukwu,,,Chisom Okechukwu,c.okechukwu@nhs.net,"Prentis medical centre
2 prentis road
London England sw16 1xu",DD,Monthly,Remote,,,,,,,,,,,,,
Princes Gardens Surgery,,,SMMS,Patient Communications,720,2025-11-17,Renewal,Won (100%),New Opportunity,Cameron Booth,Practice,Existing customer relations,100%,In forecast,,,2024-09-30,,,,,,,2025-11-28,2026-11-27,,Louisa Enriquez,,,Louisa Enriquez,louisa.enriquez@nhs.net,"PRINCES GARDENS SURGERY
2A HIGH STREET
ALDERSHOT
HANTS
GU11 1BJ",DD,Monthly,Remote,,,,LOUISA.ENRIQUEZ@NHS.NET,,,,,,,,,
Churchmere Medical Group,,,AI,Patient Communications,220,2025-11-20,New,Won (100%),New Opportunity,Liam Wright,Practice,Existing customer relations,100%,In forecast,,,2025-09-01,,,,,,,,,,,,,,,,,,,,,,,,,,,,,,,
Swan Surgery,,,SMMS,Patient Communications,400,2025-11-21,New,Won (100%),Contract Sent,Richard Stoddart,Practice,BP Birmingham,100%,In forecast,,,2025-11-21,,,,,,,,,,Swan Surgery,,,Kevin Whomes,kevin.whomes@nhs.net,"Northgate Business Park, Northgate Street
Bury St Edmunds Suffolk IP33 1AE",Invoice,Annual,Remote,,,,,,,,,,,,,
Hall Green Health,,,SMMS,Patient Communications,960,2025-11-21,New,Won (100%),New Opportunity,Cameron Booth,Practice,Existing customer relations,100%,In forecast,,,2025-11-18,,,,,,,2025-11-18,2026-11-18,,Hannah Turner,,,Hannah Turner,h.turner25@nhs.net,"HAll Green Health
977 - 979 Stratford Rd Birmingham
Birmingham West Midlands B28 8BG",DD,Monthly,Remote,,,,,,,,,,,,,
Riverside Surgery,,,SMMS,Patient Communications,480,2025-11-24,New,Won (100%),New Opportunity,Cameron Booth,Practice,Existing customer relations,100%,In forecast,,,2025-11-17,,,,,,,2025-11-19,2026-11-19,,Debbie Fletcher,,,Debbie Fletcher,deborah.fletcher2@staffs.nhs.uk,"Riverside Surgery
41-42 Balfour
Tamworth Staffs B79 7BH",DD,Monthly,Remote,,,,,,,,,,,,,
Aspire Medical PCN,,,SMMS,Patient Communications,10486,2025-11-24,Renewal,Won (100%),Closed Won,Cameron Booth,PCN,Existing customer relations,100%,In forecast,,,2025-03-31,,,,,,,2026-02-11,2028-02-11,,Mohammad Halim,,,Mohammad Halim,m.halim1@nhs.net,"Aspire Medical Health
Marlowe Park Medical Practice
Wells Road, Roches
Kent
ME2 2PW",Invoice,Annual,Remote,,,,mukherjee.subhro@nhs.net,,,,,,,,,
Conisbrough Group Practice,,,SMMS,Patient Communications,1200,2025-11-24,New,Won (100%),New Opportunity,Cameron Booth,Practice,Existing customer relations,100%,In forecast,,,2025-11-18,,,,,,,2026-05-29,2028-05-31,,Bex Cottey,,,Bex Cottey,bex.cottey@nhs.net,"Conisbrough Group Practice
The Stone Castle Centre
Gardens Lane Conisbrough DN12 3JW",DD,Monthly,Remote,,,,,,,,,,,,,
WALKLEY HOUSE STANNINGTON M.C,,,SMMS,Patient Communications,480,2025-11-25,New,Won (100%),New Opportunity,Cameron Booth,Practice,Existing customer relations,100%,In forecast,,,2025-11-25,,,,,,,2026-05-31,2027-05-31,,Lynn Rogers,,,Lynn Rogers,lynn.rogers5@nhs.net,"Walkley House & Stannington Medical Centre
23 Greenhow Street
Sheffield South Yorkshire S6 3TN",DD,Monthly,Remote,,,,,,,,,,,,,
Welbeck Surgery,,,SMMS,Patient Communications,480,2025-11-26,New,Won (100%),New Opportunity,Cameron Booth,Practice,Personal email campaign,100%,In forecast,,,2025-07-31,,,,,,,2025-11-17,2026-11-17,,Sarah Childs,,,Sarah Childs,sarah.childs7@nhs.net,"Welbeck Surgery
481-491 Mansfield Road
Sherwood Nottingham NG2 5NB",DD,Monthly,Remote,,,,,,,,,,,,,
Valley Medical Centre,,,SMMS,Patient Communications,480,2025-11-26,New,Won (100%),New Opportunity,Cameron Booth,Practice,Existing customer relations,100%,In forecast,,,2025-11-24,,,,,,,2026-05-29,2027-05-28,,Lauren Wainwright,,,Lauren Wainwright,lauren.wainwright4@nhs.net,"Stocksbridge Medical Group (Valley Medical Centre)
Johnson Street, Stocksbridge
Sheffield South Yorkshire S36 1BX",DD,Monthly,Remote,,,,,,,,,,,,,
SMS Medical Practice Boosted Campaign,,,SMMS,Patient Communications,100,2025-11-27,New,Won (100%),New Opportunity,Cameron Booth,Practice,Existing customer relations,100%,In forecast,,,2025-11-27,,,,,,,,,,Shahla Jamal,,,Shahla Jamal,shahlajamal@nhs.net,"SMS MEDICAL PRACTICE
WEMBLEY CENTRE FOR HEALTH AND CARE
116 CHAPLIN ROAD, WEMBLEY
MIDDLESEX
HA0 4UZ",Invoice,One off,Remote,,,,,,,,,,,,,
COCO PCN,,,SMMS,Patient Communications,499,2025-11-28,Renewal,Won (100%),New Opportunity,Cameron Booth,PCN,Existing customer relations,100%,In forecast,,,2025-07-31,,,,,,,2026-05-22,2027-05-22,,Melissa Shiel,,,Melissa Shiel,melissa.shiel@nhs.net,"Coco PCN
STepgates
Chertsey surrey KT168hz",Invoice,Annual,Remote,,,,melissa.shiel@nhs.net,,,,,,,,,
Mosslands Medical Practice,,,SMMS,Patient Communications,480,2025-12-01,New,Won (100%),New Opportunity,Cameron Booth,Practice,Personal email campaign,100%,In forecast,,,2025-09-29,,,,,,,2025-11-25,2026-11-25,,Charlotte Conley,,,Charlotte Conley,c.conley@nhs.net,"The Mosslands Medical Practice
Irlam medical centre
Manchester Greater Manchester M44 5LH",DD,Monthly,Remote,,,,,,,,,,,,,
Brocklebank Group Practice Boosted Campaign,,,SMMS,Patient Communications,200,2025-12-01,New,Won (100%),New Opportunity,Cameron Booth,Practice,Existing customer relations,100%,In forecast,,,2025-12-01,,,,,,,,,,Tina Pascoe,,,Tina Pascoe,tina.pascoe@nhs.net,,Invoice,One off,Remote,,,,,,,,,,,,,
Lovemead Group Practice,,,SMMS/AI,Patient Communications,1250,2025-12-01,New,Won (100%),Contract Sent,Richard Stoddart,Practice,Derby LMC Event,100%,In forecast,,,2025-11-04,,,,,,,,,,Lovemead Group Practice,,,Suzanne Petty,bswicb.roundstone.accounts@nhs.net,"Roundstone Surgery, Polebarn Circus, 
Trowbridge Wiltshire BA14 7EH",Invoice,Annual,Remote,,,,,,,,,,,,,
Sefton Park Medical Centre,,,SMMS,Patient Communications,998,2025-12-02,Renewal,Won (100%),New Opportunity,Cameron Booth,Practice,Personal email campaign,100%,In forecast,,,2025-03-31,,,,,,,2026-03-06,2028-03-06,,Simon Turton,,,Simon Turton,simon.turton@livgp.nhs.uk,"Sefton Park Medical Centre
Smithdown Road
Liverpool 
Merseyside
L15 2LQ",Invoice,Annual,Remote,,,,Simon.Turton@livgp.nhs.uk,,,,,,,,,
Swan Surgery 2026,,,SMMS,Patient Communications,400,2025-12-04,New,Won (100%),Contract Sent,Richard Stoddart,Practice,BP Birmingham,100%,In forecast,,,2025-12-04,,,,,,,,,,Swan Surgery,,,Kevin Whomes,kevin.whomes@nhs.net,"Northgate Business Park, Northgate Street
Bury St Edmunds Suffolk IP33 1AE",Invoice,Annual,Remote,,,,,,,,,,,,,
WENTWORTH MEDICAL PRACTICE,,,SMMS,Patient Communications,960,2025-12-04,New,Won (100%),New Opportunity,Cameron Booth,Practice,Personal email campaign,100%,In forecast,,,2025-10-21,,,,,,,2025-12-04,2027-12-03,,Katrina Collins,,,Katrina Collins,katrina.collins@nhs.net,"Wentworth Medical Practice
38 Wentworth Avenue
London Barnet N3 1YL",DD,Monthly,Remote,,,,,,,,,,,,,
Southampton West PCN,,,SMMS,Patient Communications,4491,2025-12-05,Renewal,Won (100%),New Opportunity,Cameron Booth,PCN,Existing customer relations,100%,In forecast,,,2024-09-30,,,,,,,2026-01-01,2027-01-01,,Matt Austin-Bailey,,,Matt Austin-Bailey,matt.austin-bailey@nhs.net,"Southampton West PCN Limited
355 Shirley Road
Southampton Hampshire SO153JD",Invoice,Annual,Remote,,,,,,,,,,,,,
ORCHARD HOUSE SURGERY,,,SMMS,Patient Communications,480,2025-12-05,New,Won (100%),New Opportunity,Cameron Booth,Practice,Personal email campaign,100%,In forecast,,,2025-10-21,,,,,,,2025-12-05,2026-12-04,,Megan Quinlan,,,Megan Quinlan,meganquinlan@nhs.net,"Orchard House Surgery
Fred Archer Way
Newmarket Suffolk CB8 8NU",DD,Monthly,Remote,,,,,,,,,,,,,
St. John's Group Practice,,,SMMS,Patient Communications,480,2025-12-08,New,Won (100%),New Opportunity,Cameron Booth,Practice,Existing customer relations,100%,In forecast,,,2025-12-05,,,,,,,2026-05-29,2027-05-31,,Paige Holmes,,,Paige Holmes,paige.holmes2@nhs.net,"St Johns Group Practice
Greenfield Lane Balby
Doncaster South Yorkshire DN4 0TH",DD,Monthly,Remote,,,,,,,,,,,,,
ORCHA - dpeloyment partnership,,,Partnerships,Deployment & Partnerships,2000,2025-12-08,New,Won (100%),Closed Won,Dillon Sykes,Partner,Employee Referral,100%,In forecast,,,2025-11-12,,,,,,,,,,,,,,,,,,,,,,,,,,,,,,,
Magdalen Medical Practice_IMMS_Part One,,,Income Gen,Digital & Transformation,210,2025-12-09,New,Won (100%),Contract Sent,Tom Owen,Practice,Existing customer relations,100%,In forecast,,,2025-11-04,,,,,,,,,,,,,,,,,,,,,,,,,,,,,,,
Chapel Group Medical Centre,,,SMMS,Patient Communications,2247,2025-12-09,Renewal,Won (100%),New Opportunity,Cameron Booth,Practice,Existing customer relations,100%,In forecast,,,2024-09-30,,,,,,Yes,2025-12-12,2028-12-12,,Clare Richardson,,,Clare Richardson,clare.richardson@nhs.net,"Chapel Group Medical Centre
220 Liverpool Road
Irlam
Manchester
M44 6FE",Invoice,Annual,Remote,,,,clare.richardson@nhs.net,,,,,,,,,
MEADOWGREEN HEALTH CENTRE,,,SMMS,Patient Communications,720,2025-12-09,New,Won (100%),New Opportunity,Cameron Booth,Practice,Existing customer relations,100%,In forecast,,,2025-11-28,,,,,,,2026-05-31,2027-05-31,,Elaine Rissbrook,,,Elaine Rissbrook,erissbrook@nhs.net,"Meadowgreen Health Centre
1 Dyche Close
Sheffield South Yorkshire S8 8DJ",DD,Monthly,Remote,,,,,,,,,,,,,
WOODLAND DRIVE MEDICAL CENTRE,,,SMMS,Patient Communications,480,2025-12-09,New,Won (100%),New Opportunity,Cameron Booth,Practice,Existing customer relations,100%,In forecast,,,2025-11-25,,,,,,,2026-05-31,2027-05-31,,Ebi Solomon,,,Ebi Solomon,bolouebi.solomon@nhs.net,"Woodland Drive Medical Centre
Woodland Drive
Barnsley South Yorkshire S70 6QW",DD,Monthly,Remote,,,,,,,,,,,,,
Bramley Village,,,SMMS,Patient Communications,880,2025-12-10,New,Won (100%),Contract Sent,Richard Stoddart,Practice Group,BP Birmingham,100%,In forecast,,,2025-10-30,2025-10-22,2025-10-31,,,,,,,,Bramley Village Health and Wellbeing Centre,,,Adam Bolton,d-icb.rgp.finance@nhs.net,"16 Highfield Road, Bramley
Leeds West Yorkshire LS13 2BL",Invoice,Annual,Face to Face,,,,,,,,,,,,,
Woodseats Medical Centre,,,SMMS,Patient Communications,480,2025-12-15,New,Won (100%),New Opportunity,Cameron Booth,Practice,Existing customer relations,100%,In forecast,,,2025-12-05,,,,,,,2026-05-29,2027-05-31,,Maria Hadley-Howell,,,Maria Hadley-Howell,maria.hadley-howell@nhs.net,"Woodseats Medical Centre
The Roddick building
900 Chesterfield Road Sheffield S8 0SH",DD,Monthly,Remote,,,,,,,,,,,,,
STONECROFT MEDICAL CENTRE,,,SMMS,Patient Communications,480,2025-12-15,New,Won (100%),New Opportunity,Cameron Booth,Practice,Existing customer relations,100%,In forecast,,,2025-12-12,,,,,,,2026-05-29,2027-05-28,,Sarah Grant,,,Sarah Grant,sarahgrant1@nhs.net,"STONECROFT MEDICAL CENTRE
871 GLEADLESS ROAD
SHEFFIELD SOUTH YORKSHIRE S12 2LJ",DD,Monthly,Remote,,,,,,,,,,,,,
PORTER BROOK MEDICAL CENTRE & SHU Health,,,SMMS,Patient Communications,1440,2025-12-15,New,Won (100%),New Opportunity,Cameron Booth,Practice,Existing customer relations,100%,In forecast,,,2025-12-02,,,,,,,2026-05-29,2027-05-31,,Lisa Dale,,,Lisa Dale,lisa.dale14@nhs.net,"Porter Brook Medical Centre
Porter Brook Medical Centre
9 Sunderland Street South Yorkshire S11 8HN",DD,Monthly,Remote,,,,,,,,,,,,,
Richmond Surgery,,,SMMS,Patient Communications,960,2025-12-15,New,Won (100%),New Opportunity,Cameron Booth,Practice,Personal email campaign,100%,In forecast,,,2025-11-18,,,,,,,2025-12-15,2027-12-15,,Donna Brennan,,,Donna Brennan,donnabrennan@nhs.net,"Richmond Surgery
Richmond Close
Fleet Hants GU52 7US",Invoice,Annual,Remote,,,,,,,,,,,,,
Wickford Primary Care Network,,,SMMS,Patient Communications,480,2025-12-17,New,Won (100%),New Opportunity,Cameron Booth,PCN,Existing customer relations,100%,In forecast,,,2025-11-24,,,,,,,2025-12-15,2026-12-15,,Ellen Hinkley,,,Ellen Hinkley,ellen.hinkley@nhs.net,"Wickford PCN
C/O Swanwood Partnership, 2 Market Ave
Wickford Essex SS12 0AG",DD,Monthly,Remote,,,,,,,,,,,,,
South Fulham PCN,,,SMMS,Patient Communications,2880,2025-12-17,New,Won (100%),New Opportunity,Cameron Booth,PCN,Personal email campaign,100%,In forecast,,,2025-11-12,,,,,,,2025-12-17,2026-12-17,,Ross Lambdon,,,Ross Lambdon,r.lambdon1@nhs.net,"South Fulham PCN Ltd
5-7 Parsons Green
London London SW6 4UL",Invoice,Annual,Remote,,,,,,,,,,,,,
Albion Street,,,SMMS/AI,Patient Communications,1100,2025-12-17,New,Won (100%),Contract Sent,Richard Stoddart,Practice,Personal email campaign,100%,In forecast,,,2025-11-18,,,,,,,,,,Albion Health Centre,,,Mr Sham Noor,shamsun.noor@nhs.net,"333 Whitechapel Road
Whitechapel London E1 1BU",Invoice,Annual,Remote,,,,,,,,,,,,,
Tone Valley PCN,,,SMMS/AI,Patient Communications,440,2025-12-17,New,Won (100%),Contract Sent,Richard Stoddart,PCN,BP Birmingham,100%,In forecast,,,2025-12-09,,,,,,,,,,Tone Valley PCN,,,Kathryn Kyle,KYLkathryn.kyle@nhs.net,"C/O Lyngford Park Surgery, Fletcher Close
Taunton Somerset TA28SQ",Invoice,Annual,Remote,,,,,,,,,,,,,
Sunderland Health and Wellness Hub,,,SMMS,Patient Communications,1440,2025-12-18,Renewal,Won (100%),New Opportunity,Cameron Booth,GP Federation,Personal email campaign,100%,In forecast,,,2024-09-30,,,,,,,2026-01-23,2028-01-21,,Charlotte Abernethy,,,Charlotte Abernethy,charlotte.abernethy@nhs.net,"Sunderland GP Alliance
Business & Innovation Centre,
Wearfield, Sunderland SR5 2TA",Invoice,Annual,Remote,,,,david.gunion@nhs.net,,,,,,,,,
Sunderland Health and Wellness Hub Boosted Campaign,,,SMMS,Patient Communications,1000,2025-12-18,Renewal,Won (100%),New Opportunity,Cameron Booth,GP Federation,Personal email campaign,100%,In forecast,,,2025-12-18,,,,,,,2026-01-23,2028-01-21,,Charlotte Abernethy,,,Charlotte Abernethy,charlotte.abernethy@nhs.net,"Sunderland GP Alliance
Business & Innovation Centre,
Wearfield, Sunderland SR5 2TA",Invoice,Annual,Remote,,,,david.gunion@nhs.net,,,,,,,,,
OneAdvanced Scotland (Vision Delivery),,,Partnerships,Deployment & Partnerships,933300,2025-12-24,New,Won (100%),Closed Won,Dan H,Partner,Partner,100%,In forecast,,,2025-08-01,,,,,,,,,,,,,,,,,,,,,,,,,,,,,,,
OneAdvanced (Vision Training),,,Partnerships,Deployment & Partnerships,135500,2025-12-24,New,Won (100%),Closed Won,Dan H,Partner,Partner,100%,In forecast,,,2025-12-17,,,,,,,,,,,,,,,,,,,,,,,,,,,,,,,
Coco PCN 2,,,SMMS,Patient Communications,900,2026-08-10,New,Won (100%),Contract Sent,Richard Stoddart,Practice,Cold Email,50%,In forecast,,melissa.shiel@nhs.net,2026-07-15,,2026-08-14,,,,,,,,,,,Coco PCN,melissa.shiel@nhs.net,45 Station Road Addlestone KT15 2BH,DD,Monthly,Remote,,,,,,,,,,,,,
Gosport Central PCN,,,SMMS,Patient Communications,3140,2026-08-14,New,Won (100%),Contract Sent,Richard Stoddart,PCN,Existing customer relations,50%,In forecast,,rachel.hunter@southernhealth.nhs.uk,2025-10-03,,2026-08-17,,,,,2026-09-23,2027-09-23,,Gosport Central PCN,,,Rachel Hunter,rachel.hunter@southernhealth.nhs.uk,Brune Medical Centre 10 Rowner Road Gosport PO13 0EW,Invoice,Annual,Remote,,,,Rachel.Hunter@southernhealth.nhs.uk,,,,,,,,,
Copsewood Medical,,,SMMS,Patient Communications,480,2026-08-13,New,Won (100%),Contract Sent,Richard Stoddart,Practice,Cold Email,50%,In forecast,,nafisa.suleman@nhs.net,2026-06-24,,,,,,,,,,Copeswood Medical Centre,,,Nafisa Suleman,nafisa.suleman@nhs.net,95 Momus Boulevard West midlands CV2 5NB,DD,Monthly,Remote,,,,,,,,,,,,,
Hughenden Valley,,,SMMS,Patient Communications,2400,2026-08-17,New,Won (100%),Contract Sent,Richard Stoddart,Practice,Word of mouth,50%,,,a.baheerathan2@nhs.net,2026-08-10,,2026-08-28,,,,,,,,Hughenden Valley Surgery,,,AJ Baheerathan,a.baheerathan2@nhs.net,"Valley Rd, Hughenden Valley, High Wycombe Valley Rd Buckinghamshire HP14 4LG",DD,Monthly,Remote,,,,,,,,,,,,,
Sele Medical Practice,,,List Growth,Patient Communications,9000,2026-08-20,New,Won (100%),Closed Won,Dillon Sykes,Practice,LG2 campaign,80%,In forecast,,,2026-07-17,,,,,,,,,,,,,,,,Invoice,Monthly,Remote,,,,,,,,,,,,,
Wyvern Health PCN,,,SMMS,Patient Communications,600,2026-08-23,Renewal,Won (100%),Contract Sent,Richard Stoddart,PCN,Existing customer relations,50%,In forecast,,renata.smolskyte1@nhs.net,2025-09-22,,2026-08-24,,,,,2026-09-23,2027-09-23,,Renata Smolskyte,,,Renata Smolskyte,renata.smolskyte1@nhs.net,"Wyvern Health PCN
Priory Road Medical Centre
Priory Road
Wiltshire
SN3 2EZ",Invoice,Annual,Remote,,,,renata.smolskyte1@nhs.net,,,,,,,,,
Bolton GP Fed,,,SMMS,Patient Communications,3000,2026-08-20,New,Won (100%),Contract Sent,Richard Stoddart,GP Federation,Word of mouth,50%,In forecast,,jack.ayling@boltongpfed.co.uk,2026-07-27,,2026-08-26,,,,,,,,Bolton GP Federation,,,Victoria Westwood,jack.ayling@boltongpfed.co.uk,The primary Care Hub Chorley Street Bolton BL1 4AL,Invoice,Annual,Remote,,,,,,,,,,,,,
Didsbury Medical,,,SMMS,Patient Communications,120,2026-08-17,New,Won (100%),New Opportunity,Richard Stoddart,Practice,Existing customer relations,50%,In forecast,,,2026-08-17,,,,,,,,,,,,,,,,DD,,,,,,,,,,,,,,,
Ashfield Medical Centre,,,SMMS,Patient Communications,600,2026-09-01,New,Won (100%),Contract Sent,Richard Stoddart,Practice,Cold Email,50%,In forecast,,adele.milnes@nhs.net,2026-08-25,,2026-09-01,,,,,,,,Ashfield Medical Centre,,,Adele Milnes,adele.milnes@nhs.net,15 Austhorpe Road Leeds West Yorkshire LS15 8BA,DD,Monthly,Remote,,,,,,,,,,,,,
The Museum Practice,,,List Growth,Patient Communications,18000,2026-08-06,New,Proposal Sent,Closed Lost,Tom Owen,Practice,LG2 campaign,10%,NOT in forecast,,,2026-06-22,,,,,,,,,,,,,,,,,,,,,,,,,,,,,,,
Peel House Medical,,,List Growth,Patient Communications,30000,2026-08-11,New,Proposal Sent,Closed Lost,Tom Owen,Practice,LG1 campaign,10%,NOT in forecast,,,2026-05-29,,,,,,,,,,,,,,,,,,,,,,,,,,,,,,,
Grove Surgery,,,List Growth,Patient Communications,30000,2026-08-11,New,Proposal Sent,Closed Lost,Tom Owen,Practice,LG1 campaign,10%,NOT in forecast,,,2026-05-12,,,,,,,,,,,,,,,,,,,,,,,,,,,,,,,
Chelsea & Westminster Hospital,,,AI,Patient Communications,3500,2026-08-13,New,Initial Discussion,Closed Lost,Liam Wright,NHS Trust,Website,10%,NOT in forecast,Unresponsive,,2026-03-24,,,,,,,,,,,,,,,,,,,,,,,,,,,,,,,
MGS Medical Practice,,,List Growth,Patient Communications,30000,2026-08-14,New,Proposal Sent,Closed Lost,Cameron Booth,Practice,LG2 campaign,10%,NOT in forecast,,,2026-07-08,2026-06-11,,,,,,,,,,,,,,,DD,Monthly,Remote,,,,,,,,,,,,,
Mayfield Medical Centre,,,List Growth,Patient Communications,24000,2026-08-14,New,Proposal Sent,Closed Lost,Cameron Booth,Practice,LG2 campaign,10%,NOT in forecast,,,2026-07-08,2026-06-15,,,,,,,,,,,,,,,DD,Monthly,Remote,,,,,,,,,,,,,
The Hildenborough and Tonbridge Medical Group,,,List Growth,Patient Communications,24000,2026-08-14,New,Proposal Sent,Closed Lost,Cameron Booth,Practice,LG2 campaign,10%,NOT in forecast,,,2026-07-08,2026-06-15,,,,,,,,,,,,,,,DD,Monthly,Remote,,,,,,,,,,,,,
Albion Health Centre,,,List Growth,Patient Communications,30000,2026-08-14,New,Proposal Sent,Closed Lost,Cameron Booth,Practice,LG1 campaign,10%,NOT in forecast,,,2026-07-08,2026-06-03,,,,,,,,,,,,,,,DD,Monthly,Remote,,,,,,,,,,,,,
Prestbury Medical Practice,,,List Growth,Patient Communications,24000,2026-08-14,New,Proposal Sent,Closed Lost,Cameron Booth,Practice,LG2 campaign,10%,NOT in forecast,,,2026-07-08,,,,,,,,,,,,,,,,DD,Monthly,Remote,,,,,,,,,,,,,
Barwell & Hollycroft Medical Centres,,,List Growth,Patient Communications,30000,2026-08-14,New,Proposal Sent,Closed Lost,Cameron Booth,Practice,LG2 webinar,10%,NOT in forecast,,,2026-07-08,,,,,,,,,,,,,,,,DD,Monthly,Remote,,,,,,,,,,,,,
The Leith Hill Practice,,,List Growth,Patient Communications,18000,2026-08-14,New,Proposal Sent,Closed Lost,Cameron Booth,Practice,LG2 campaign,10%,NOT in forecast,,,,2026-07-22,,,,,,,,,,,,,,,DD,Monthly,Remote,,,,,,,,,,,,,
Eastwick Park Medical Practice,,,List Growth,Patient Communications,18000,2026-08-14,New,Proposal Sent,Closed Lost,Cameron Booth,Practice,LG2 webinar,10%,NOT in forecast,,,,2026-07-21,,,,,,,,,,,,,,,DD,Monthly,Remote,,,,,,,,,,,,,
Southview Medical Practice,,,List Growth,Patient Communications,18000,2026-08-17,New,Proposal Sent,Closed Lost,Cameron Booth,Practice,LG2 webinar,50%,,,,,2026-08-13,,,,,,,,,,,,,,,DD,Monthly,Remote,,,,,,,,,,,,,
CHOC PCN,,,DTMS,,1000,2025-07-01,New,Proposal Sent,Closed Lost,Tom Owen,PCN,DES/CAIP Campaign,10%,,No budget,,2022-01-01,2024-12-11,,,,,Yes,,,,,,,,,,,,,,,,,,,,,,,,,
Norfolk Primary Care/NN4 PCN,,,CAIP,,1000,2025-07-08,New,Proposal Sent,Closed Lost,Tom Owen,PCN,DES/CAIP Campaign,50%,,No budget,,2022-01-01,,,,,,,,,,,,,,,,,,,,,,,,,,,,,,,
Sherwood PCN D&T Hub,,,D&T Hub,,1000,2025-07-08,New,Initial Discussion,Closed Lost,,PCN,,10%,,Unresponsive,,2022-01-01,2024-12-10,2025-03-28,,,,,,,,,,,,,,,,,,,,,,,,,,,,,
Sunderland GP Alliance,,,D&T Hub,,5000,2025-07-14,New,Initial Discussion,Closed Lost,Dillon Sykes,GP Federation,,10%,,Unresponsive,,2022-01-01,2025-03-20,2025-04-10,,,,,,,,,,,,,,,,,,,,,,,,,,,,,
Humber and North Yorkshire ICB,,,DMI,,5000,2025-07-14,New,Initial Discussion,Closed Lost,Dillon Sykes,ICB,DMI Demo,10%,,Unresponsive,,2022-01-01,,,,,,Yes,,,,Dave Newton,,,,,,,,Remote,,,,,,,,,,,,,
South Manchester GP Fed * 2-3 PCNs,,,DTMS,,7500,2025-07-14,New,Advanced Discussion,Closed Lost,Dillon Sykes,PCN,D&T Network,50%,,No budget,,2022-01-01,2025-07-03,,,,,,,,,,,,,,,,,,,,,,,,,,,,,,
Astrazeneca ICB workshops,,,Partnerships,,6000,2025-07-14,New,Initial Discussion,Closed Lost,,Partner,Word of mouth,10%,,Unresponsive,,2022-01-01,,,,,,,,,,,,,,,,,,,,,,,,,,,,,,,
West Yorks ICB AI,,,AI,,13500,2025-07-14,New,Advanced Discussion,Closed Lost,Dillon Sykes,ICB,,10%,,Unresponsive,,2022-01-01,,,,,,,,,,,,,,richard@redmoorhealth.co.uk,,,,,,,,richard@redmoorhealth.co.uk,,,,,,,,,
Sandhills PCN Hub,,,D&T Hub,,2000,2025-07-15,Renewal,Initial Discussion,Closed Lost,Dillon Sykes,PCN,Employee Referral,10%,,No desire to continue,,2022-01-01,2025-04-01,2025-05-31,,,,,,,,,,,,,,,,Remote,,,,,,,,,,,,,
Withington Medical Practice,,,SMMS,,480,2025-07-15,New,Initial Discussion,Closed Lost,Cameron Booth,Practice,Cold Email,50%,,No desire to continue,,2022-01-01,,,,,,,,,,,,,,,,DD,Monthly,Remote,,,,,,,,,,,,,
The Park Medical Centre,,,SMMS,,720,2025-07-16,New,Initial Discussion,Closed Lost,Cameron Booth,Practice,Cold Email,50%,,No desire to continue,,2022-01-01,,,,,,,,,,,,,,,,DD,Monthly,Remote,,,,,,,,,,,,,
Bodey Medical Centre,,,SMMS,,480,2025-07-17,New,Initial Discussion,Closed Lost,Cameron Booth,Practice,Cold Email,50%,,No desire to continue,,2022-01-01,,,,,,,2025-07-17,2026-07-17,,Rachael Obrien,,,Rachael Obrien,rachael.obrien2@nhs.net,,DD,Monthly,Remote,,,,,,,,,,,,,
Railway Medical Group,,,SMMS,,720,2025-07-18,New,Initial Discussion,Closed Lost,Cameron Booth,Practice,Cold Email,50%,,No desire to continue,,2022-01-01,,,,,,,,,,,,,,,,DD,Monthly,Remote,,,,,,,,,,,,,
Enfield Unity PCN,,,AI,,480,2025-07-22,New,Proposal Sent,Closed Lost,Richard Stoddart,PCN,,10%,,Unresponsive,,2022-01-01,2025-06-27,,,,,,,,,,,,,,,,,,,,,,,,,,,,,,
Preston Park Community PCN,,,SMMS,,720,2025-07-22,New,Initial Discussion,Closed Lost,Cameron Booth,Practice,Cold Email,50%,,No desire to continue,,2022-01-01,,,,,,,,,,,,,,,,DD,Monthly,Remote,,,,,,,,,,,,,
Leeds GP Fed,,,SMMS/AI,,300,2025-07-22,New,Proposal Sent,Closed Lost,Liam Wright,GP Federation,Existing customer relations,10%,,No budget,,2022-01-01,,,,,,,,,,,,,,,,,,,,,,,,,,,,,,,
North West Leicestershire PCN,,,CAIP,,3000.0,2025-07-23,New,Proposal Sent,Closed Lost,Tom Owen,PCN,DES/CAIP Campaign,50%,,,,2022-01-01,,,,,,,,,,,,,,,,,,,,,,,,,,,,,,,
"Bath and North East Somerset, Swindon and Wiltshire ICB",,,Strategic,,100000,2025-07-23,New,Initial Discussion,Closed Lost,Tom Owen,ICB,Local Event,10%,,ICB Uncertainty,,2022-01-01,,,,,,,,,unlikely,,,,,,,,,Remote,,,,,,,,,,,,,
Tendring PCN (Pilot 22),,,DTMS,,13000,2025-07-23,New,Initial Discussion,Closed Lost,Dillon Sykes,PCN,BP London,10%,,Unresponsive,,2022-01-01,,2025-07-31,,,,,,,,,,,,,,,,,,,,,,2025-03-24,,,,,,,
Mendip PCN (PCN Nat Test Site),,,DTMS,,13500,2025-07-23,New,Initial Discussion,Closed Lost,Dillon Sykes,PCN,BP Birmingham,10%,,Unresponsive,,2022-01-01,,2025-07-31,,,,,,,,,,,,,,,,Remote,,,,,,,,,,,,,
Ranworth PCN (PCN Nat Test Site),,,DTMS,,1000,2025-07-23,New,Initial Discussion,Closed Lost,Dillon Sykes,PCN,BP Birmingham,10%,,Unresponsive,,2022-01-01,2025-03-25,2025-04-10,,,,Yes,,,,,,,,,,,,Remote,,,,rumaan.malik1@nhs.net,,,,,,,,,
Sussex ICB,,,D&T Hub,,100000,2025-07-23,New,Initial Discussion,Closed Lost,Tom Owen,ICB,D&T Assessment campaign,10%,,ICB Uncertainty,,2022-01-01,2024-12-11,,,,,Yes,,,unlikely,,,,,,,,,,,,,,,,,,,,,,
Vein Centre,,,AI,,480,2025-07-24,New,Proposal Sent,Closed Lost,Richard Stoddart,Practice,,10%,,Unresponsive,,2022-01-01,2025-06-30,,,,,,,,,,,,,,,,,,,,,,,,,,,,,,
Brain Resource Center,,,International SMMS/AI,,5000,2025-07-24,New,Initial Discussion,Closed Lost,Cameron Booth,International,Cold Email,50%,,No desire to continue,,2022-01-01,,,,,,,,,,,,,Kamran Fallahpour,kamran@vitalneuro.com,,,,,,,,,,,,,,,,,
Integrated Health and Injury Center,,,International SMMS/AI,,2400,2025-07-24,New,Initial Discussion,Closed Lost,Cameron Booth,International,Cold Email,50%,,No desire to continue,,2022-01-01,,,,,,,,,,Orie Jenkins,,,Orie Jenkins,orie@integratedhealthandinjury.com,,DD,Monthly,Remote,,,,,,,,,,,,,
CYGNET PCN,,,SMMS,,720,2025-07-28,New,Initial Discussion,Closed Lost,Cameron Booth,Practice,Cold Email,50%,,Unresponsive,,2022-01-01,,,,,,,,,,,,,,,,DD,Monthly,Remote,,,,,,,,,,,,,
Oldham Family Practice,,,SMMS,,720,2025-07-28,New,Initial Discussion,Closed Lost,Cameron Booth,Practice,Cold Email,50%,,Unresponsive,,2022-01-01,,,,,,,,,,Ellie Hoyland,,,Ellie Hoyland,ellie.hoyland@nhs.net,,DD,Monthly,Remote,,,,,,,,,,,,,
York Road Group Practice,,,SMMS,,720,2025-07-30,New,Initial Discussion,Closed Lost,Cameron Booth,Practice,Cold Email,50%,,No budget,,2022-01-01,,,,,,,,,,,,,,,,DD,Monthly,Remote,,,,,,,,,,,,,
Kent and Medway ICB Websites,,,D&T Hub,,40000,2025-07-30,New,Proposal Sent,Closed Lost,Tom Owen,ICB,D&T Assessment campaign,10%,,No desire to continue,,2022-01-01,2025-01-10,,,,,Yes,,,unlikely,,,,,,,,,,,,,,,,,,,,,,
Burnham Surgery,,,SMMS,,720,2025-07-31,New,Initial Discussion,Closed Lost,Cameron Booth,Practice,Cold Email,50%,,No desire to continue,,2022-01-01,,,,,,,,,,Carol Banham,,,Carol Banham,carol.banham@nhs.net,,DD,Monthly,Remote,,,,,,,,,,,,,
David Medical Centre,,,SMMS,,480,2025-07-31,New,Initial Discussion,Closed Lost,Cameron Booth,Practice,Cold Email,50%,,No desire to continue,,2022-01-01,,,,,,,,,,Shamim Khan,,,Shamim Khan,shamim.khan@nhs.net,,DD,Monthly,Remote,,,,,,,,,,,,,
Picton PCN,,,SMMS,,720,2025-08-18,New,Initial Discussion,Closed Lost,Cameron Booth,Practice,Cold Email,50%,,No desire to continue,,2022-01-01,,,,,,,,,,,,,,,,DD,Monthly,Remote,,,,,,,,,,,,,
Havering Marshall PCN,,,Income Gen,,1440,2025-08-28,New,Advanced Discussion,Closed Lost,Tom Owen,PCN,Webinar,10%,,No budget,,2022-01-01,,,,,,,,,,,,,,,,,,,,,,,,,,,,,,,
North Watford PCN,,,D&T Hub,,1000,2025-08-28,New,Proposal Sent,Closed Lost,Tom Owen,PCN,Support Centre Enquiry,10%,,Unresponsive,,2022-01-01,,,,,,,,,,,,,,,,,,Remote,,,,,,,,,,,,,
"Higher Blackley, Harpurhey & Charlestown PCN",,,D&T Hub,,1000,2025-08-28,New,Proposal Sent,Closed Lost,Tom Owen,PCN,D&T Assessment campaign,10%,,Unresponsive,,2022-01-01,2025-01-22,,,,,,2025-01-20,,,J,,,,,,,,,,,,j.thompson46@nhs.net,,,,,,,,,
Medics PCN,,,Income Gen,,1000,2025-09-11,New,Proposal Sent,Closed Lost,"Tom Owen, Cameron Booth",PCN,DES/CAIP Campaign,50%,,,,2025-07-31,,,,,,,,,,,,,,,,,,,,,,,,,,,,,,,
Erewash PCN - Bespoke Rapid Health/S1integration work plus blended #D&T offer,,,DTMS,,12500,2025-09-30,New,Proposal Sent,Closed Lost,Dillon Sykes,PCN,Help Desk,10%,,No desire to continue,,2025-07-31,,2025-09-26,,,,,,,,,,,,,,,,,,,,,,,,,,,,,
NCL GP support tender,,,Partnerships,,50000,2025-09-30,New,Proposal Sent,Closed Lost,Matt Murphy,Partner,Partner,10%,,Unsuccessful Tender,,2025-07-31,,,,,,,,,,,,,,,,,,,,,,,,,,,,,,,
Nuneaton & Bedworth PCN  Deal,,,Income Gen,,995,2025-10-06,New,Initial Discussion,Closed Lost,Tom Owen,PCN,BP Birmingham,10%,,No desire to continue,,2024-09-30,2025-01-30,2025-03-24,,,,,,,,,,,,,,,,Both,,,,,,,,,,,,,
Truro PCN,,,INT,,1000,2025-10-06,New,Initial Discussion,Closed Lost,Tom Owen,PCN,Website,10%,,,,2025-03-31,,,,,,,,,,Richard Pratt,,,,,,,,,,,,,,,,,,,,,
NHS Scotland Digital Maturity Tender,,,D&T Hub,,498225,2025-10-13,New,Proposal Sent,Closed Lost,Dillon Sykes,National NHS,Tender,10%,,Unsuccessful Tender,,2025-08-01,,,,,,,,,,,,,,,,,,,,,,,,,,,,,,,
Digital Health Market Analysis,,,Strategic,,32000,2025-10-21,New,Proposal Sent,Closed Lost,Matt Sweeney,National NHS,Tender,10%,,Unsuccessful Tender,,2025-09-01,,,,,,,,,,,,,,,,,,,,,,,,,,,,,,,
Barnsley CVS DIIF,,,Strategic,,44000,2025-10-24,New,Proposal Sent,Closed Lost,Dillon Sykes,CIC,Tender,10%,,No budget,,2025-09-02,,,,,,,,,,,,,,,,,,,,,,,,,,,,,,,
Heene Community Centre DIIF,,,Strategic,,25000,2025-10-27,New,Proposal Sent,Closed Lost,Dillon Sykes,CIC,Tender,10%,,Unsuccessful Tender,,2025-09-02,,,,,,,,,,Tom Peters,,,,,,,,,,,,,,,,,,,,,
Ealing Network PCN,,,Income Gen,,13500,2025-10-28,New,Initial Discussion,Closed Lost,Tom Owen,PCN,BP London,10%,,,,2025-03-31,2025-03-17,,,,,,,,,Furiah Chaudry,,,,,,,,,,,,,,,,,,,,,
MindOut/SwitchBoard DIIF,,,Strategic,,31800,2025-11-03,New,Proposal Sent,Closed Lost,Dillon Sykes,CIC,Tender,10%,,Unsuccessful Tender,,2025-09-01,,,,,,,,,,,,,,,,,,,,,,,,,,,,,,,
Haringey GP Fed,,,Income Gen,,13500,2025-11-04,New,Initial Discussion,Closed Lost,Tom Owen,PCN,D&T Assessment campaign,10%,,,,2024-09-30,2025-01-14,,,,,,,,,,,,,,,,,,,,,,,,,,,,,,
North Camden PCN,,,Income Gen,,1000,2025-11-04,New,Initial Discussion,Closed Lost,Tom Owen,PCN,BP London,10%,,,,2025-03-31,,,,,,,,,,Donna Munro,,,,,,,,,,,,,,,,,,,,,
East Staffordshire PCN,,,Income Gen,,3000,2025-11-04,New,Advanced Discussion,Closed Lost,Tom Owen,PCN,DES/CAIP Campaign,10%,,,,2025-07-31,2025-04-29,,,,,,,,,Meeting 2/7,,,Tracey,Tracey.Norton@staffs.nhs.uk,,,,,,,,,,,,,,,Norton,,Tom Owen
Outer Exeter PCN_CAIP,,,Income Gen,,1000,2025-11-04,New,Initial Discussion,Closed Lost,Tom Owen,PCN,DES/CAIP Campaign,10%,,,,2025-07-31,,,,,,,,,,,,,,,,,,,,,,,,,,,,,,,
Nuneaton & Bedworth PCN,,,SMMS,,5988,2025-11-05,Renewal,Initial Discussion,Closed Lost,Cameron Booth,PCN,Word of mouth,50%,,,,2024-09-30,,,,,,Yes,2025-12-05,2026-12-04,,Rebecca Cuttiford,,,,,"Nuneaton & Bedworth Primary Care Network
c/o Red Roofs Surgery, 31 Coton Road
Nuneaton
Warks
CV11 5TW",Invoice,Annual,Remote,,,,rebecca.cuttiford@nhs.net,,,,,,,,,
Impact Initiatives DIIF,,,Strategic,,37000,2025-11-11,New,Proposal Sent,Closed Lost,Dillon Sykes,CIC,Tender,10%,,,,2025-09-04,,,,,,,,,,,,,,,,,,,,,,,,,,,,,,,
Warrington Primary Care Networks,,,SMMS,,11677,2025-12-03,Renewal,Initial Discussion,Closed Lost,Cameron Booth,ICB,Existing customer relations,50%,,,,2024-09-30,,,,,,,2025-11-04,2026-11-04,,Paul Corless,,,,,,Invoice,Annual,Remote,,,,Paul.Corless@cheshireandmerseyside.nhs.uk,,,,,,,,,
HOLLIES MEDICAL CENTRE,,,SMMS,,480,2025-12-04,New,Initial Discussion,Closed Lost,Cameron Booth,Practice,Existing customer relations,50%,,,,2025-11-18,,,,,,,2026-06-01,2027-06-01,,,,,,,,DD,Monthly,Remote,,,,,,,,,,,,,
Clacton PCN,,,Income Gen,,1000,2025-12-09,New,Initial Discussion,Closed Lost,Tom Owen,PCN,BP London,10%,,,,2025-03-31,,,,,,,2025-03-05,,,Stephanie Smith,,,,,,,,,,,,stephanie.smith42@nhs.net,,,,,,,,,
NCL Lloyd George Oct 2025 onwards,,,Project Management,,39000,2025-12-09,Renewal,Advanced Discussion,Closed Lost,Tom Owen,ICB,Existing customer relations,80%,,,,2024-09-30,,,,,,,,,will happen,,,,,,,Invoice,Annual,,,,,,,,,,,,,,
City and Hackney Integrated Primary Care,,,Income Gen,,70000,2025-12-30,New,Proposal Sent,Closed Lost,Tom Owen,GP Federation,BP London,10%,,,,2025-03-31,,2025-04-17,,,,,,,,Nisha Patel,,,,,,,,,,,,,,,,,,,,,
Kleyn Healthcare - Private GPs,,,SMMS,,2100,2026-01-14,New,Initial Discussion,Closed Lost,Cameron Booth,Practice,Website,50%,,,,2025-08-01,,,,,,,2026-02-13,2026-08-14,,Julie Mccann,,,Julie Mccann,Julie.mccann@nhs.net,"Kleyn Healthcare Ltd , c/o- Medicentre Warrington, Tanners Lane
Warrington Cheshire WA2 7NJ",DD,Monthly,Remote,,,,,,,,,,,,,
Lowther Medical Centre - North Cumbria PCA,,,SMMS,,480,2026-01-15,New,Initial Discussion,Closed Lost,Cameron Booth,GP Federation,Personal email campaign,10%,,,,2025-07-31,,,,,,,2025-11-27,2026-11-27,,,,,,,,Invoice,Annual,Remote,,,,,,,,,,,,,
Sandy Lane Surgery ,,,SMMS,,480,2026-01-15,New,Initial Discussion,Closed Lost,Cameron Booth,Practice,Existing customer relations,50%,,,,2025-11-17,,,,,,,,,,,,,,,,DD,Monthly,Remote,,,,,,,,,,,,,
Reedyford Health Care Group,,,SMMS,,480,2026-01-15,New,Initial Discussion,Closed Lost,Cameron Booth,Practice,Existing customer relations,50%,,,,2025-11-17,,,,,,,,,,,,,,,,DD,Monthly,Remote,,,,,,,,,,,,,
Riverside Surgery,,,SMMS,,480,2026-01-16,Renewal,Initial Discussion,Closed Lost,Cameron Booth,Practice,Existing customer relations,50%,,,,2025-09-29,,,,,,,2025-09-30,2026-09-30,,,,,,,,DD,Monthly,Remote,,,,,,,,,,,,,
Second Street Surgery,,,SMMS,,720,2026-01-16,New,Initial Discussion,Closed Lost,Cameron Booth,Practice,Local Event,50%,,Unresponsive,,2022-01-01,,,,,,,,,,Teresa Graham,,,Teresa Graham,teresagraham@nhs.net,,DD,Monthly,Remote,,,,,,,,,,,,,
RIDDINGS FAMILY HEALTH CENTRE,,,SMMS/AI,,480,2026-01-16,New,Proposal Sent,Closed Lost,Richard Stoddart,Practice,,10%,,,,2022-01-01,2025-06-16,2025-08-08,,,,,,,,,,,,,,,,,,,,,,,,,,,,,
Colindale Medical Centre,,,SMMS,,720,2026-01-16,New,Initial Discussion,Closed Lost,Cameron Booth,Practice,Cold Email,50%,,Unresponsive,,2022-01-01,,,,,,,,,,,,,,,,DD,Monthly,Remote,,,,,,,,,,,,,
BACP Paid SMMS Posting Slots,,,SMMS,,1500,2026-01-16,New,Initial Discussion,Closed Lost,Cameron Booth,Partner,BP Birmingham,10%,,Unresponsive,,2022-01-01,,,,,,,,,,,,,,,,Invoice,One off,Remote,,,,,,,,,,,,,
Oxford Terrace & Rawling Road Medical Group,,,SMMS,,720,2026-01-16,New,Initial Discussion,Closed Lost,Cameron Booth,Practice,Cold Email,50%,,Unresponsive,,2022-01-01,,,,,,,,,,Lewis Doughty,,,Lewis Doughty,lewis.doughty1@nhs.net,,DD,Monthly,Remote,,,,,,,,,,,,,
York Medical Group,,,SMMS,,720,2026-01-16,New,Initial Discussion,Closed Lost,Cameron Booth,Practice,Cold Email,50%,,,,2025-07-31,,,,,,,,,,,,,,,,DD,Monthly,Remote,,,,,,,,,,,,,
TABA PCN,,,SMMS,,720,2026-01-16,New,Initial Discussion,Closed Lost,Cameron Booth,PCN,Cold Email,50%,,No desire to continue,,2022-01-01,,,,,,,,,,,,,,,,DD,Monthly,Remote,,,,,,,,,,,,,
Northbrook Health Centre,,,SMMS,,480,2026-01-16,New,Initial Discussion,Closed Lost,Cameron Booth,Practice,Cold Email,50%,,Unresponsive,,2022-01-01,,,,,,,,,,Rachel Boyle,,,Rachel Boyle,rachel.boyle@nhs.net,,DD,Monthly,Remote,,,,,,,,,,,,,
Galleries Medical Practice,,,SMMS,,720,2026-01-16,New,Initial Discussion,Closed Lost,Cameron Booth,Practice,Cold Email,50%,,Unresponsive,,2022-01-01,,,,,,,,,,,,,,,,DD,Monthly,Remote,,,,,,,,,,,,,
Ribblesdale PCN,,,SMMS/AI,,480,2026-01-16,New,Proposal Sent,Closed Lost,Richard Stoddart,PCN,,10%,,,,2022-01-01,2025-06-26,2025-08-07,,,,,,,,,,,,,,,,,,,,,,,,,,,,,
Pallion Family Practice,,,SMMS/AI,,1200,2026-01-16,New,Initial Discussion,Closed Lost,Cameron Booth,Practice,Webinar,50%,,,,2025-09-18,,,,,,,,,,,,,,,,DD,Monthly,Remote,,,,,,,,,,,,,
Western Vale Family Practice,,,SMMS,,720,2026-01-16,New,Initial Discussion,Closed Lost,Cameron Booth,Practice,Cold Email,50%,,Unresponsive,,2022-01-01,,,,,,,,,,Rhian Floyd,,,Rhian Floyd,Rhian.Floyd2@wales.nhs.uk,,DD,Monthly,Remote,,,,,,,,,,,,,
GARSTANG MEDICAL PRACTICE,,,SMMS,,480,2026-01-16,New,Initial Discussion,Closed Lost,Cameron Booth,Practice,Existing customer relations,50%,,,,2025-09-15,,,,,,,,,,,,,,,,DD,Monthly,Remote,,,,,,,,,,,,,
Wandsworth Medical Centre,,,AI,,480,2026-01-16,New,Proposal Sent,Closed Lost,Richard Stoddart,Practice,,10%,,No desire to continue,,2022-01-01,2025-07-08,2025-08-13,,,,,,,,,,,,,,,,,,,,,,,,,,,,,
East Staffordshire PCN,,,SMMS,,8084,2026-01-16,New,Initial Discussion,Closed Lost,Cameron Booth,Practice,Existing customer relations,50%,,,,2025-07-31,,,,,,,2025-09-30,2026-09-30,,,,,,,,Invoice,Annual,Remote,,,,,,,,,,,,,
Outer Exeter PCN,,,SMMS/AI,,2000,2026-01-16,New,Initial Discussion,Closed Lost,Cameron Booth,PCN,Cold Email,10%,,,,2025-07-31,,,,,,,,,,,,,,,,DD,Monthly,Remote,,,,,,,,,,,,,
University Medical Centre,,,SMMS,,480,2026-01-16,New,Initial Discussion,Closed Lost,Cameron Booth,Practice,Cold Email,50%,,,,2022-01-01,,,,,,,,,,,,,,,,DD,Monthly,Remote,,,,,,,,,,,,,
Primrose Bank Medical Centre,,,SMMS,,720,2026-01-16,New,Initial Discussion,Closed Lost,Cameron Booth,Practice,Cold Email,50%,,,,2025-08-01,,,,,,,,,,,,,,,,DD,Monthly,Remote,,,,,,,,,,,,,
East Brighton Health Hub,,,SMMS,,2400,2026-01-16,New,Initial Discussion,Closed Lost,Cameron Booth,PCN,Cold Email,50%,,,,2025-08-01,,,,,,,,,,,,,,,,DD,Monthly,Remote,,,,,,,,,,,,,
Primary Care Knowsley,,,SMMS,,720,2026-01-16,New,Initial Discussion,Closed Lost,Cameron Booth,GP Federation,Cold Email,50%,,,,2025-09-05,,,,,,,,,,,,,,,,DD,Monthly,Remote,,,,,,,,,,,,,
Michelle Teague - Bradford,,,SMMS/AI,,480,2026-02-04,New,Proposal Sent,Closed Lost,Richard Stoddart,Practice,BP Birmingham,10%,,,,2025-11-04,,,,,,,,,,,,,,,,,,,,,,,,,,,,,,,
Sollihull Health Care Partnership,,,SMMS/AI,,480,2026-02-04,New,Proposal Sent,Closed Lost,Richard Stoddart,PCN,Website,10%,,,,2025-10-23,,,,,,,,,,,,,,,,,,,,,,,,,,,,,,,
Sherburn Surgery,,,SMMS,,240,2026-02-04,New,Advanced Discussion,Closed Lost,Richard Stoddart,Practice,Personal email campaign,10%,,,,2025-10-26,,,,,,,,,,,,,,,,,,,,,,,,,,,,,,,
Health and Beyond,,,AI,,480,2026-02-04,New,Proposal Sent,Closed Lost,Richard Stoddart,Practice,BP Birmingham,10%,,,,2025-11-04,,,,,,,,,,,,,,,,,,,,,,,,,,,,,,,
Netcompany PDS tender,,,Partnerships,,750000,2026-02-12,New,Proposal Sent,Closed Lost,Matt Sweeney,Partner,Partner,50%,,,,2025-07-31,,,,,,,,,,,,,,,,,,,,,,,,,,,,,,,
Pennine PCN - MGP support,,,DTMS,,10000,2026-02-17,New,Initial Discussion,Closed Lost,Dillon Sykes,PCN,NHS Expo,10%,,,,2025-07-31,,,,,,,,,,,,,,,,,,,,,,,,,,,,,,,
Wakefield North PCN SMMS,,,SMMS,,4245,2026-02-23,Renewal,Initial Discussion,Closed Lost,Cameron Booth,PCN,Existing customer relations,50%,,,,2025-03-31,,,,,,,2026-04-01,2027-04-01,,Lynda Heptinstall,,,,,"Wakefield North Primary Care Network
c/o Fryston Road Surgery, 175 Fryston Road
Castleford
West Yorkshire
WF10 3LP",Invoice,Annual,Remote,,,,lynda.heptinstall@nhs.net,,,,,,,,,
KILLICK STREET HEALTH CENTRE,,,SMMS,,749,2026-02-24,Renewal,Initial Discussion,Closed Lost,Cameron Booth,Practice,Existing customer relations,50%,,,,2025-11-11,,,,,,,2026-04-01,2027-04-01,,Jo West,,,Jo West,jo.west3@nhs.net,,Invoice,Annual,Remote,,,,,,,,,,,,,
Hertfordshire - Funding,,,Public Health,,25000,2026-03-03,New,Initial Discussion,Closed Lost,Richard Stoddart,Local Authority,Existing customer relations,80%,,,,2026-01-06,,,,,,,,,,,,,,,,,,,,,,,,,,,,,,,
Higher Folds Community Centre,,,SMMS,,900,2026-03-05,Renewal,Initial Discussion,Closed Lost,Cameron Booth,Partner,Existing customer relations,50%,,,,2025-03-31,,,,,,,2026-03-01,2027-03-01,,David Rainford,,,,,"Higher Folds Community Centre,
Stirling Close,
Leigh,
Lancashire,
WN7 2UB.",Invoice,Annual,Remote,,,,dave@higherfolds.co.uk,,,,,,,,,
Newport and Central PCN - Continuity of Care Programme,,,CAIP,,3600,2026-03-31,New,Proposal Sent,Closed Lost,Dillon Sykes,PCN,DMI Demo,10%,,,,2025-07-31,,2025-07-25,,,,,,,,,,,,,,,,,,,,,,,,,,,,,
Porter Brook Medical Centre- NHS app support,,,DTMS,,2500,2026-03-31,New,Proposal Sent,Closed Lost,Dillon Sykes,Practice,Marketing campaign,10%,,,,2025-07-31,,2025-07-17,,,,,,,,,,,,,,,,,,,,,,,,,,,,,
Huntingdon PCN,,,SMMS,,1440,2026-04-07,New,Initial Discussion,Closed Lost,Cameron Booth,PCN,Existing customer relations,50%,,,,2026-03-18,,,,,,,2026-04-01,2027-04-01,,Stuart Hilpert,,,Stuart Hilpert,stuart.hilpert@nhs.net,,DD,Monthly,Remote,,,,,,,,,,,,,
Pendle East PCN yr 3,,,DTMS,,61112,2026-04-13,Renewal,Initial Discussion,Closed Lost,Dillon Sykes,PCN,DMI Demo,10%,,,,2026-01-16,2025-09-09,,,,,,2024-10-01,2024-12-31,will happen,Pendle East PCN,,,,,,Invoice,Monthly,Both,,,,,,,,,,,,,
North Shropshire PCN - Hub*6 practices,,,D&T Hub,,4975,2026-04-13,New,Proposal Sent,Closed Lost,Dillon Sykes,PCN,BP Birmingham,10%,,,,2024-09-30,2025-01-29,2025-07-31,,,,Yes,,,,Nancy Perks,,,,,,Invoice,Annual,,,,,,,,,,,,,,
Park Royal Medical,,,Well Led,,500,2026-04-21,Renewal,Advanced Discussion,Closed Lost,Dan H,Practice,Existing customer relations,10%,,,,2025-03-31,,,,,,,,,,,,,,,,,,,,,,,,,,,,,,,
Wandsworth PCN,,,Well Led,,2275.44,2026-04-21,Renewal,Advanced Discussion,Closed Lost,Dan H,PCN,Existing customer relations,10%,,,,2025-03-31,,,,,,,,,,,,,,,,,,,,,,,,,,,,,,,
Priory Fields Surgery,,,Well Led,,750,2026-04-21,Renewal,Advanced Discussion,Closed Lost,Dan H,Practice,Existing customer relations,10%,,,,2025-03-31,,,,,,,,,,,,,,,,,,,,,,,,,,,,,,,
Hailsham Medical Group,,,Well Led,,570,2026-04-21,Renewal,Advanced Discussion,Closed Lost,Dan H,Practice,Existing customer relations,10%,,,,2025-03-31,,,,,,,,,,,,,,,,,,,,,,,,,,,,,,,
South IW PCN,,,Well Led,,1999,2026-04-21,Renewal,Advanced Discussion,Closed Lost,Dan H,PCN,Existing customer relations,10%,,,,2025-03-31,,,,,,,,,,,,,,,,,,,,,,,,,,,,,,,
North Shropshire PCN,,,Well Led,,550,2026-04-21,Renewal,Advanced Discussion,Closed Lost,Dillon Sykes,PCN,Existing customer relations,10%,,,,2025-03-31,,,,,,,,,,,,,,,,,,,,,,,,,,,,,,,
prentis Medical centre,,,Well Led,,750,2026-04-21,New,Proposal Sent,Closed Lost,Dan H,Practice,Existing customer relations,10%,,,,2025-07-31,,,,,,,,,,,,,,,,,,,,,,,,,,,,,,,
Pearl Medical Practice,,,List Growth,,18000,2026-04-21,New,Proposal Sent,Closed Lost,Cameron Booth,Practice,LG1 webinar,10%,NOT in forecast,,,2026-04-17,,,,,,,,,,Parita,,,,paritamehta@nhs.net,,DD,Monthly,Remote,,,,,,,,,,,,,
Birley Health Centre,,,List Growth,,24000,2026-04-23,New,Proposal Sent,Closed Lost,Cameron Booth,Practice,LG1 campaign,10%,NOT in forecast,,,,2026-04-20,,,,,,,,,Sam,,,,sam.fellowes@nhs.net,,DD,Monthly,Remote,,,,,,,,,,,,,
Greystones Medical Centre,,,List Growth,,9000,2026-04-29,New,Proposal Sent,Closed Lost,Dillon Sykes,Practice,LG1 webinar,10%,NOT in forecast,,,2026-04-27,,,,,,,,,,,,,,,,,,,,,,,,,,,,,,,
Ashley Centre Surgery,,,List Growth,,30000,2026-04-30,New,Proposal Sent,Closed Lost,Dillon Sykes,Practice Group,LG1 campaign,10%,NOT in forecast,,,2026-04-28,,,,,,,,,,,,,,,,,,,,,,,,,,,,,,,
Haxby Group - York,,,List Growth,,30000,2026-05-01,New,Proposal Sent,Closed Lost,Dillon Sykes,Practice Group,LG1 campaign,10%,NOT in forecast,No budget,,2026-04-27,,,,,,,,,,,,,,nicole.zannikos@nhs.net,,Invoice,Monthly,Remote,,,,,,,,,,,,,
Wansbeck PCN - reduced DTMS support,,,DTMS,,25000,2026-05-01,Renewal,Initial Discussion,Closed Lost,Dillon Sykes,PCN,Existing customer relations,10%,NOT in forecast,,,2026-01-16,,,,,,,,,,,,,,,,,,Remote,,,,,,,,,,,,,
Heart of Lincoln Medical Group,,,DTMS,,7000,2026-05-05,New,Proposal Sent,Closed Lost,Tom Owen,Practice,BP Birmingham,80%,NOT in forecast,,,2026-03-12,,,,,,,,,,,,,,,,,,,,,,,,,,,,,,,
Sinduja Paraban,,,Creative,,2000.0,2026-05-05,New,Advanced Discussion,Closed Lost,Tom Owen,Private Practice,Employee Referral,50%,NOT in forecast,,,2025-07-31,,,,,,,,,,,,,,,,,,,,,,,,,,,,,,,
Tavyside Health Centre,,,List Growth,,18000,2026-05-06,New,Proposal Sent,Closed Lost,Cameron Booth,Practice,LG1 campaign,50%,NOT in forecast,,,2026-04-27,2026-04-24,,,,,,,,,Jonathan,,,,jonathan.coe1@nhs.net,,DD,Monthly,Remote,,,,,,,,,,,,,
Rustlings Road Surgery,,,List Growth,,18000,2026-05-07,New,Proposal Sent,Closed Lost,Cameron Booth,Practice,LG1 campaign,10%,NOT in forecast,,,2026-04-27,2026-04-23,,,,,,,,,Annie,,,,annie.stones@nhs.net,,DD,Monthly,Remote,,,,,,,,,,,,,
Hythe Medical Centre,,,List Growth,,30000,2026-05-07,New,Proposal Sent,Closed Lost,Cameron Booth,Practice,LG1 campaign,50%,NOT in forecast,,,2026-04-27,2026-04-27,,,,,,,,,Mohsin,,,,mohsin.salahuddin@nhs.net,,DD,Monthly,Remote,,,,,,,,,,,,,
The Greyswood practice,,,List Growth,,18000,2026-05-07,New,Proposal Sent,Closed Lost,Cameron Booth,Practice,LG1 campaign,10%,NOT in forecast,,,2026-04-27,2026-04-23,,,,,,,,,Ana,,,,pm.greyswood@nhs.net,,DD,Monthly,Remote,,,,,,,,,,,,,
Fairfield Medical Centre,,,List Growth,,18000,2026-05-08,New,Proposal Sent,Closed Lost,Cameron Booth,Practice,LG1 campaign,50%,NOT in forecast,,,,2026-05-07,,,,,,,,,Audrey,,,,audrey.lynas1@nhs.net,,DD,Monthly,Remote,,,,,,,,,,,,,
Victoria Road Surgery,,,List Growth,,18000,2026-05-11,New,Proposal Sent,Closed Lost,Cameron Booth,Practice,LG1 campaign,50%,NOT in forecast,,,2026-04-27,2026-04-21,,,,,,,,,Michelle,,,,michelle.kears1@nhs.net,,DD,Monthly,Remote,,,,,,,,,,,,,
Woodseats Medical Centre,,,List Growth,,24000,2026-05-11,New,Proposal Sent,Closed Lost,Cameron Booth,Practice,LG1 campaign,10%,NOT in forecast,,,,2026-05-07,,,,,,,,,Maria,,,,maria.hadley-howell@nhs.net,,DD,Monthly,Remote,,,,,,,,,,,,,
Whitewater Health,,,List Growth,,24000,2026-05-12,New,Proposal Sent,Closed Lost,Dillon Sykes,Practice,LG1 campaign,10%,NOT in forecast,,,2026-04-28,,,,,,,,,,,,,,,,,,,,,,,,,,,,,,,
Mayfield Medical Practice_IMMS_Part Two,,,Income Gen,,6000,2026-05-12,New,Proposal Sent,Closed Lost,Tom Owen,Practice,Marketing campaign,10%,NOT in forecast,,,2025-11-10,,,,,,,,,,,,,,,,,,,,,,,,,,,,,,,
Magdalen Medical Practice_IMMS_Part Two,,,Income Gen,,6000,2026-05-12,New,Proposal Sent,Closed Lost,Tom Owen,Practice,Existing customer relations,10%,NOT in forecast,,,2025-11-10,,,,,,,,,,,,,,,,,,,,,,,,,,,,,,,
Severn Fields,,,Income Gen,,995,2026-05-12,New,Advanced Discussion,Closed Lost,Tom Owen,PCN,Marketing campaign,10%,NOT in forecast,,,2024-09-30,,2025-05-15,,,,Yes,,,,,,,,,,,,,,,,,,,,,,,,,
Hill Brow Partnership - IMMS_ Part Two,,,Income Gen,,6000,2026-05-12,New,Advanced Discussion,Closed Lost,Tom Owen,Practice,Marketing campaign,10%,NOT in forecast,,,2025-10-01,,,,,,,,,,,,,,,,,,,,,,,,,,,,,,,
Mayfield Medical Practice_IMMS_Part One,,,Income Gen,,250.0,2026-05-12,New,Proposal Sent,Closed Lost,Tom Owen,Practice,Marketing campaign,10%,NOT in forecast,,,2025-10-31,,,,,,,,,,,,,,,,,,,,,,,,,,,,,,,
Stretton Medical,,,SMMS,,300,2026-03-31,New,Advanced Discussion,New Opportunity,Richard Stoddart,Practice,Personal email campaign,10%,NOT in forecast,,lauren.haslam2@nhs.net,2026-03-18,,2026-05-29,,,,,,,,,,,,,,,,,,,,,,,,,,,,,
Taunton Central PCN,,,SMMS/AI,,440,2025-12-31,New,Proposal Sent,New Opportunity,Richard Stoddart,PCN,BP Birmingham,10%,NOT in forecast,,kathryn.kyle@nhs.net,2025-12-12,,,,,,,,,,,,,,,,,,,,,,,,,,,,,,,
Newcastle Lead,,,SMMS,Patient Communications,500,2026-07-21,New,Initial Discussion,New Opportunity,Richard Stoddart,Practice,Partner,10%,In forecast,,h.glaister@nhs.net,2026-06-11,,2026-07-24,,,,,,,,,,,,,,,,,,,,,,,,,,,,,
Newcastle Lead 2,,,SMMS,Patient Communications,500,2026-07-21,New,Initial Discussion,New Opportunity,Richard Stoddart,Practice,Partner,10%,In forecast,,dina.karam3@nhs.net,2026-06-11,,2026-07-24,,,,,,,,,,,,,,,,,,,,,,,,,,,,,
Broomhill Surgery,,,SMMS,,600,2026-05-31,Renewal,Advanced Discussion,New Opportunity,Richard Stoddart,Practice,Existing customer relations,10%,NOT in forecast,,helen.foster12@nhs.net,2026-05-07,,,,,,,,,,,,,,,,,,,,,,,,,,,,,,,
Fernbank,,,SMMS,,600,2026-06-30,New,Advanced Discussion,New Opportunity,Richard Stoddart,Practice,Word of mouth,80%,In forecast,,steph.sweeney1@nhs.net,2026-06-08,,2026-07-22,,,,,,,,,,,,,,,,,,,,,,,,,,,,,
AMP Group,,,SMMS,,1920,2026-06-30,Renewal,Advanced Discussion,New Opportunity,Richard Stoddart,PCN,Existing customer relations,50%,In forecast,,carly.woodward@nhs.net,2026-06-05,,2026-07-22,,,,,,,,,,,,,,,,,,,,,,,,,,,,,
PLS National Framework,,,Strategic,,1000000,2026-05-31,New,Proposal Sent,New Opportunity,Dillon Sykes,National NHS,Tender,10%,NOT in forecast,,,2026-03-16,,,,,,,,,,,,,,,,,,,,,,,,,,,,,,,
Swanswell Medical Centre,,,List Growth,,,2026-06-26,New,Proposal Sent,New Opportunity,Cameron Booth,Practice,LG1 webinar,50%,,,,2026-06-26,,,,,,,,,,,,,,,,DD,Monthly,Remote,,,,,,,,,,,,,
Primary Eye Care -Deployment of referral system,,,Partnerships,,235000,2026-05-31,New,Proposal Sent,New Opportunity,Dillon Sykes,Partner,Employee Referral,10%,NOT in forecast,,,2026-03-30,,,,,,,,,,,,,,,,,,,,,,,,,,,,,,,
Pathfields Medical Group,,,List Growth,Patient Communications,42000,2026-06-25,New,Proposal Sent,New Opportunity,Cameron Booth,Practice,LG2 campaign,50%,In forecast,,,,2026-06-11,,,,,,,,,Kerry,,,,kerryallkins@nhs.net,,DD,Monthly,Remote,,,,,,,,,,,,,
Surrey Heartlands ICB,,,SMMS,,30000,2026-06-23,Renewal,Proposal Sent,New Opportunity,Richard Stoddart,ICB,Existing customer relations,10%,NOT in forecast,,NA - user@example.com,2025-03-31,,2026-06-09,,,,,2026-04-01,2027-04-01,,,,,,,,Invoice,Annual,Remote,,,,nikki.mallinder@nhs.net,,,,,,,,,
Market Street Medical Practice,,,List Growth,,30000,2026-06-09,New,Proposal Sent,New Opportunity,Tom Owen,Practice,LG1 campaign,10%,NOT in forecast,,,2026-05-12,,,,,,,,,,,,,,,,,,,,,,,,,,,,,,,
Wandsworth Medical Centre,,,List Growth,,30000,2026-06-17,New,Proposal Sent,New Opportunity,Tom Owen,Practice,LG1 campaign,10%,NOT in forecast,,,2026-05-06,,,,,,,,,,,,,,,,,,,,,,,,,,,,,,,
Integrated  Care Partnership,,,List Growth,,30000,2026-06-17,New,Proposal Sent,New Opportunity,Tom Owen,Practice,LG1 campaign,10%,NOT in forecast,,,2026-04-29,,,,,,,,,,,,,,,,,,,,,,,,,,,,,,,
Porter Brook Medical Centre,,,List Growth,Patient Communications,30000,2026-06-30,New,Proposal Sent,New Opportunity,Dillon Sykes,Practice,LG1 campaign,50%,In forecast,,,2026-05-14,,,,,,,,,,,,,,,,,,,,,,,,,,,,,,,
Langworthy Medical Practice and University of Salford Health Centre,,,List Growth,Patient Communications,30000,2026-07-01,New,Proposal Sent,New Opportunity,Cameron Booth,Practice,LG1 webinar,10%,NOT in forecast,,,2026-04-27,2026-04-23,,,,,,,,,Amanda,,,,amanda.haughton2@nhs.net,,DD,Monthly,Remote,,,,,,,,,,,,,
Brondesbury Medical Centre,,,List Growth,Patient Communications,30000,2026-07-21,New,Proposal Sent,New Opportunity,Cameron Booth,Practice,LG1 campaign,50%,In forecast,,,2026-04-28,2026-04-28,,,,,,,,,Bilal,,,,bilal.ahmed30@nhs.net,,DD,Monthly,Remote,,,,,,,,,,,,,
Barnsley Borough Council,,,Public Health,,24600,2026-05-19,New,Proposal Sent,New Opportunity,Dillon Sykes,Local Authority,Webinar,10%,NOT in forecast,,,2026-01-20,,,,,,,,,,laurafairbank@barnsley.gov.uk,,,,,,,,,,,,,,,,,,,,,
Brocklebank PCN,,,List Growth,,24000,2026-05-14,New,Proposal Sent,New Opportunity,Dillon Sykes,Practice,LG1 campaign,50%,NOT in forecast,,,2026-04-27,,,,,,,,,,,,,,yasotharan.paramesparan@nhs.net,,Invoice,Monthly,Remote,,,,,,,,,,,,,
Crown Medical Practice,,,List Growth,,24000,2026-05-14,New,Proposal Sent,New Opportunity,Cameron Booth,Practice,LG1 campaign,50%,NOT in forecast,,,2026-04-27,2026-04-22,,,,,,,,,Paul,,,,paul.joshi@nhs.net,,DD,Monthly,Remote,,,,,,,,,,,,,
Bolton Community Practice,,,List Growth,,24000,2026-05-27,New,Proposal Sent,New Opportunity,Cameron Booth,Practice,LG1 webinar,10%,NOT in forecast,,,2026-05-05,2026-04-29,,,,,,,,,Natalie,,,,nataliepreece@nhs.net,,DD,Monthly,Remote,,,,,,,,,,,,,
Mytton Oak Medical Practice,,,List Growth,,24000,2026-06-05,New,Proposal Sent,New Opportunity,Cameron Booth,Practice,LG1 campaign,50%,NOT in forecast,,,2026-04-27,2026-04-22,,,,,,,,,Rick,,,,rick.mills@nhs.net,,DD,Monthly,Remote,,,,,,,,,,,,,
St Clements Partnership,,,List Growth,,24000,2026-06-05,New,Proposal Sent,New Opportunity,Dillon Sykes,Practice,LG1 campaign,10%,NOT in forecast,,,2026-05-18,2026-06-04,,,,,,,,,,,,,,,Invoice,Monthly,Remote,,,,,,,,,,,,,
The Mosslands Medical Practice,,,List Growth,,24000,2026-06-09,New,Proposal Sent,New Opportunity,Cameron Booth,Practice,LG1 campaign,50%,NOT in forecast,,,2026-05-05,2026-04-29,,,,,,,,,Charlotte,,,,c.conley@nhs.net,,DD,Monthly,Remote,,,,,,,,,,,,,
Walkley House MP,,,List Growth,,24000,2026-06-10,New,Proposal Sent,New Opportunity,Dillon Sykes,Practice,LG1 campaign,10%,NOT in forecast,,,2026-05-14,,,,,,,,,,,,,,,,Invoice,Monthly,Remote,,,,,,,,,,,,,
Hathaway Medical Centre,,,List Growth,Patient Communications,24000,2026-06-18,New,Proposal Sent,New Opportunity,Cameron Booth,Practice,LG2 campaign,50%,In forecast,,,,2026-06-15,,,,,,,,,Wendy,,,,wendy.mant@nhs.net,,DD,Monthly,Remote,,,,,,,,,,,,,
Red House Group,,,List Growth,Patient Communications,24000,2026-06-19,New,Proposal Sent,New Opportunity,Cameron Booth,Practice,LG2 campaign,50%,In forecast,,,,2026-06-09,,,,,,,,,Bimal,,,,bimal.gandhi@nhs.net,,DD,Monthly,Remote,,,,,,,,,,,,,
Lyngford Park Surgery,,,List Growth,Patient Communications,24000,2026-07-01,New,Proposal Sent,New Opportunity,Cameron Booth,Practice,LG2 webinar,50%,In forecast,,,,2026-06-25,,,,,,,,,Jayne,,,,jayne.folwarski@nhs.net,,DD,Monthly,Remote,,,,,,,,,,,,,
Heathbridge Practice,,,List Growth,,22800,2026-05-12,New,Proposal Sent,New Opportunity,Cameron Booth,Practice,LG1 webinar,50%,NOT in forecast,,,2026-04-27,2026-04-16,,,,,,,,,Paul,,,,paulhallett@nhs.net,,DD,Monthly,Remote,,,,,,,,,,,,,
Coventry Road Practice,,,List Growth,,18000,2026-05-16,New,Proposal Sent,New Opportunity,Cameron Booth,Practice,LG1 webinar,50%,NOT in forecast,,,2026-04-27,2026-04-16,,,,,,,,,Vino,,,,vino.ganespathy@nhs.net,,DD,Monthly,Remote,,,,,,,,,,,,,
Paston Surgery,,,List Growth,,18000,2026-05-19,New,Proposal Sent,New Opportunity,Tom Owen,Practice,LG1 campaign,10%,NOT in forecast,,,2026-04-29,,,,,,,,,,,,,,,,,,,,,,,,,,,,,,,
Glenlyn Medical Centre,,,List Growth,,18000,2026-05-26,New,Proposal Sent,New Opportunity,Tom Owen,Practice,LG1 campaign,50%,NOT in forecast,,,2026-04-29,,,,,,,,,,,,,,,,,,,,,,,,,,,,,,,
Knowle Green Medical,,,List Growth,,18000,2026-05-28,New,Proposal Sent,New Opportunity,Tom Owen,Practice,LG1 campaign,10%,NOT in forecast,,,2026-04-29,,,,,,,,,,,,,,,,,,,,,,,,,,,,,,,
Spring House Surgery,,,List Growth,,18000,2026-05-29,New,Proposal Sent,New Opportunity,Cameron Booth,Practice,LG1 campaign,10%,NOT in forecast,,,,2026-05-07,,,,,,,,,Varsha,,,,varsha.heeroo@nhs.net,,DD,Monthly,Remote,,,,,,,,,,,,,
Rushey Mead Health Centre,,,List Growth,,18000,2026-05-29,New,Proposal Sent,New Opportunity,Cameron Booth,Practice,LG1 campaign,10%,NOT in forecast,,,2026-04-27,2026-05-01,,,,,,,,,David,,,,david.englefield@nhs.net,,DD,Monthly,Remote,,,,,,,,,,,,,
Park Medical Centre,,,List Growth,,18000,2026-05-29,New,Proposal Sent,New Opportunity,Cameron Booth,Practice,LG1 campaign,50%,NOT in forecast,,,2026-04-28,2026-04-28,,,,,,,,,Matthew,,,,matthew.berry@staffs.nhs.uk,,DD,Monthly,Remote,,,,,,,,,,,,,
Millfield Medical Group,,,List Growth,,18000,2026-06-01,New,Proposal Sent,New Opportunity,Tom Owen,Practice,LG1 campaign,10%,NOT in forecast,,,2026-04-29,,,,,,,,,,,,,,,,,,,,,,,,,,,,,,,
Sefton Park Medical Centre,,,List Growth,,18000,2026-06-01,New,Proposal Sent,New Opportunity,Tom Owen,Practice,LG1 campaign,50%,NOT in forecast,,,2026-05-06,,,,,,,,,,,,,,,,,,,,,,,,,,,,,,,
Belsize Priory,,,List Growth,,18000,2026-06-01,New,Proposal Sent,New Opportunity,Tom Owen,Practice,LG1 campaign,10%,NOT in forecast,,,2026-05-12,,,,,,,,,,,,,,,,,,,,,,,,,,,,,,,
Westlands Medical Centre,,,List Growth,,18000,2026-06-02,New,Proposal Sent,New Opportunity,Dillon Sykes,Practice,LG1 campaign,10%,NOT in forecast,,,2026-04-24,,,,,,,,,,,,,,daniel.stride1@nhs.net,,Invoice,Monthly,Remote,,,,,,,,,,,,,
St Martins Medical Centre,,,List Growth,,18000,2026-06-04,New,Proposal Sent,New Opportunity,Dillon Sykes,Practice,LG1 campaign,10%,NOT in forecast,,,2026-04-24,,,,,,,,,,Pooja Kalra,,,,,,Invoice,Monthly,Remote,,,,,,,,,,,,,
Densham Surgery,,,List Growth,,18000,2026-06-05,New,Proposal Sent,New Opportunity,Cameron Booth,Practice,LG1 campaign,10%,NOT in forecast,,,2026-04-27,2026-04-27,,,,,,,,,Nesin,,,,nesin.robson2@nhs.net,,DD,Monthly,Remote,,,,,,,,,,,,,
Ringmead Medical Group,,,List Growth,,18000,2026-06-06,New,Proposal Sent,New Opportunity,Tom Owen,Practice,LG1 campaign,10%,NOT in forecast,,,2026-04-29,,,,,,,,,,,,,,,,,,,,,,,,,,,,,,,
Woodcote Medical,,,List Growth,,18000,2026-06-09,New,Proposal Sent,New Opportunity,Tom Owen,Practice,LG1 campaign,10%,NOT in forecast,,,2026-04-29,,,,,,,,,,,,,,,,,,,,,,,,,,,,,,,
Molebridge Practice,,,List Growth,,18000,2026-06-09,New,Proposal Sent,New Opportunity,Tom Owen,Practice,LG1 campaign,10%,NOT in forecast,,,2026-05-12,,,,,,,,,,,,,,,,,,,,,,,,,,,,,,,
Prentis Medical Centre,,,List Growth,,18000,2026-06-17,New,Proposal Sent,New Opportunity,Tom Owen,Practice,LG1 campaign,10%,NOT in forecast,,,2026-04-29,,,,,,,,,,,,,,,,,,,,,,,,,,,,,,,
Sands End Health Clinic,,,List Growth,,18000,2026-06-17,New,Proposal Sent,New Opportunity,Tom Owen,Practice,LG1 campaign,10%,NOT in forecast,,,2026-04-29,,,,,,,,,,,,,,,,,,,,,,,,,,,,,,,
Maywood Surgery,,,List Growth,Patient Communications,18000,2026-06-22,New,Proposal Sent,New Opportunity,Cameron Booth,Practice,LG2 campaign,50%,In forecast,,,,2026-06-08,,,,,,,,,Tracey,,,,tracey.osborne3@nhs.net,,DD,Monthly,Remote,,,,,,,,,,,,,
The Grove Medical Practice,,,List Growth,,18000,2026-06-22,New,Advanced Discussion,New Opportunity,Tom Owen,Practice,LG1 campaign,10%,NOT in forecast,,,2026-05-29,,,,,,,,,,,,,,,,,,,,,,,,,,,,,,,
Tooting South Medical Centre,,,List Growth,,18000,2026-06-22,New,Advanced Discussion,New Opportunity,Tom Owen,Practice,LG1 campaign,10%,NOT in forecast,,,2026-05-29,,,,,,,,,,,,,,,,,,,,,,,,,,,,,,,
Barlow Medical Centre,,,List Growth,,18000,2026-06-30,New,Proposal Sent,New Opportunity,Dillon Sykes,Practice,LG1 webinar,10%,NOT in forecast,,luke.bowen4@nhs.net,2026-04-27,2026-04-17 09:00,,,,,,,,,,,,jacqueline.stewart-martin,jacqueline.stewart-martin@nhs.net,,,,,,,,,,,,,,,,,
Ellison View Surgery,,,List Growth,Patient Communications,18000,2026-07-21,New,Proposal Sent,New Opportunity,Tom Owen,Practice,LG1 campaign,10%,NOT in forecast,,,2026-05-06,,,,,,,,,,,,,,,,,,,,,,,,,,,,,,,
James Wigg Practice,,,List Growth,,7200,2026-05-29,New,Proposal Sent,New Opportunity,Cameron Booth,Practice,LG1 webinar,10%,NOT in forecast,,,2026-04-28,2026-04-27,,,,,,,,,Qaes,,,,qaes.rustame@nhs.net,,DD,Monthly,Remote,,,,,,,,,,,,,
Warwick House Medical Practice,,,List Growth,,9000,2026-05-29,New,Proposal Sent,New Opportunity,Cameron Booth,Practice,LG1 campaign,10%,NOT in forecast,,,2026-04-27,2026-04-20,,,,,,,,,Sian,,,,sian.mara@nhs.net,,DD,Monthly,Remote,,,,,,,,,,,,,
Beckett House Practice,,,List Growth,,9000,2026-05-29,New,Proposal Sent,New Opportunity,Cameron Booth,Practice,LG1 campaign,10%,NOT in forecast,,,2026-04-28,2026-04-28,,,,,,,,,Sandra,,,,sandraconnolly@nhs.net,,DD,Monthly,Remote,,,,,,,,,,,,,
Sale PCN,,,DTMS,,12500,2026-06-01,Renewal,Advanced Discussion,New Opportunity,Dillon Sykes,PCN,Existing customer relations,10%,NOT in forecast,,,2026-01-16,2026-04-17,,,,,,,,will happen,,,,,,,Invoice,,,,,,,,,,,,,,,
Breckland Alliance PCN  Deal,,,Income Gen,,1000,2026-06-08,New,Initial Discussion,New Opportunity,Tom Owen,PCN,Marketing campaign,10%,NOT in forecast,,,2024-09-30,2025-04-14,2025-04-14,,,,,,,,,,,,,,,,,,,,,,,,,,,,,
Grand Union PCN D&T Hub,,,Income Gen,,1000,2026-06-08,New,Initial Discussion,New Opportunity,Tom Owen,PCN,Existing customer relations,10%,NOT in forecast,,,2025-03-31,2025-02-10,2025-04-21,,,,,,,,,,,,,,,,,,,,,,,,,,,,,
Inclusive PCN (Practice Pilot),,,Income Gen,,15000,2026-06-08,New,Advanced Discussion,New Opportunity,Tom Owen,PCN,Marketing campaign,10%,NOT in forecast,,,2025-08-01,,,,,,,,,,,,,,,,,,,,,,,,,,,,,,,
Fenland PCN,,,SMMS,,300,2026-06-17,New,Initial Discussion,New Opportunity,Richard Stoddart,PCN,Existing customer relations,10%,NOT in forecast,,m.williams49@nhs.net,2026-03-24,,2026-06-26,,,,,2026-04-01,2027-04-01,,Mark Williams,,,Mark Williams,m.williams49@nhs.net,,DD,Monthly,Remote,,,,,,,,,,,,,
The Haven Surgery,,,List Growth,,9000,2026-06-30,New,Proposal Sent,New Opportunity,Dillon Sykes,Practice,LG2 webinar,10%,NOT in forecast,,,2026-06-26,,,,,,,,,,,,,,,,,,,,,,,,,,,,,,,
Wonersh Surgery,,,SMMS,Patient Communications,500,2026-07-08,Renewal,Initial Discussion,New Opportunity,Richard Stoddart,Practice,,10%,NOT in forecast,,carolinebrown6@nhs.net,2026-07-01,,2026-07-17,,,,,,,,,,,,,,,,,,,,,,,,,,,,,
Hillview Medical Centre,,,Social Media List Growth,Patient Communications,6000,2026-07-21,New,Proposal Sent,New Opportunity,Cameron Booth,Practice,LG1 webinar,50%,In forecast,,,2026-04-27,2026-04-21,,,,,,2026-07-16,2027-07-16,,Jackie Stockill,,,Jackie Stockill,jacqueline.stockill@nhs.net,"3 Heathside Road
Woking
Surrey
GU22 7QP",DD,Monthly,Remote,,,,,,,,,,,,,
The Bloomsbury Surgery,,,SMMS,Patient Communications,720,2026-07-21,New,Initial Discussion,New Opportunity,Richard Stoddart,Practice,Personal email campaign,50%,In forecast,,liam.day2@nhs.net,2025-08-01,,2026-07-31,,,,,,,,,,,,,,DD,Monthly,Remote,,,,,,,,,,,,,
SMD Pharmacy,,,Pharmacy SMMS,Patient Communications,600,2026-07-21,Renewal,Initial Discussion,New Opportunity,Richard Stoddart,Pharmacy,Personal email campaign,50%,In forecast,,smdpharmacy@hotmail.com,2026-07-14,,2026-07-24,,,,,2025-07-07,2026-07-05,,SMD Pharmacy,,,Harrison Perrin,smdpharmacy@hotmail.com,"Basement Medical Centre, St Brannocks Road, Devon, EX34 8EG",Invoice,Monthly,Remote,,,,,,,,,,,,,
Doncaster Central PCN,,,SMMS,Patient Communications,2400,2026-08-31,New,Initial Discussion,New Opportunity,Richard Stoddart,PCN,Existing customer relations,10%,NOT in forecast,,tina.hope@nhs.net,2025-12-15,,2026-06-01,,,,,2026-05-29,2027-05-28,,Tina Hope,,,Tina Hope,tina.hope@nhs.net,,Invoice,Annual,Remote,,,,,,,,,,,,,
Cheam GP Centre,,,List Growth,Patient Communications,18000,2026-07-22,New,Proposal Sent,Closed Lost,Tom Owen,Practice,LG2 campaign,10%,NOT in forecast,,,2026-06-22,,,,,,,,,,,,,,,,,,,,,,,,,,,,,,,
Hyndburn Central PCN  renewal,,,DTMS,Digital & Transformation,24000,2026-07-22,Renewal,Advanced Discussion,Closed Lost,Dillon Sykes,PCN,Existing customer relations,50%,In forecast,,,2026-01-16,2025-01-27,,,,,,2024-07-01,2024-06-30,unlikely,Hyndburn Central PCN,,,,,,Invoice,Monthly,,,,,,,2025-04-22,,,,,,,
PCN 5,,,SMMS,Patient Communications,4000,2026-08-31,New,Proposal Sent,Contract Sent,Richard Stoddart,Practice,Social Media,80%,In forecast,,sarah.rhodes@bradford.nhs.uk,2026-05-01,,2026-07-24,,,,,,,,,,,,,,,,,,,,,,,,,,,,,
Fernbank Surgery - Managed Recall Service,,,Managed Recall,Digital & Transformation,51000,2026-07-28,New,Proposal Sent,Closed Lost,Dillon Sykes,Practice,Website,50%,In forecast,,,2026-07-07,,,,,,,,,,Steph Sweeney,,,,,,Invoice,Monthly,Remote,,,,,,,,,,,,,
Dr Matt Teesdale,,,AI,Patient Communications,440,2026-10-31,Renewal,Initial Discussion,New Opportunity,Richard Stoddart,Practice,BP Birmingham,10%,NOT in forecast,,,2026-04-29,,2026-08-01,,,,,,,,Penistone Group Practice,,,Dr Matthew Teesdale,teesdale81@gmail.com,"Penistone Group Practice
19 High Street, Penistone, S36 6BR",Invoice,Annual,Remote,,,,,,,,,,,,,
Blackthorn Health Centre,,,SMMS/AI,Patient Communications,440,2026-12-31,Renewal,Initial Discussion,New Opportunity,Richard Stoddart,Practice,Local Event,50%,In forecast,,,2026-04-29,,2026-08-01,,,,,,,,Jennie Dock,,,Zoe Kynes,hiowicb-hsi.hvhfinance@nhs.net,"Centre
Satchell Lane Southampton SO31 4NQ",Invoice,One off,Remote,,,,,,,,,,,,,
Weeping Cross Health Centre,,,AI,Patient Communications,1440,2026-10-31,Renewal,Initial Discussion,New Opportunity,Richard Stoddart,Practice,BP Birmingham,10%,In forecast,,gareth.edwards@staffs.nhs.uk,2026-04-29,,2026-08-01,,,,,,,,,,,,,,,,,,,,,,,,,,,,,
Mercheford House,,,List Growth,Patient Communications,30000,2026-07-29,New,Proposal Sent,Closed Lost,Tom Owen,Practice,LG1 campaign,10%,NOT in forecast,,,2026-06-08,,,,,,,,,,,,,,,,,,,,,,,,,,,,,,,
Darwen Healthcare,,,List Growth,Patient Communications,24000,2026-08-03,New,Proposal Sent,Closed Lost,Cameron Booth,Practice,LG1 webinar,50%,In forecast,,,2026-04-27,2026-04-23,,,,,,,,,Qashuf,,,,qashuf.hussain@nhs.net,,DD,Monthly,Remote,,,,,,,,,,,,,
Botolph Bridge Community Health Centre,,,SMMS,Patient Communications,1200,2026-08-31,New,Advanced Discussion,Contract Sent,Richard Stoddart,Practice,Existing customer relations,10%,NOT in forecast,,casey.harding@nhs.net,2026-05-26,,,,,,,,,,,,,,,,,,,,,,,,,,,,,,,
Jai Medical,,,SMMS,Patient Communications,240,2026-08-31,Renewal,Initial Discussion,New Opportunity,Richard Stoddart,Practice,Social Media,10%,NOT in forecast,,suresh.vaghela@nhs.net,2026-05-26,,2026-08-07,,,,,,,,,,,,,,,,,,,,,,,,,,,,,
Burton Latimer Medical Centre,,,List Growth,Patient Communications,18000,2026-08-20,New,Proposal Sent,Closed Lost,Cameron Booth,Practice,LG2 webinar,50%,In forecast,,,2026-08-06,2026-07-24,,,,,,,,,,,,,,,DD,Monthly,Remote,,,,,,,,,,,,,
Branch End Surgery,,,SMMS/AI,Patient Communications,750,2026-10-31,New,Proposal Sent,New Opportunity,Richard Stoddart,Practice,Webinar,10%,NOT in forecast,,alexandra.storey5@nhs.net,2026-08-04,,2026-09-04,,,,,,,,,,,,,,,,,,,,,,,,,,,,,
Littleborough GP practice,,,List Growth,Patient Communications,18000,2026-09-01,New,Proposal Sent,Closed Lost,Dillon Sykes,Practice,LG2 campaign,10%,NOT in forecast,,,2026-07-14,,,,,,,,,,,,,,,,,,,,,,,,,,,,,,,
Derby Medical Centre,,,List Growth,Patient Communications,18000,2026-09-01,New,Proposal Sent,Closed Lost,Cameron Booth,Practice,LG2 webinar,50%,,,,,2026-09-01,,,,,,,,,,,,,,,DD,Monthly,Remote,,,,,,,,,,,,,
Sheen Surgery,,,List Growth,Patient Communications,18000,2026-09-01,New,Proposal Sent,Closed Lost,Tom Owen,Practice,LG2 campaign,10%,NOT in forecast,,,2026-06-22,,,,,,,,,,,,,,,,,,,,,,,,,,,,,,,
Colindale Medical Centre,,,List Growth,Patient Communications,30000,2026-09-01,New,Proposal Sent,Closed Lost,Tom Owen,Practice,LG2 campaign,10%,NOT in forecast,,,2026-06-22,,,,,,,,,,,,,,,,,,,,,,,,,,,,,,,
Lambeth Walk Group Practice,,,List Growth,Patient Communications,9000,2026-09-01,New,Proposal Sent,Closed Lost,Tom Owen,Practice,LG2 campaign,10%,NOT in forecast,,patricia.pyl@nhs.net,2026-07-30,,,,,,,,,,,,,,,,,,,,,,,,,,,,,,,
Allendale Road Surgery,,,List Growth,Patient Communications,18000,2026-09-01,New,Proposal Sent,Closed Lost,Tom Owen,Practice,LG2 campaign,10%,NOT in forecast,,,2026-08-06,,,,,,,,,,,,,,,,,,,,,,,,,,,,,,,
Sunderland GP Alliance,,,SMMS/AI,Patient Communications,1,2026-10-31,New,Proposal Sent,New Opportunity,Richard Stoddart,GP Federation,Webinar,10%,NOT in forecast,,joshua.stoddart@nhs.net,2026-08-04,,2026-09-03,,,,,,,,,,,,,,,,,,,,,,,,,,,,,
